DrugBank ID,Name,Description,Type,Groups,Indication,Pharmacodynamics,Mechanism of Action,Targets,Matched_Identifier,Matched_Gene_Symbol,Matched_Gene_Name,Relation,Enzymes,Transporters,Pathways,ATC Codes,SNOMED/MeSH/CAS IDs,UMLS_ID
DB00028,Human immunoglobulin G,"Intravenous immunoglobulin (IVIg) is a mixture of IgG1 and other antibodies derived from healthy human plasma via Cohn fractionation. The purification process includes cold alcohol fractionation, polyethylene glycol precipitation, and ion exchange chromatography. IVIg contains the same distribution of IgG antibody subclasses as is found in the general human population. IgG subclasses are fully represented in the following proportions: 70.3% IgG1, 24.7% IgG2, 3.1% IgG3, and 1.9% IgG4. IVIg is used in the treatment of immunodeficiencies, as well as autoimmune and inflammatory disorders.",biotech,approved; investigational,"Human immunoglobulin G is indicated for the following conditions:

### Primary Immunodeficiency
- for the treatment of primary immunodeficiency in adult and pediatric patients[L39920, L39930, L39935, L39940, L39945, L39950, L39955, L39960, L39965, L39975, L39980, L40029, L40034, L40044]
- in combination with [hyaluronidase (human recombinant)] for the treatment of primary immunodeficiency in patients ≥2 years of age.[L42760]

### Immune Thrombocytopenic Purpura (ITP)
- for the treatment of acute or chronic immune thrombocytopenic purpura in adult and pediatric patients[L39940, L39950, L39960, L39965, L39970, L39975, L39980]

### Chronic Inflammatory Demyelinating Polyneuropathy (CIDP)
- for the treatment of CIDP in adult patients[L39955, L39965, L39975, L39980, L40034]
- in combination with hyaluronidase (human recombinant) as a maintenance therapy in adults with chronic inflammatory demyelinating polyneuropathy (CIDP)[L40039]

### Multifocal Motor Neuropathy (MMN)
- for maintenance therapy to improve muscle strength and disability in adult patients with MMN[L39955]

### Prophylaxis of Bacterial Infection
- for the prevention of bacterial infections in patients with hypogammaglobulinemia and/or B-cell chronic lymphocytic leukemia[L39960]

### Coronary Artery Aneurysm Associated With Kawasaki Syndrome
- for the prevention of coronary artery aneurysms in pediatric patients with Kawasaki syndrome[L39960]

### Dermatomyositis
- for the treatment of dermatomyositis in adult patients[L39970]
","Used as a replacement therapy in inherited humoral immunodeficiency disorders such as severe combined immunodeficiency syndrome, x-linked agammaglobulinemia, and Wiskott-Aldrich Syndrome. The immunoglobulins target, bind and kill bacterial cells as well as viral particles. IgG is the monomeric immunoglobulin of which there are four subclasses (IgG1, IgG2, IgG3 and IgG4) in differing abundances (66%, 23%, 7% and 4%). IgAs represent about 15% of the immunoglobulins in the blood. These target inhaled or ingested pathogens.","IVIg interacts with a number of different components of the immune system, including cytokines, complement, Fc receptors and several cell surface immunocompetent molecules. IVIg also impacts different effector cells of the immune system (B and T lymphocytes, dendritic cells, etc.) and regulates a wide range of genes. Its main mechanism of actions are believed to be Fc-dependent and F(ab')2-dependent. IVIg competitively blocks gamma Fc receptors, preventing the binding and ingestion of phagocytes and suppressing platelet depletion. IVIg contains a number of different antobodies, which prevent infection by attaching to the surface of invading pathogens and aiding in their disposal before they can infect cells. Antibodies remove pathogens via complement activation, agglutination or precipitation, pathogen receptor blocking, macrophage “tagging” or neutralization (via binding) of pathogen toxins. Intact IVIg and F(ab′)2 fragments of IVIg can also neutralize the activity of various autoantibodies. By triggering the production of interleukin-1 receptor antagonist, IVIg modulates of the production of cytokines and cytokine antagonists. It also prevents the generation of the C5b-9 membrane attack complex and subsequent complement-mediated tissue damage by binding active complement components.",HIGH AFFINITY IMMUNOGLOBULIN GAMMA FC RECEPTOR I; PUTATIVE HIGH AFFINITY IMMUNOGLOBULIN GAMMA FC RECEPTOR IB; LOW AFFINITY IMMUNOGLOBULIN GAMMA FC REGION RECEPTOR II-A; LOW AFFINITY IMMUNOGLOBULIN GAMMA FC REGION RECEPTOR II-B; LOW AFFINITY IMMUNOGLOBULIN GAMMA FC REGION RECEPTOR II-C; LOW AFFINITY IMMUNOGLOBULIN GAMMA FC REGION RECEPTOR III-A; LOW AFFINITY IMMUNOGLOBULIN GAMMA FC REGION RECEPTOR III-B; COMPLEMENT C3; COMPLEMENT C4-A; COMPLEMENT C4-B; COMPLEMENT C5,,,,DIRECT,,,,,CAS: 308067-58-5,
DB00215,Citalopram,"Citalopram is an antidepressant belonging to the class of selective _serotonin-reuptake inhibitors_ (SSRIs) widely used to treat the symptoms of depression. It is a racemic bicyclic phthalate derivate and is the only compound with a tertiary amine and 2 nitrogen-containing metabolites among all SSRIs.[A261316,A14720] Citalopram enhances serotonergic transmission through the inhibition of serotonin reuptake, and among all the SSRIs, citalopram appears to be the most selective toward serotonin reuptake inhibition.[A261316,A14720] Specifically, it has a very minimal effect on dopamine and norepinephrine transportation and virtually no affinity for muscarinic, histaminergic, or GABAergic receptors.[A261316]

Citalopram was approved by the FDA in 1998 for the treatment of depression in adults 18 years or older.[L5230]",small molecule,approved,"Citalopram is approved by the FDA for treating adults with major depressive disorder.[L47941] It has also been used off-label to treat various diseases, including but not limited to sexual dysfunction, ethanol abuse, psychiatric conditions such as obsessive-compulsive disorder (OCD), social anxiety disorder, panic disorder, and diabetic neuropathy.[L5224,A321,A322,A261296] ","Citalopram belongs to a class of antidepressants known as selective serotonin reuptake inhibitors (SSRIs). It has been found to relieve or manage symptoms of depression, anxiety, eating disorders and obsessive-compulsive disorder among other mood disorders. The antidepressant, anti-anxiety, and other actions of citalopram are linked to its inhibition of CNS central uptake of serotonin.[L47941] Serotonergic abnormalities have been reported in patients with mood disorders. Behavioral and neuropsychological effects of serotonin include the regulation of mood, perception, reward, anger, aggression, appetite, memory, sexuality, and attention, as examples. The onset of action for depression is approximately 1 to 4 weeks. The complete response may take 8-12 weeks after initiation of citalopram.[L5224]

 <i>In vitro</i> studies demonstrate that citalopram is a strong and selective inhibitor of neuronal serotonin reuptake and has weak effects on norepinephrine and dopamine central reuptake. The chronic administration of citalopram has been shown to downregulate central norepinephrine receptors, similar to other drugs effective in the treatment of major depressive disorder. Citalopram does not inhibit monoamine oxidase.[A325]","The mechanism of action of citalopram is unclear but is presumed to be related to potentiation of serotonergic activity in the central nervous system (CNS) resulting from its inhibition of CNS neuronal reuptake of serotonin (5-HT), potentially through the inhibition of the serotonin transporter (solute carrier family 6 member 4, _SLC6A4_).[L47941,A37688] 

Citalopram binds with significantly less affinity to histamine, acetylcholine, and norepinephrine receptors than tricyclic antidepressant drugs. Particularly, citalopram has no or very low affinity for 5-HT<sub>1A</sub>, 5-HT<sub>2A</sub>, dopamine D<sub>1</sub> and D<sub>2</sub>, α<sub>1</sub>-, α<sub>2</sub>-, and β-adrenergic, histamine H<sub>1</sub>, gamma aminobutyric acid (GABA), muscarinic cholinergic, and benzodiazepine receptors.[L47941]",SODIUM-DEPENDENT SEROTONIN TRANSPORTER; HISTAMINE H1 RECEPTOR,,,,DIRECT,Cytochrome P450 3A4; Cytochrome P450 2C19; Cytochrome P450 2D6; Cytochrome P450 1A2; Amine oxidase [flavin-containing] A; Amine oxidase [flavin-containing] B; Aldehyde oxidase,ATP-dependent translocase ABCB1,Citalopram Action Pathway; Citalopram Metabolism Pathway,N06AB04,CAS: 59729-33-8,C0008845
DB00313,Valproic acid,"Valproic acid, or valproate, is an fatty acid derivative and anticonvulsant originally synthesized in 1881 by Beverly S. Burton.[A178051] It enjoyed use as a popular organic solvent in industry and pharmaceutical manufacturing for nearly a century. In 1963, a serendipitous discovery was made by George Carraz during his investigations into the anticonvulsant effects of khelline when he found that all of his samples, dissolved in valproic acid, exerted a similar degree of anticonvulsive activity. It first received approval on February 28, 1978 from the FDA under the trade name Depakene.[L6190]

Since then, it has been investigated for neuroprotective, anti-manic, and anti-migraine effects. It is currently a compound of interest in the field of oncology for its anti-proliferative effects and is the subject of many clinical trials in a variety of cancer types.",small molecule,approved; investigational,"**Indicated** for:[Label] 

1) Use as monotherapy or adjunctive therapy in the management of complex partial seizures and simple or complex absence seizures. 

2) Adjunctive therapy in the management of multiple seizure types that include absence seizures. 

3) Prophylaxis of migraine headaches.

4) Acute management of mania associated with bipolar disorder.


**Off-label** uses include:
 
1) Maintenance therapy for bipolar disorder.[A177919]

2) Treatment for acute bipolar depression.[A177928,A177931,A177934]

3) Emergency treatment of status epilepticus.[A177955]","Valproate has been shown to reduce the incidence of complex partial seizures and migraine headaches.[FDA Label,A177841] It also improves symptom control in bipolar mania.[A178033] Although the exact mechanisms responsible are unknown, it is thought that valproate produces increased cortical inhibition to contribute to control of neural synchrony. It is also thought that valproate exerts a neuroprotective effect preventing damage and neural degeneration in epilepsy, migraines, and bipolar disorder.

Valproate is hepatotoxic and teratogenic. The reasons for this are unclear but have been attributed to the genomic effects of the drug.[A457]

A small proof-of concept study found that valproate increases clearance of human immunodeficiency virus (HIV) when combined with highly active antiretroviral therapy (HAART) by reactivating the virus to allow clearance, however, a larger multicentre trial failed to show a significant effect on HIV reservoirs when added to HAART.[A458,A177859] The FDA labeling contains a warning regarding HIV reactivation during valproate use.[label].","The exact mechanisms by which valproate exerts it's effects on epilepsy, migraine headaches, and bipolar disorder are unknown however several pathways exist which may contribute to the drug's action.

Valproate is known to inhibit succinic semialdehyde dehydrogenase.[A177991] This inhibition results in an increase in succinic semialdehyde which acts as an inhibitor of GABA transaminase ultimately reducing GABA metabolism and increasing GABAergic neurotransmission. As GABA is an inhibitory neurotransmitter, this increase results in increased inhibitory activity.[A457] A possible secondary contributor to cortical inhibition is a direct suppression of voltage gated sodium channel activity and indirect suppression through effects on GABA.

It has also been suggested that valproate impacts the extracellular signal-related kinase pathway (ERK).[A457] These effects appear to be dependent on mitogen-activated protein kinase (MEK) and result in the phosphorylation of ERK1/2. This activation increases expression of several downstream targets including ELK-1 with subsequent increases in c-fos, growth cone-associated protein-43 which contributes to neural plasticity, B-cell lymphoma/leukaemia-2 which is an anti-apoptotic protein, and brain-derived neurotrophic factor (BDNF) which is also involved in neural plasticity and growth. Increased neurogenesis and neurite growth due to valproate are attributed to the effects of this pathway. An additional downstream effect of increased BDNF expression appears to be an increase in GABA<sub>A</sub> receptors which contribute further to increased GABAergic activity.[A177997]

Valproate exerts a non-competitive indirect inhibitory effect on myo-inosital-1-phophate synthetase.[A178000] This results in reduced de novo synthesis of inositol monophosphatase and subsequent inositol depletion. It is unknown how this contributed to valproate's effects on bipolar disorder but [lithium] is known to exert a similar inositol-depleting effect.[A178003] Valproate exposure also appears to produce down-regulation of protein kinase C proteins (PKC)-α and -ε which are potentially related to bipolar disorder as PKC is unregulated in the frontal cortex of bipolar patients. This is further supported by a similar reduction in PKC with lithium.[A178015] The inhibition of the PKC pathway may also be a contributor to migraine prophylaxis.[A178018] Myristoylated alanine-rich C kinase substrate, a PKC substrate, is also downregulated by valproate and may contribute to changes in synaptic remodeling through effects on the cytoskeleton.[A178021]

Valproate also appears to impact fatty acid metabolism.[A457] Less incorporation of fatty acid substrates in sterols and glycerolipids is thought to impact membrane fluidity and result in increased action potential threshold potentially contributing to valproate's antiepileptic action.[A178024] Valproate has been found to be a non-competitive direct inhibitor of brain microsomal long-chain fatty acyl-CoA synthetase.[A14708] Inhibition of this enzyme decreases available arichidonyl-CoA, a substrate in the production of inflammatory prostaglandins. It is thought that this may be a mechanism behind valproate's efficacy in migraine prophylaxis as migraines are routinely treated with non-steroidal anti-inflammatory drugs which also inhibit prostaglandin production.

Finally, valproate acts as a direct histone deactylase (HDAC) inhibitor.[A178030] Hyperacetylation of lysine residues on histones promoted DNA relaxation and allows for increased gene transcription. The scope of valproate's genomic effects is wide with 461 genes being up or down-regulated.[A178027] The relation of these genomic effects to therapeutic value is not fully characterized however H3 and H4 hyperacetylation correlates with improvement of symptoms in bipolar patients.[A178033] Histone hyperacetylation at the BDNF gene, increasing BDNF expression, post-seizure is known to occur and is thought to be a neuroprotective mechanism which valproate may strengthen or prolong.[A178036] H3 hyperacetylation is associated with a reduction in glyceraldehyde-3-phosphate dehydrogenase, a pro-apoptotic enzyme, contributing further to valproate's neuroprotective effects.[A11814]","4-AMINOBUTYRATE AMINOTRANSFERASE, MITOCHONDRIAL; GLYCOGEN SYNTHASE KINASE-3 ALPHA; HISTONE DEACETYLASE 9; SHORT/BRANCHED CHAIN SPECIFIC ACYL-COA DEHYDROGENASE, MITOCHONDRIAL; 2-OXOGLUTARATE DEHYDROGENASE COMPLEX COMPONENT E1; SUCCINATE-SEMIALDEHYDE DEHYDROGENASE, MITOCHONDRIAL; SODIUM CHANNEL PROTEIN; HISTONE DEACETYLASE 2; PEROXISOME PROLIFERATOR-ACTIVATED RECEPTOR ALPHA; PEROXISOME PROLIFERATOR-ACTIVATED RECEPTOR DELTA; PEROXISOME PROLIFERATOR-ACTIVATED RECEPTOR GAMMA; HISTONE DEACETYLASE; CYCLIN-DEPENDENT KINASE INHIBITOR 1; HEPATOCYTE GROWTH FACTOR; ORNITHINE DECARBOXYLASE; PROGRAMMED CELL DEATH 1 LIGAND 1",,,,DIRECT,Cytochrome P450 2A6; Cytochrome P450 2B6; Cytochrome P450 2C9; Cytochrome P450 3A5; Prostaglandin G/H synthase 1; Cytochrome P450 1A2; Cytochrome P450 2C19; Cytochrome P450 3A4; UDP-glucuronosyltransferase 1A4; UDP-glucuronosyltransferase 1A8; UDP-glucuronosyltransferase 1A10; UDP-glucuronosyltransferase 1-6; UDP-glucuronosyltransferase 1A3; UDP-glucuronosyltransferase 2B7; UDP-glucuronosyltransferase 2B15; UDP-glucuronosyltransferase 1A9; UDP-glucuronosyltransferase 1A1,Solute carrier family 22 member 6; Organic anion transporter 3; Organic cation/carnitine transporter 2; Monocarboxylate transporter 1; Solute carrier family 22 member 7; Solute carrier organic anion transporter family member 2B1,Valproic Acid Metabolism Pathway,N03AG01,CAS: 99-66-1,C0042291
DB00334,Olanzapine,"Olanzapine is a thienobenzodiazepine classified as an atypical or second-generation antipsychotic agent.[A176996] The second-generation antipsychotics were introduced in the 90s and quickly gained traction due to their impressive efficacy, reduced risk for extrapyramidal side effects and reduced susceptibility to drug-drug interactions.[A177011] Olanzapine very closely resembles [clozapine] and only differs by two additional methyl groups and the absence of a chloride moiety.[T554] It was discovered by scientists at Eli Lilly and approved to be marketed in the US in 1996.[T548]",small molecule,approved; investigational,"Olanzapine was initially used orally and intramuscularly for the chronic treatment of schizophrenia in patients over 13 years old and other psychiatric disorders such as bipolar I disorder including mixed or manic episodes.[A177014] 

Olanzapine is also indicated, in combination with lithium or valproate for the short-term treatment of acute manic or mixed episodes associated with bipolar I disorder in adults.[FDA label]

As well, olanzapine is indicated, in combination with fluoxetine for the treatment of episodes of depression associated with bipolar disorder type 1 and treatment-resistant depression in patients over 10 years old.[A177014]

Olanzapine is also approved for the management of psychomotor agitation associated with schizophrenia and bipolar I mania.[FDA label]

Schizophrenia is a complex biochemical brain disorder that affects the person's ability to differentiate reality. It is usually observed as the presence of delusions, hallucinations, social withdrawal and disturbed thinking.[L5936]

Bipolar disorder is a mental health condition defined by periods of extreme mood disturbances. It is categorized in different types from which type 1 is known to involve episodes of severe mania and often depression while type 2 presents less severe forms of mania.[L5939]

Olanzapine is also indicated in combination with [samidorphan] for the treatment of bipolar I disorder, either as an adjunct to lithium or valproate or as monotherapy for the acute treatment of manic or mixed episodes or as maintenance therapy, and for the treatment of schizophrenia in adults.[L34359]","The effect of olanzapine in the D2 receptor is reported to produce the positive effects of this drug such as a decrease in hallucinations, delusions, disorganized speech, disorganized thought, and disorganized behavior. On the other hand, its effect on the serotonin 5HT2A receptor prevents the onset of anhedonia, flat affect, alogia, avolition and poor attention.[A177014] Based on the specific mechanism of action, olanzapine presents a higher affinity for the dopamine D2 receptor when compared to the rest of the dopamine receptor isotypes. This characteristic significantly reduces the presence of side effects.[T554]

Clinical trials for the original use of olanzapine demonstrated significant effectiveness in the treatment of schizophrenia and bipolar disorder in adults and acute manic or mixed episodes associated with bipolar disorder in adolescents.[A177008]

The effect of olanzapine on dopamine and serotonin receptors has been suggested to reduce chemotherapy-induced nausea and vomiting as those receptors are suggested to be involved in this process. For this effect, several clinical trials have been conducted and it has been shown that olanzapine can produce a significant increase in total control of nausea and vomiting.[A176993] In a high-level study of the effect of olanzapine for this condition, a complete response on the delay phase was observed in 84% of the individual and control of emesis of over 80% despite the phase.[A176999]","The activity of olanzapine is achieved by the antagonism of multiple neuronal receptors including the dopamine receptor D1, D2, D3 and D4 in the brain, the serotonin receptors 5HT2A, 5HT2C, 5HT3 and 5HT6, the alpha-1 adrenergic receptor, the histamine receptor H1 and multiple muscarinic receptors.[A176993, A176999]

As abovementioned, olanzapine presents a wide profile of targets, however, its antagonistic effect towards the dopamine D2 receptor in the mesolimbic pathway is key as it blocks dopamine from having a potential action at the post-synaptic receptor. The binding of olanzapine to the dopamine D2 receptors is easily dissociable and hence, it allows for a certain degree of dopamine neurotransmission.[A177014]

On the other hand, olanzapine acts in the serotonin 5HT2A receptors in the frontal cortex in a similar manner than the reported on dopamine D2 receptors. This determined effect allows for a decrease in adverse effects.[A177014]",5-HYDROXYTRYPTAMINE RECEPTOR 2A; D(2) DOPAMINE RECEPTOR; D(1A) DOPAMINE RECEPTOR; D(1B) DOPAMINE RECEPTOR; D(3) DOPAMINE RECEPTOR; D(4) DOPAMINE RECEPTOR; 5-HYDROXYTRYPTAMINE RECEPTOR 2C; 5-HYDROXYTRYPTAMINE RECEPTOR 3A; 5-HYDROXYTRYPTAMINE RECEPTOR 6; HISTAMINE H1 RECEPTOR; ALPHA-1A ADRENERGIC RECEPTOR; ALPHA-1B ADRENERGIC RECEPTOR; MUSCARINIC ACETYLCHOLINE RECEPTOR M1; MUSCARINIC ACETYLCHOLINE RECEPTOR M2; MUSCARINIC ACETYLCHOLINE RECEPTOR M3; MUSCARINIC ACETYLCHOLINE RECEPTOR M4; D(1) DOPAMINE RECEPTOR; BETA ADRENERGIC RECEPTOR; 5-HYDROXYTRYPTAMINE RECEPTOR 1; GABA(A) RECEPTOR BENZODIAZEPINE BINDING SITE,MUSCARINIC ACETYLCHOLINE RECEPTOR M3,CHRM3,CHOLINERGIC RECEPTOR MUSCARINIC 3,DIRECT,Cytochrome P450 1A2; Cytochrome P450 2D6; Flavin-containing monooxygenase 3; Cytochrome P450 2C19; Cytochrome P450 2C9; UDP-glucuronosyltransferase 1A4; Cytochrome P450 3A4; Cytochrome P450 3A Subfamily,ATP-dependent translocase ABCB1,,N05AH53; N05AH03,CAS: 132539-06-1,C0171023
DB00422,Methylphenidate,"Methylphenidate is a central nervous system stimulant used most commonly in the treatment of Attention-Deficit/Hyperactivity Disorder (ADHD) and for narcolepsy. Also known as the marketed products Ritalin, Concerta, or Biphentin, methylphenidate is used with other treatment modalities (psychological, educational, cognitive behaviour therapy, etc) to improve the following group of developmentally inappropriate symptoms associated with ADHD: moderate-to-severe distractibility, short attention span, hyperactivity, emotional lability, and impulsivity. Long-acting formulations of psychostimulants such as methylphenidate, [DB01576], and [DB01255] are considered the most effective and widely used treatment for ADHD, and are considered first-line options for children, adolescents, and adults as recommended by CADDRA (Canadian ADHD Resource Alliance). [L6037] CADDRA recommends the use of methylphenidate due to long term studies, of over twenty years in duration, which show methylphenidate is safe and effective.  

While its exact mechanism is unclear, methylphenidate (MPH) has been shown to act as a norepinephrine and dopamine reuptake inhibitor (NDRI), thereby increasing the presence of these neurotransmitters in the extraneuronal space and prolonging their action.[A177541] There is a dose-related effect of psychostimulants on receptor stimulation, where higher doses are shown to increase norepinephrine (NE) and dopamine (DA) efflux throughout the brain which can result in impaired cognition and locomotor-activating effects. In contrast, low doses are found to selectively activate NE and DA neurotransmission within the prefrontal cortex which is an area of the brain thought to play a prominent role in ADHD pathophysiology, thereby improving clinical efficacy and preventing side effects.[A177547] The lower doses used to treat ADHD are not associated with the locomotor-activating effects associated with higher doses and instead reduce movement, impulsivity, and increase cognitive function including sustained attention and working memory.[A177541, A177544] Methylphenidate's beneficial effects in sustaining attention have also been shown to be mediated by alpha-1 adrenergic receptor activity.[A177550] Clinical findings have shown that children with ADHD have an abnormality in the dopamine transporter gene (DAT1), the D4 receptor gene (DRD-4), and/or the D2 receptor gene that may be at least partly overcome by the dopaminergic effects of methylphenidate, suggesting a possible mode of action.[F4474]

When provided as Biphentin®, methylphenidate is released through a multi-layer release delivery system (MLRTM) where 40% of the dose is provided as an immediate release and 60% is provided through a gradual release. Biphentin was designed to be an alternative to separate doses of immediate-release (IR) methylphenidate by providing a biphasic concentration-time profile when given as a single dose. The MLRTM release system allows for a sustained effect for 10-12 hours, allowing for once-daily dosing that covers the major times that ADHD impairment might occur (such as school, homework periods, during the work day, etc).

When provided as Concerta®, methylphenidate is released through the patented Osmotic Controlled-Release Oral Delivery (OROS) system where 22% of the dose is provided as an immediate release and 78% is provided through a gradual release.[A631] OROS is comprised of an osmotically active trilayer core surrounded by a semipermeable membrane with an immediate-release drug overcoat. Within an aqueous environment, such as the stomach, the drug overcoat, which consists of 22% of the dose, dissolves within one hour, providing an initial immediate-release formulation of methylphenidate. Water then permeates through the membrane into the tablet core where the osmotically active polymer excipients expand, allowing methylphenidate to release slowly through the orifice over a period of 6-7 hours. Concerta also provides a sustained 10-12 hour effect, allowing for once-daily dosing.

Methylphenidate contains a blackbox warning stating that CNS stimulants, including methylphenidate-containing products and amphetamines, have a high potential for abuse and dependence. This abuse potential is likely related to the effects associated with higher doses of methylphenidate, which induce surface expression of the dopamine transporter (DAT).[A177553] In particular, increased dopamine in key brain areas is associated with the reinforcing and addictive properties of psychostimulants such as methylphenidate, and even amplifies the potency and reinforcing effects of other drugs of abuse such as amphetamines, making ADHD sufferers more susceptible to their addictive effects.[A177556] Concerns about abuse potential have spurred research into medications with fewer effects on DAT and the use of non-stimulant ADHD medications including [DB00289] and [DB01018].",small molecule,approved; investigational,Methylphenidate is indicated for the treatment of Attention Deficit Hyperactivity Disorder (ADHD) in patients 6 years of age and older and for the treatment of narcolepsy.,"Methylphenidate is a racemic mixture comprised of the d- and l-isomers. The d-isomer is more pharmacologically active than the l-isomer. Radioligand binding studies demonstrate that binding of methylphenidate in the brain is localized to dopamine-rich areas, in particular in the prefrontal cortex which has been demonstrated to play a prominent role in ADHD pathophysiology.[A177547] In a number of animal models, methylphenidate enhances locomotor activity and induces stereotypic behaviours. ","While its exact mechanism is unclear, methylphenidate (MPH) has been shown to act as a norepinephrine and dopamine reuptake inhibitor (NDRI), thereby increasing the presence of these neurotransmitters in the extraneuronal space and prolonging their action.[A177541] There is a dose-related effect of psychostimulants on receptor stimulation, where higher doses are shown to increase norepinephrine (NE) and dopamine (DA) efflux throughout the brain which can result in impaired cognition and locomotor-activating effects. In contrast, low doses are found to selectively activate NE and DE neurotransmission within the prefrontal cortex which is an area of the brain thought to play a prominent role in ADHD pathophysiology, thereby improving clinical efficacy and preventing side effects.[A177547] The lower doses used to treat ADHD are not associated with the locomotor-activating effects associated with higher doses and instead reduce movement, impulsivity, and increase cognitive function including sustained attention and working memory.[A177541, A177544] Methylphenidate's beneficial effects in sustaining attention have also been shown to be mediated by alpha-1 adrenergic receptor activity.[A177550]

Clinical findings have shown that children with ADHD have an abnormality in the dopamine transporter gene (DAT1), the D4 receptor gene (DRD-4), and/or the D2 receptor gene that may be at least partly overcome by the dopaminergic effects of methylphenidate, suggesting a possible mode of action.[F4474]",SODIUM-DEPENDENT DOPAMINE TRANSPORTER; 5-HYDROXYTRYPTAMINE RECEPTOR 1A; SODIUM-DEPENDENT NORADRENALINE TRANSPORTER,,,,DIRECT,Carboxylesterase,,,N06BA04,CAS: 113-45-1,C0025810
DB00472,Fluoxetine,"Fluoxetine is a 2nd generation antidepressant categorized as a selective serotonin reuptake inhibitor (SSRI).[A181673] It gained FDA approval in 1987 and although it was initially intended for the treatment of depression, today it is commonly prescribed to manage depression in addition to various other pathologies.[L7721]",small molecule,approved; vet_approved,"Fluoxetine is indicated for both acute and maintenance treatment of major depressive disorder, obsessive compulsive disorder, and bulimia nervosa; however, it is only indicated for acute treatment of panic disorder independent of whether agoraphobia is present.[L7664] Fluoxetine may also be used in combination with olanzapine to treat depression related to Bipolar I Disorder, and treatment resistant depression.[L7664] Fluoxetine is additionally indicated for the treatment of female patients with premenstrual dysphoric disorder (PMDD).[L40833]","Fluoxetine blocks the serotonin reuptake transporter in the presynaptic terminal, which ultimately results in sustained levels of 5-hydroxytryptamine (5-HT) in certain brain areas.[L7721] However, fluoxetine binds with relatively poor affinity to 5-HT, dopaminergic, adrenergic, cholinergic, muscarinic, and histamine receptors which explains why it has a far more desirable adverse effect profile compared to earlier developed classes of antidepressants such as tricyclic antidepressants.[L7721][A181673] ","The monoaminergic hypothesis of depression emerged in 1965 and linked depression with dysfunction of neurotransmitters such as noradrenaline and serotonin.[L7721] Indeed, low levels of serotonin have been observed in the cerebrospinal fluid of patients diagnosed with depression.[A181793] As a result of this hypothesis, drugs that modulate levels of serotonin such as fluoxetine were developed.[L7721]

Fluoxetine is a selective serotonin reuptake inhibitor (SSRI) and as the name suggests, it exerts it's therapeutic effect by inhibiting the presynaptic reuptake of the neurotransmitter serotonin.[A181673] As a result, levels of 5-hydroxytryptamine (5-HT) are increased in various parts of the brain.[L7721] Further, fluoxetine has high affinity for 5-HT transporters, weak affinity for noradrenaline transporters and no affinity for dopamine transporters indicating that it is 5-HT selective.[L7721]

Fluoxetine interacts to a degree with the 5-HT<sub>2C</sub> receptor and it has been suggested that through this mechanism, it is able to increase noradrenaline and dopamine levels in the prefrontal cortex.[L7721]",SODIUM-DEPENDENT SEROTONIN TRANSPORTER; 5-HYDROXYTRYPTAMINE RECEPTOR 2C; NEURONAL ACETYLCHOLINE RECEPTOR SUBUNIT ALPHA-2; NEURONAL ACETYLCHOLINE RECEPTOR SUBUNIT ALPHA-3; NEURONAL ACETYLCHOLINE RECEPTOR SUBUNIT BETA-4; CYCLIN-DEPENDENT KINASES REGULATORY SUBUNIT 1; VOLTAGE-GATED INWARDLY RECTIFYING POTASSIUM CHANNEL KCNH2,,,,DIRECT,Cytochrome P450 2B6; Cytochrome P450 3A5; Cytochrome P450 2C9; Cytochrome P450 2D6; CYP2B protein; Cytochrome P450 1A2; Cytochrome P450 3A4; Cytochrome P450 2C19,ATP-dependent translocase ABCB1,Fluoxetine Metabolism Pathway; Fluoxetine Action Pathway,N06CA03; N06AB03,CAS: 54910-89-3,C0016365
DB00490,Buspirone,"Buspirone is a novel anxiolytic agent with a unique structure and a pharmacological profile. Belonging to the azaspirodecanedione drug class,[A180991] buspirone is a serotonin 5-HT<sub>1A</sub> receptor agonist that is not chemically or pharmacologically related to benzodiazepines, barbiturates, and other sedative/anxiolytic drugs.[L4478] Unlike many drugs used to treat anxiety, buspirone does not exhibit anticonvulsant, sedative, hypnotic, and muscle-relaxant properties. Due to these characteristics, buspirone been termed 'anxioselective'.[A180985] First synthesized in 1968 then patented in 1975,[L7375] it is commonly marketed under the brand name Buspar®. Buspirone was first approved in 1986 by the FDA [A181751] and has been used to treat anxiety disorders, such as generalized anxiety disorder (GAD), and relieve symptoms of anxiety. It has also been used as a second-line therapy for unipolar depression when the use of selective serotonin reuptake inhibitors (SSRIs) is deemed clinically inadequate or inappropriate.[L7375] The potential use of buspirone in combination with [melatonin] in depression and cognitive impairment via promoting neurogenesis has also been investigated.[A181751]",small molecule,approved; investigational,Indicated for the management of anxiety disorders or the short-term relief of the symptoms of anxiety.[L4478],"The clinical effect of buspirone in alleviating the symptoms of generalized anxiety disorders typically takes 2 to 4 weeks to achieve.[L7375] The delayed onset of action of buspirone suggests that the therapeutic effectiveness in generalized anxiety may involved more than its molecular mechanism of action at the 5-HT<sub>1A</sub> receptors,[T28] or buspirone may induce adaptations of 5-HT<sub>1A</sub> receptors.[L7375] Buspirone was not shown to alter the psychomotor or cognitive function in healthy volunteers, and the risk of developing sedation is relatively low compared to other anxiolytics, such as benzodiazepines.[A180985] Unlike benzodiazepines and barbiturates used in anxiety disorders, buspirone is not associated with a risk for developing physical dependence or withdrawal, or any significant interaction with central nervous system depressants such as ethanol. This is due to the lack of effects on GABA receptors.[A180985,L7375] Buspirone also does not exhibit any anticonvulsant or muscle-relaxing properties,[A182309] but may interfere with arousal reactions due to its inhibitory action on the aactivity of noradrenergic locus coerulus neurons.[T28]

Despite its clinical effectiveness in generalized anxiety, buspirone demonstrated limited clinical effectiveness on panic disorders, severe anxiety, phobias, and obsessive compulsive disorders.[A181751,T28] The clinical effectiveness of the long-term use of buspirone, for more than 3 to 4 weeks, has not demonstrated in controlled trials but there were no observable significant adverse events in patients receiving buspirone for a year in a study of long-term use.[L4478]","The therapeutic action of buspirone in generalized anxiety disorders is thought to be mainly derived from its interaction with two major 5-HT<sub>1A</sub> receptor subtypes that are involved in the brain's anxiety and fear circuitry to enhance the serotonergic activity in these brain areas.[L7375] Buspirone acts as a full agonist at presynaptic 5-HT<sub>1A</sub> receptors, or 5-HT<sub>1A</sub> autoreceptors, expressed at dorsal raphe while acting as a partial agonist at the postsynaptic 5-HT<sub>1A</sub> receptors expressed on hippocampus and cortex.[A182315,A182420] 5-HT<sub>1A</sub> receptors function as inhibitory autoreceptors by being expressed on the soma or dendrites of serotonergic neurons or mediate postsynaptic actions of 5-HT by being highly expressed on the corticolimbic circuits.[T28] They are inhibitory G-protein coupled receptors that couple to Gi/Go proteins. When activated, presynaptic 5-HT<sub>1A</sub> autoreceptors causes neuron hyperpolarization and reduces the firing rate of the serotonergic neuron, thereby decreasing extracellular 5-HT levels in the neuron's projection areas. Activated postsynaptic 5-HT<sub>1A</sub> receptors promote hyperpolarization to released 5-HT on pyramidal neurons.[A182420] 

The anxiolytic action of buspirone is mainly thought to arise from the interaction at presynaptic 5-HT<sub>1A</sub> autoreceptors. Acting as a potent agonist in these receptors, buspirone initially causes activation of these autoreceptors and inhibition of 5-HT release. It is proposed that buspirone induces desensitization of somatodendritic autoreceptors over time, which may explain the delayed onset of action of the drug. Desensitization of the autoreceptors ultimately results in heightened excitation of serotonergic neurons and enhanced 5-HT release.[T28] Buspirone also displays a weak affinity for serotonin 5HT2 receptors and acts as a weak antagonist on dopamine D2 autoreceptors,[L7375] although there is not much evidence that the action at these receptors contribute to the anxiolytic effect of buspirone.[A182312] It acts as an antagonist at presynaptic dopamine D3 and D4 receptors and may bind to alpha-1 adrenergic receptors as a partial agonist.[A181751]",5-HYDROXYTRYPTAMINE RECEPTOR 1A; D(2) DOPAMINE RECEPTOR; D(3) DOPAMINE RECEPTOR; D(4) DOPAMINE RECEPTOR; ALPHA-1 ADRENERGIC RECEPTORS,,,,DIRECT,Cytochrome P450 3A4; Cytochrome P450 3A5; Cytochrome P450 3A7; Cytochrome P450 2D6,ATP-dependent translocase ABCB1,,N05BE01,CAS: 36505-84-7,C0006462
DB00734,Risperidone,"Risperidone is a second-generation antipsychotic (SGA) medication used in the treatment of a number of mood and mental health conditions including schizophrenia and bipolar disorder.[L12885] It is one of the most widely used SGAs. [Paliperidone], another commonly used SGA, is the primary active metabolite of risperidone (i.e. 9-hydroxyrisperidone).[L12885]

Schizophrenia and various mood disorders are thought to be caused by an excess of dopaminergic D2 and serotonergic 5-HT2A activity, resulting in overactivity of central mesolimbic pathways and mesocortical pathways, respectively. Risperidone is thought to reduce this overactivity through inhibition of dopaminergic D2 receptors and serotonergic 5-HT2A receptors in the brain.[L12885]

Risperidone binds with a very high affinity to 5-HT2A receptors, approximately 10-20 fold greater than the drug's binding affinity to D2 receptors, and carries lesser activity at several off-targets which may responsible for some of its undesirable effects.[L12885]",small molecule,approved; investigational,"Risperidone is indicated for the treatment of schizophrenia [L12885,L44692,L46297] and irritability associated with autistic disorder.[L12885] It is also indicated as monotherapy, or adjunctly with lithium or valproic acid, for the treatment of acute mania or mixed episodes associated with bipolar I disorder.[L12885,L44692]

Risperidone is additionally indicated in Canada for the short-term symptomatic management of aggression or psychotic symptoms in patients with severe dementia of the Alzheimer type unresponsive to nonpharmacological approaches.[L12906]

Risperidone is also used off-label for a number of conditions including as an adjunct to antidepressants in treatment-resistant depression.[A177226]","The primary action of risperidone is to decrease dopaminergic and serotonergic pathway activity in the brain, therefore decreasing symptoms of schizophrenia and mood disorders.[A1115,A1116]

Risperidone has a high binding affinity for serotonergic 5-HT2A receptors when compared to dopaminergic D2 receptors in the brain.[A1114,A1115] Risperidone binds to D2 receptors with a lower affinity than first-generation antipsychotic drugs, which bind with very high affinity. A reduction in extrapyramidal symptoms with risperidone, when compared to its predecessors, is likely a result of its moderate affinity for dopaminergic D2 receptors.[A1119,A1117]","Though its precise mechanism of action is not fully understood, current focus is on the ability of risperidone to inhibit the D2 dopaminergic receptors and 5-HT2A serotonergic receptors in the brain. Schizophrenia is thought to result from an excess of dopaminergic D2 and serotonergic 5-HT2A activity, resulting in overactivity of central mesolimbic pathways and mesocortical pathways, respectively.[A1115, A1116, A1117]

D2 dopaminergic receptors are transiently inhibited by risperidone, reducing dopaminergic neurotransmission, therefore decreasing positive symptoms of schizophrenia, such as delusions and hallucinations.[A251765] Risperidone binds transiently and with loose affinity to the dopaminergic D2 receptor, with an ideal receptor occupancy of 60-70% for optimal effect.[A1119,A31773] Rapid dissociation of risperidone from the D2 receptors contributes to decreased risk of extrapyramidal symptoms (EPS), which occur with permanent and high occupancy blockade of D2 dopaminergic receptors.[A1118,A1119] Low-affinity binding and rapid dissociation from the D2 receptor distinguish risperidone from the traditional antipsychotic drugs. A higher occupancy rate of D2 receptors is said to increase the risk of extrapyramidal symptoms and is therefore to be avoided.[A1118,A1119,A31771] 
 
Increased serotonergic mesocortical activity in schizophrenia results in negative symptoms, such as depression and decreased motivation. The high-affinity binding of risperidone to 5-HT2A receptors leads to a decrease in serotonergic activity. In addition, 5-HT2A receptor blockade results in decreased risk of extrapyramidal symptoms, likely by increasing dopamine release from the frontal cortex, and not the nigrostriatal tract. Dopamine level is therefore not completely inhibited.[A1117,A1119] Through the above mechanisms, both serotonergic and D2 blockade by risperidone are thought to synergistically work to decrease the risk of extrapyramidal symptoms. 
 
Risperidone has also been said to be an antagonist of alpha-1 (α1), alpha-2 (α2), and histamine (H1) receptors.[A37034] Blockade of these receptors is thought to improve symptoms of schizophrenia, however the exact mechanism of action on these receptors is not fully understood at this time.[L12885]",5-HYDROXYTRYPTAMINE RECEPTOR 2A; D(2) DOPAMINE RECEPTOR; ALPHA-1B ADRENERGIC RECEPTOR; ALPHA-2B ADRENERGIC RECEPTOR; ALPHA-1A ADRENERGIC RECEPTOR; ALPHA-2C ADRENERGIC RECEPTOR; HISTAMINE H1 RECEPTOR; 5-HYDROXYTRYPTAMINE RECEPTOR 2C; 5-HYDROXYTRYPTAMINE RECEPTOR 1D; 5-HYDROXYTRYPTAMINE RECEPTOR 1A; 5-HYDROXYTRYPTAMINE RECEPTOR 7; D(1A) DOPAMINE RECEPTOR,,,,DIRECT,Cytochrome P450 2D6; Cytochrome P450 3A4,ATP-dependent translocase ABCB1,,N05AX08,CAS: 106266-06-2,C0073393
DB00843,Donepezil,"In 2016, the global burden of dementia was estimated to be 43.8 million, demonstrating a significant increase from a global prevalence of 20.2 million in 1990.[A182411] Donepezil, also known as Aricept, is a piperidine derivative acetylcholinesterase inhibitor used in the management of the dementia of Alzheimer's Disease, and in some cases, is used to manage other types of dementia. 

Donepezil was first approved by the FDA in 1996, and its extended-release form was approved in combination with [Memantine] in 2014 to manage moderate and severe forms of Alzheimer's dementia.[L7916,L7937] A donepezil transdermal delivery system, Adlarity, was approved by the FDA in March 2022 for the treatment of Alzheimer's dementia.[L41125] Though it does not alter the progression of Alzheimer's disease, donepezil is effective in managing the symptoms of its associated dementia.[T668]",small molecule,approved,"Donepezil, administered orally[L7916] or via transdermal delivery system,[L41125] is indicated for the treatment of dementia of the Alzheimer's type. It is also available as an extended-release capsule in combination with [memantine] for the treatment of moderate-to-severe dementia of the Alzheimer's type in patients previously stabilized on 10mg of donepezil hydrochloride once daily.[L7937] 

Off-label uses include the management of vascular dementia, Parkinson's Disease-associated dementia, and Lewy body dementia, amongst others.[A182333,T668]","By inhibiting the acetylcholinesterase enzyme, donepezil improves the cognitive and behavioral signs and symptoms of Alzheimer's Disease, which may include apathy, aggression, confusion, and psychosis.[A182333,A182408]","
The commonly accepted cholinergic hypothesis[A182369] proposes that a portion of the cognitive and behavioral decline associated with Alzheimer's are the result of decreased cholinergic transmission in the central nervous system. Donepezil selectively and reversibly inhibits the acetylcholinesterase enzyme, which normally breaks down acetylcholine. The main pharmacological actions of this drug are believed to occur as the result of this enzyme inhibition, enhancing cholinergic transmission, which relieves the symptoms of Alzheimer's dementia. In addition to the above, other mechanisms of action of donepezil are possible, including the opposition of glutamate-induced excitatory transmission via downregulation of NMDA receptors and the regulation of amyloid proteins, which have demonstrated significant effects on the disease process of Alzheimer's.[A182333,A182351,A182444] Other possible targets for donepezil may also include the inhibition various inflammatory signaling pathways, exerting neuroprotective effects.[A182339,A182393]",ACETYLCHOLINESTERASE; 5-HYDROXYTRYPTAMINE RECEPTOR 2A; CHOLINESTERASE; NITRIC OXIDE SYNTHASE 1; TUMOR NECROSIS FACTOR-INDUCIBLE GENE 6 PROTEIN; INTERLEUKIN-1 BETA; NUCLEAR FACTOR NF-KAPPA-B; NMDA RECEPTOR,,,,DIRECT,Cytochrome P450 2D6; Cytochrome P450 3A4; Cytochrome P450 2C9,Broad substrate specificity ATP-binding cassette transporter ABCG2,,N06DA52; N06DA53; N06DA02,CAS: 120014-06-4,C0527316
DB01018,Guanfacine,"Guanfacine, or BS 100-141,[A189838,A189841] is a selective alpha-A2 adrenergic receptor agonist initially indicated for the treatment of hypertension[L11274] but is now indicated as an extended release tablet for the treatment of ADHD.[L11277] Guanfacine was first described in the literature in 1974.[A189841]

Guanfacine was granted FDA approval on 27 October 1986.[L11274]",small molecule,approved; investigational,Guanfacine is indicated alone or as an adjunct with stimulants to treat ADHD.[L11277],"Guanfacine is a selective alpha-2A adrenergic receptor agonist but it is unclear how this translates to the treatment of ADHD.[L11277] It has a long duration of action as it is given once daily and a wide therapeutic window as fatal overdoses have not been described in literature.[L11277] Patients should be counselled regarding the risk of hypotension, bradycardia, and syncope.[L11277]","Guanfacine is a selective alpha-2A adrenergic receptor agonist, which reduces the effects of the sympathetic nervous system on the heart and circulatory system.[L11277] The link between guanfacine’s molecular mechanism and it’s effect on the treatment of ADHD has not been determined.[L11277]",ALPHA-2A ADRENERGIC RECEPTOR; ALPHA-2B ADRENERGIC RECEPTOR,,,,DIRECT,Cytochrome P450 2C19; Cytochrome P450 3A4,Multidrug and toxin extrusion protein 1; Solute carrier family 22 member 1; Solute carrier family 22 member 2,,C02AC02,CAS: 29110-47-2,C0079466
DB01238,Aripiprazole,"Aripiprazole is an atypical antipsychotic orally indicated for the treatment of schizophrenia, bipolar I, major depressive disorder, irritability associated with autism, and Tourette's.[L45859] It is also indicated as an injection for agitation associated with schizophrenia or bipolar mania.[L45859] Aripiprazole exerts its effects through agonism of dopaminergic and 5-HT1A receptors and antagonism of alpha-adrenergic and 5-HT2A receptors.[L45859,A4393] Aripiprazole was given FDA approval on November 15, 2002.[L6136]",small molecule,approved; investigational,"Aripiprazole is indicated for the treatment of acute manic and mixed episodes associated with bipolar I disorder, irritability associated with autism spectrum disorder, schizophrenia, and Tourette's disorder.[L45859] It is also used as an adjunctive treatment of major depressive disorder.[L45859 An injectable formulation of aripiprazole is indicated for agitation associated with schizophrenia or bipolar mania.[L45859] Finally, an extended-release, bimonthly injection formulation of aripiprazole is indicated for the treatment of adult schizophrenia and maintenance therapy for adult bipolar I disorder.[L46203]","Aripiprazole exhibits high affinity for dopamine D<sub>2</sub> and D<sub>3</sub>, serotonin 5-HT<sub>1a</sub> and 5-HT<sub>2a</sub> receptors (Ki values of 0.34 nM, 0.8 nM, 1.7 nM, and 3.4 nM, respectively), moderate affinity for dopamine D<sub>4</sub>, serotonin 5-HT<sub>2c</sub> and 5-HT<sub>7</sub>, alpha<sub>1</sub>-adrenergic and histamine H<sub>1</sub> receptors (Ki values of 44 nM, 15 nM, 39 nM, 57 nM, and 61 nM, respectively), and moderate affinity for the serotonin reuptake site (Ki=98 nM). Aripiprazole has no appreciable affinity for cholinergic muscarinic receptors (IC<sub>50</sub>>1000 nM).[L45859]","The antipsychotic action of aripiprazole is likely due to its partial agonist activity on D2 and 5-HT<sub>1A</sub> receptors as well as its antagonist activity at 5-HT<sub>2A</sub> receptors; however, the exact mechanism has not been fully elucidated.[A4393,L45859,L4620] One of the mechanisms that have been proposed is that aripiprazole both stimulates and inhibits dopamine as it engages the D2 receptor. It lowers dopamine neuronal firing at high dopamine concentrations and increases dopamine firing at low concentrations. Its partial agonist activity gives aripiprazole an intermediate level of dopaminergic neuronal tone between full agonist and antagonist of the D2 receptor.[A258699] In addition, some adverse effects may be due to action on other receptors.[L4620] For example, orthostatic hypotension may be explained by antagonism of the adrenergic alpha-1 receptors.[L4620,A4393]",D(2) DOPAMINE RECEPTOR; 5-HYDROXYTRYPTAMINE RECEPTOR 2A; 5-HYDROXYTRYPTAMINE RECEPTOR 1A; ALPHA-1A ADRENERGIC RECEPTOR; ALPHA-1B ADRENERGIC RECEPTOR; D(3) DOPAMINE RECEPTOR; 5-HYDROXYTRYPTAMINE RECEPTOR 1D; 5-HYDROXYTRYPTAMINE RECEPTOR 7; ALPHA-2A ADRENERGIC RECEPTOR; ALPHA-2C ADRENERGIC RECEPTOR; HISTAMINE H1 RECEPTOR; 5-HYDROXYTRYPTAMINE RECEPTOR 1B; 5-HYDROXYTRYPTAMINE RECEPTOR 2C; 5-HYDROXYTRYPTAMINE RECEPTOR 3A; 5-HYDROXYTRYPTAMINE RECEPTOR 6; D(1A) DOPAMINE RECEPTOR; D(4) DOPAMINE RECEPTOR; ALPHA-2B ADRENERGIC RECEPTOR; 5-HYDROXYTRYPTAMINE RECEPTOR 1E; D(1B) DOPAMINE RECEPTOR; 5-HYDROXYTRYPTAMINE RECEPTOR 2B; 5-HYDROXYTRYPTAMINE RECEPTOR 5A; BETA-1 ADRENERGIC RECEPTOR; BETA-2 ADRENERGIC RECEPTOR; HISTAMINE H2 RECEPTOR; HISTAMINE H3 RECEPTOR; HISTAMINE H4 RECEPTOR; MUSCARINIC ACETYLCHOLINE RECEPTOR M1; MUSCARINIC ACETYLCHOLINE RECEPTOR M2; MUSCARINIC ACETYLCHOLINE RECEPTOR M3; MUSCARINIC ACETYLCHOLINE RECEPTOR M4; MUSCARINIC ACETYLCHOLINE RECEPTOR M5; KAPPA-TYPE OPIOID RECEPTOR; MU-TYPE OPIOID RECEPTOR; DELTA-TYPE OPIOID RECEPTOR; GLUTAMATE (NMDA) RECEPTOR; SODIUM-DEPENDENT DOPAMINE TRANSPORTER; SODIUM-DEPENDENT SEROTONIN TRANSPORTER,MUSCARINIC ACETYLCHOLINE RECEPTOR M3,CHRM3,CHOLINERGIC RECEPTOR MUSCARINIC 3,DIRECT,Cytochrome P450 3A4; Cytochrome P450 3A7; Cytochrome P450 3A5; Cytochrome P450 2D6,ATP-dependent translocase ABCB1; Broad substrate specificity ATP-binding cassette transporter ABCG2,,N05AX12,CAS: 129722-12-9,C0299792
DB06247,CX516,,small molecule,investigational,"Investigated for use/treatment in alzheimer's disease, memory loss, autism, neurologic disorders, dementia, schizophrenia and schizoaffective disorders, attention deficit/hyperactivity disorder (ADHD), and sleep disorders.",,"CX 516 is a benzylpiperidine AMPAkine, an AMPA (alpha-amino-3-hydroxy-5-methyl-4-isoxazolepropionic acid) modulator, that enhances the function of glutamate when it binds allosterically to the AMPA receptor channel complex. CX 516 slows receptor deactivation with a longer open time, slower excitatory postsynaptic potential (EPSP) decay and improvement of hippocampal long term potentiation (LTP).

",GLUTAMATE RECEPTOR 1,,,,DIRECT,,,,,CAS: 154235-83-3,C0528458
DB09532,Secretin human,"Human secretin is a gastrointestinal peptide hormone that regulates secretions in the stomach, pancreas, and liver. The hormone is produced from the enterochromaffin cells in the duodenum in response to the duodenal content with the pH less than 4.5 [L1875]. The main action of secretin is to stimulate the pancreas to secrete pancreatic juice for pH regulation in the small intestines. Secretin is also responsible in body fluid homeostasis [A32276] and bile production. Although it is a gastrointestinal hormone, secretin is also considered as a neuropeptide hormone since it is also expressed in the central nervous system [A32275].

Purified synthetic human secretin, also referred to as RG1068, is available as an intravenous injection under the market name ChiRhoStim ® in the U.S.. It contains an amino acid sequence identical to the naturally occurring hormone consisting of 27 amino acids [FDA Label] that supports α-helical formation [A32275].  The carboxyl-terminal amino acid, valine, is amidated. Synthetic human secretin displays equivalent biological activity and properties as naturally-occurring secretin [A32265]. It is indicated for the stimulation of the pancreatic and gastric secretions to aid in the diagnosis of pancreatic exocrine dysfunction and the diagnosis of gastrinoma, and facilitate the identification of the ampulla of Vater and accessory papilla during endoscopic retrograde cholangiopancreatography (ERCP).",biotech,approved,"Indicated for the stimulation of:

- pancreatic secretions, including bicarbonate, to aid in the diagnosis of pancreatic exocrine dysfunction [FDA Label].

- gastrin secretion to aid in the diagnosis of gastrinoma [FDA Label].

- pancreatic secretions to facilitate the identification of the ampulla of Vater and accessory papilla during endoscopic retrograde cholangiopancreatography (ERCP) [FDA Label].","In clinical trials, intravenous administration of synthetic human secretin stimulated the exocrine pancreas to promote juice and bicarbonate secretion, with variable responses depending on the pancreatic function of the individual [FDA Label]. Having an identical amino acid sequence to the biologically-derived secretin, synthetic human secretin exhibits an equivalent biological activity as the natural hormone. The biological activity of synthetic human secretin was approximately 5.0 CU per mcg [FDA Label]. In patients with suspected or known exocrine pancreatic dysfunction, a volume response of less than 2 mL/kg/hr, peak bicarbonate concentration of less than 80 mEq/L, and a bicarbonate output of less than 0.2 mEq/kg/hr following intravenous synthetic human secretin [FDA Label]. Administration in healthy subjects in three crossover studies led to overall pancreatic secretory response of a mean peak bicarbonate concentration of 100 mEq/L, a mean total volume over one hour of 260.7 mL, and a peak bicarbonate concentrations ≥ 80 mEq/L [FDA Label]. 

In a baseline-controlled study of patients with acute and acute recurrent pancreatitis undergoing magnetic resonance cholangiopancreatography (MRCP), administration of synthetic human secretin resulted in higher levels of sensitivity with minimal loss in specificity. This indicates that the stimulation of pancreatic secretions by synthetic secretin facilitates the diagnosis and clinical decision making of patients acute, acute recurrent, or chronic pancreatitis [A32267].","Synthetic human secretin mediates the same biological effects as the naturally-occurring gastrointestinal peptide hormone. Secretin is normally released from enterochromaffin cells and S cells in the intestinal mucosa of duodenum upon exposure of proximal intestinal lumen to the acidic gastric content, or fatty acids and amino acids [FDA Label]. Secretin mediates an inhibitory effect on acid secretion by parietal cells of the stomach, and causes alkalinazation of the duodenal content by stimulating the release of pancreatic juice, which has high amounts of water and bicarbonate ions [L1875]. Bicarbonate ions are released into the duodenum from the centroacinar cells, and epithelia lining the pancreatic and biliary ducts [A32275]. Human secretin is a ligand at G-protein coupled secretin receptors which are expressed in the basolateral domain of several tissue cell types [A32275], including pancreas, stomach, liver, colon and other tissues [FDA Label]. Upon interaction, levels of cAMP increase and initiates the cAMP-mediated signalling cascade that results in phosphorylation of protein kinase A (PKA) and activation of cystic fibrosis transmembrane conductance regulator (CFTR) [A32275]. Activation of CFTR activates Cl-/HCO3- anion exchanger 2 and leads to secretion of bicarbonate-rich-pancreatic fluid [A32275]. Via the same cAMP signalling pathway, secretin promotes the secretion of water and electrolytes in cholangiocytes [A32275]. Secretin may work through vagal-vagal neural pathways since stimulation of the efferent vagus nerve stimulates bicarbonate secretion and atropine blocks secretin-stimulated pancreatic secretion [FDA Label]. Additionally, secretin acts as a diuretic to increase urinary volume and bicarbonate excretion [A32275, A32276]. ",SECRETIN RECEPTOR,,,,DIRECT,,,,V04CK01,CAS: 108153-74-8,C0036534
DB00145,Glycine,A non-essential amino acid. It is found primarily in gelatin and silk fibroin and used therapeutically as a nutrient. It is also a fast inhibitory neurotransmitter.,small molecule,approved; nutraceutical; vet_approved,Supplemental glycine may have antispastic activity. Very early findings suggest it may also have antipsychotic activity as well as antioxidant and anti-inflammatory activities.,Helps trigger the release of oxygen to the energy requiring cell-making process; Important in the manufacturing of hormones responsible for a strong immune system.,"In the CNS, there exist strychnine-sensitive glycine binding sites as well as strychnine-insensitive glycine binding sites. The strychnine-insensitive glycine-binding site is located on the NMDA receptor complex. The strychnine-sensitive glycine receptor complex is comprised of a chloride channel and is a member of the ligand-gated ion channel superfamily. The putative antispastic activity of supplemental glycine could be mediated by glycine's binding to strychnine-sensitive binding sites in the spinal cord. This would result in increased chloride conductance and consequent enhancement of inhibitory neurotransmission. The ability of glycine to potentiate NMDA receptor-mediated neurotransmission raised the possibility of its use in the management of neuroleptic-resistant negative symptoms in schizophrenia. Animal studies indicate that supplemental glycine protects against endotoxin-induced lethality, hypoxia-reperfusion injury after liver transplantation, and D-galactosamine-mediated liver injury. Neutrophils are thought to participate in these pathologic processes via invasion of tissue and releasing such reactive oxygen species as superoxide. In vitro studies have shown that neutrophils contain a glycine-gated chloride channel that can attenuate increases in intracellular calcium and diminsh neutrophil oxidant production. This research is ealy-stage, but suggests that supplementary glycine may turn out to be useful in processes where neutrophil infiltration contributes to toxicity, such as ARDS.","GLUTAMATE RECEPTOR IONOTROPIC, NMDA 2A; 2-AMINO-3-KETOBUTYRATE COENZYME A LIGASE, MITOCHONDRIAL; 5-AMINOLEVULINATE SYNTHASE, NON-SPECIFIC, MITOCHONDRIAL; 5-AMINOLEVULINATE SYNTHASE, ERYTHROID-SPECIFIC, MITOCHONDRIAL; GLYCINE--TRNA LIGASE; BILE ACID-COA:AMINO ACID N-ACYLTRANSFERASE; N-ARACHIDONYL GLYCINE RECEPTOR; GLUTATHIONE SYNTHETASE; GLUTAMATE RECEPTOR IONOTROPIC, NMDA 2C; SERINE HYDROXYMETHYLTRANSFERASE; GLYCINE N-ACYLTRANSFERASE; SERINE HYDROXYMETHYLTRANSFERASE, MITOCHONDRIAL; GLYCINE N-ACYLTRANSFERASE-LIKE PROTEIN 2; GLYCINE N-ACYLTRANSFERASE-LIKE PROTEIN 1; ALANINE--GLYOXYLATE AMINOTRANSFERASE 2, MITOCHONDRIAL; PEROXISOMAL SARCOSINE OXIDASE; GLUTAMATE RECEPTOR IONOTROPIC, NMDA 3B; GLYCINE RECEPTOR SUBUNIT ALPHA-1; ALANINE--GLYOXYLATE AMINOTRANSFERASE; GLYCINE RECEPTOR SUBUNIT BETA; SERINE HYDROXYMETHYLTRANSFERASE, CYTOSOLIC; GLYCINE RECEPTOR SUBUNIT ALPHA-3; GLYCINE RECEPTOR SUBUNIT ALPHA-2; GLYCINE N-METHYLTRANSFERASE; GLYCINE AMIDINOTRANSFERASE, MITOCHONDRIAL",GLYCINE RECEPTOR SUBUNIT ALPHA-2,GLRA2,"GLYCINE RECEPTOR, ALPHA 2",INDIRECT,"Aminomethyltransferase, mitochondrial; Glycine dehydrogenase (decarboxylating), mitochondrial; Dihydrolipoyl dehydrogenase, mitochondrial; Glycine cleavage system H protein, mitochondrial",Monocarboxylate transporter 10; Proton-coupled amino acid transporter 1; Vesicular inhibitory amino acid transporter; Sodium- and chloride-dependent glycine transporter 2; Sodium- and chloride-dependent glycine transporter 1,Glycine and Serine Metabolism; Ammonia Recycling; Arginine and Proline Metabolism; Porphyrin Metabolism; Purine Metabolism; Glutamate Metabolism; Cystathionine beta-Synthase Deficiency; Guanidinoacetate Methyltransferase Deficiency (GAMT Deficiency); Purine Nucleoside Phosphorylase Deficiency; Congenital Bile Acid Synthesis Defect Type II; Hyperinsulinism-Hyperammonemia Syndrome; Hyperprolinemia Type II; Hyperprolinemia Type I; Lesch-Nyhan Syndrome (LNS); Gout or Kelley-Seegmiller Syndrome; Mercaptopurine Action Pathway; Carnitine Synthesis; gamma-Glutamyltranspeptidase Deficiency; L-Arginine:Glycine Amidinotransferase Deficiency; Adenine Phosphoribosyltransferase Deficiency (APRT); 27-Hydroxylase Deficiency; Sarcosine Oncometabolite Pathway; Methionine Metabolism; Bile Acid Biosynthesis; 2-Hydroxyglutric Aciduria (D and L Form); Adenosine Deaminase Deficiency; AICA-Ribosiduria; gamma-Glutamyltransferase Deficiency; Molybdenum Cofactor Deficiency; Prolidase Deficiency (PD),B05CX03,CAS: 56-40-6,C0017890
DB00184,Nicotine,Nicotine is highly toxic alkaloid. It is the prototypical agonist at nicotinic cholinergic receptors where it dramatically stimulates neurons and ultimately blocks synaptic transmission. Nicotine is also important medically because of its presence in tobacco smoke.,small molecule,approved,For the relief of nicotine withdrawal symptoms and as an aid to smoking cessation.,"Nicotine, the primary alkaloid in tobacco products binds stereo-selectively to nicotinic-cholinergic receptors on autonomic ganglia, the adrenal medulla, neuromuscular junctions and in the brain. Nicotine exerts two effects, a stimulant effect exerted at the locus ceruleus and a reward effect in the limbic system. Itranvenous administration of nicotine causes release of acetylcholine, norepinephrine, dopamine, serotonine, vasopressin, beta-endorphin and ACTH. Nicotine is a highly addictive substance. Nicotine also induces peripheral vasoconstriction, tachycardia and elevated blood pressure. Nicotine inhalers and patches are used to treat smoking withdrawl syndrome. Nicotine is classified as a stimulant of autonomic ganglia.","Nicotine is a stimulant drug that acts as an agonist at nicotinic acetylcholine receptors. These are ionotropic receptors composed up of five homomeric or heteromeric subunits. In the brain, nicotine binds to nicotinic acetylcholine receptors on dopaminergic neurons in the cortico-limbic pathways. This causes the channel to open and allow conductance of multiple cations including sodium, calcium, and potassium. This leads to depolarization, which activates voltage-gated calcium channels and allows more calcium to enter the axon terminal. Calcium stimulates vesicle trafficking towards the plasma membrane and the release of dopamine into the synapse. Dopamine binding to its receptors is responsible the euphoric and addictive properties of nicotine.
Nicotine also binds to nicotinic acetylcholine receptors on the chromaffin cells in the adrenal medulla. Binding opens the ion channel allowing influx of sodium, causing depolarization of the cell, which activates voltage-gated calcium channels. Calcium triggers the release of epinephrine from intracellular vesicles into the bloodstream, which causes vasoconstriction, increased blood pressure, increased heart rate, and increased blood sugar.",NEURONAL ACETYLCHOLINE RECEPTOR SUBUNIT ALPHA-4; NEURONAL ACETYLCHOLINE RECEPTOR SUBUNIT ALPHA-7; NEURONAL ACETYLCHOLINE RECEPTOR SUBUNIT BETA-2; NEURONAL ACETYLCHOLINE RECEPTOR SUBUNIT ALPHA-2; NEURONAL ACETYLCHOLINE RECEPTOR SUBUNIT ALPHA-3; NEURONAL ACETYLCHOLINE RECEPTOR SUBUNIT ALPHA-5; NEURONAL ACETYLCHOLINE RECEPTOR SUBUNIT ALPHA-6; NEURONAL ACETYLCHOLINE RECEPTOR SUBUNIT ALPHA-9; NEURONAL ACETYLCHOLINE RECEPTOR SUBUNIT ALPHA-10; NEURONAL ACETYLCHOLINE RECEPTOR SUBUNIT BETA-3; NEURONAL ACETYLCHOLINE RECEPTOR SUBUNIT BETA-4; AROMATASE; CHOLINE O-ACETYLTRANSFERASE,NEURONAL ACETYLCHOLINE RECEPTOR SUBUNIT BETA-3,CHRNB3,CHOLINERGIC RECEPTOR NICOTINIC BETA 3 SUBUNIT,INDIRECT,Cytochrome P450 1A1; Cytochrome P450 1A2; Cytochrome P450 2C19; Cytochrome P450 2C8; Cytochrome P450 2C9; Cytochrome P450 2D6; Cytochrome P450 3A4; Amine oxidase [flavin-containing] A; Amine oxidase [flavin-containing] B; Cytochrome P450 2A6; Cytochrome P450 2E1; Cytochrome P450 2A13; Cytochrome P450 2B6,Solute carrier family 22 member 2; Solute carrier family 22 member 1; Solute carrier family 22 member 3; Organic cation/carnitine transporter 2; Solute carrier family 22 member 4,Nicotine Action Pathway; Nicotine Metabolism Pathway,N07BA01,CAS: 54-11-5,C0028040
DB00185,Cevimeline,Cevimeline is a parasympathomimetic agent that act as an agonist at the muscarinic acetylcholine receptors M1 and M3. It is indicated by the Food and Drug Administration for the treatment of dry mouth associated with Sjögren's syndrome.,small molecule,approved,For the treatment of symptoms of dry mouth in patients with Sj&ouml;gren's Syndrome.,"Cevimeline is a cholinergic agonist which binds to muscarinic receptors. Muscarinic agonists in sufficient dosage can increase secretion of exocrine glands, such as salivary and sweat glands and increase tone of the smooth muscle in the gastrointestinal and urinary tracts.","Muscarinic agonists such as cevimeline bind and activate the muscarinic M1 and M3 receptors. The M1 receptors are common in secretory glands (exocrine glands such as salivary and sweat glands), and their activation results in an increase in secretion from the secretory glands. The M3 receptors are found on smooth muscles and in many glands which help to stimulate secretion in salivary glands, and their activation generally results in smooth muscle contraction and increased glandular secretions. Therefore, as saliva excretion is increased, the symptoms of dry mouth are relieved.",MUSCARINIC ACETYLCHOLINE RECEPTOR M3; MUSCARINIC ACETYLCHOLINE RECEPTOR M1,MUSCARINIC ACETYLCHOLINE RECEPTOR M3,CHRM3,CHOLINERGIC RECEPTOR MUSCARINIC 3,INDIRECT,Cytochrome P450 2D6; Cytochrome P450 3A4; Flavin-containing monooxygenase 1,,,N07AX03,CAS: 107233-08-9,C0093437
DB00193,Tramadol,"Tramadol is a centrally acting synthetic opioid analgesic and SNRI (serotonin/norepinephrine reuptake-inhibitor) that is structurally related to [codeine] and [morphine]. Due to its good tolerability profile and multimodal mechanism of action, tramadol is generally considered a lower-risk opioid option for the treatment of moderate to severe pain. It is considered a Step 2 option on the World Health Organization's pain ladder and has about 1/10th of the potency of [morphine]. 

Tramadol differs from other traditional opioid medications in that it doesn't just act as a μ-opioid agonist, but also affects monoamines by modulating the effects of neurotransmitters involved in the modulation of pain such as serotonin and norepinpehrine which activate descending pain inhibitory pathways.[A182279] Tramadol's effects on serotonin and norepinephrine mimic the effects of other SNRI antidepressants such as [duloxetine] and [venlafaxine].

Tramadol exists as a racemic mixture consisting of two pharmacologically active enantiomers that both contribute to its analgesic property through different mechanisms and are also themselves metabolized into active metabolites: (+)-tramadol and its primary metabolite (+)-O-desmethyl-tramadol (M1) are agonists of the μ opioid receptor while (+)-tramadol inhibits serotonin reuptake and (-)-tramadol inhibits norepinephrine reuptake. These pathways are complementary and synergistic, improving tramadol's ability to modulate the perception of and response to pain.[A4269,A183842] 

Tramadol has also been shown to affect a number of other pain modulators within the central nervous system as well as non-neuronal inflammatory markers and immune mediators.[A183728,A183734,A183761,A17159,A182300] Due to the broad spectrum of targets involved in pain and inflammation, it's not surprising that the evidence has shown that tramadol is effective for a number of pain types including neuropathic pain, post-operative pain, lower back pain, as well as pain associated with labour, osteoarthritis, fibromyalgia, and cancer. Due to its SNRI activity, tramadol also has anxiolytic, antidepressant, and anti-shivering effects which are all frequently found as comorbidities with pain.[A182300]

Similar to other opioid medications, tramadol poses a risk for development of tolerance, dependence and abuse. If used in higher doses, or with other opioids, there is a dose-related risk of overdose, respiratory depression, and death.[A183830,F4679] However, unlike other opioid medications, tramadol use also carries a risk of seizure and serotonin syndrome, particularly if used with other serotonergic medications.[A183836,A179926]",small molecule,approved; investigational,"Tramadol is approved for the management of moderate to severe pain in adults.[L9257,F4679]

Tramadol is also used off-label in the treatment of premature ejaculation.[A173986]","Tramadol modulates the descending pain pathways within the central nervous system through the binding of parent and M1 metabolite to μ-opioid receptors and the weak inhibition of the reuptake of norepinephrine and serotonin.[A173983,A173980] 

Apart from analgesia, tramadol may produce a constellation of symptoms (including dizziness, somnolence, nausea, constipation, sweating and pruritus) similar to that of other opioids. 

**Central Nervous System**

In contrast to [morphine], tramadol has not been shown to cause histamine release. At therapeutic doses, tramadol has no effect on heart rate, left-ventricular function or cardiac index. Orthostatic hypotension has been observed.[L9257]

Tramadol produces respiratory depression by direct action on brain stem respiratory centres. The respiratory depression involves both a reduction in the responsiveness of the brain stem centres to increases in CO2 tension and to electrical stimulation. 

Tramadol depresses the cough reflex by a direct effect on the cough centre in the medulla. Antitussive effects may occur with doses lower than those usually required for analgesia.

Tramadol causes miosis, even in total darkness. Pinpoint pupils are a sign of opioid overdose but
are not pathognomonic (e.g., pontine lesions of hemorrhagic or ischemic origin may produce
similar findings). Marked mydriasis rather than miosis may be seen with hypoxia in the setting of
oxycodone overdose.[F4679]

Seizures have been reported in patients receiving tramadol within the recommended dosage range. Spontaneous post-marketing reports indicate that seizure risk is increased with doses of tramadol above the recommended range. Risk of convulsions may also increase in patients with epilepsy, those with a history of seizures
or in patients with a recognized risk for seizure (such as head trauma, metabolic disorders,
alcohol and drug withdrawal, CNS infections), or with concomitant use of other drugs known to reduce the seizure threshold.[F4679]

Tramadol can cause a rare but potentially life-threatening condition resulting from concomitant administration of serotonergic drugs (e.g., anti-depressants, migraine medications). Treatment with the serotoninergic drug should be discontinued if such events (characterized by clusters of symptoms such as hyperthermia, rigidity, myoclonus, autonomic instability with possible rapid fluctuations of vital signs, mental status changes including confusion, irritability, extreme agitation progressing to delirium and coma) occur and supportive symptomatic treatment should be initiated. Tramadol should not be used in combination with MAO inhibitors or serotonin-precursors (such as L-tryptophan, oxitriptan) and should be used with caution in combination with other serotonergic drugs (triptans, certain tricyclic antidepressants, lithium, St. John’s Wort) due to the risk of serotonin syndrome.[F4679]

**Gastrointestinal Tract and Other Smooth Muscle**

Tramadol causes a reduction in motility associated with an increase in smooth muscle tone in the antrum of the stomach and duodenum. Digestion of food in the small intestine is delayed and propulsive contractions are decreased. Propulsive peristaltic waves in the colon are decreased, while tone may be increased to the point of spasm resulting in constipation. Other opioid-induced effects may include a reduction in gastric, biliary and pancreatic secretions, spasm of the sphincter of Oddi, and transient elevations in serum amylase.[F4679]

**Endocrine System**

Opioids may influence the hypothalamic-pituitary-adrenal or -gonadal axes. Some changes that can be seen include an increase in serum prolactin and decreases in plasma cortisol and testosterone. Clinical signs and symptoms may be manifest from these hormonal changes.[F4679]

Hyponatremia has been reported very rarely with the use of tramadol, usually in patients with predisposing risk factors, such as elderly patients and/or patients using concomitant medications that may cause hyponatremia (e.g., antidepressants, benzodiazepines, diuretics). In some reports, hyponatremia appeared to be the result of the syndrome of inappropriate antidiuretic hormone secretion (SIADH) and resolved with discontinuation of tramadol and appropriate treatment (e.g., fluid restriction). During tramadol treatment, monitoring for signs and symptoms of hyponatremia is recommended for patients with predisposing risk factors.[F4679]

**Cardiovascular**

Tramadol administration may result in severe hypotension in patients whose ability to maintain adequate blood pressure is compromised by reduced blood volume, or concurrent administration of drugs such as phenothiazines and other tranquillizers, sedative/hypnotics, tricyclic antidepressants or general anesthetics. These patients should be monitored for signs of hypotension after initiating or titrating the dose of tramadol.[F4679]

**QTc-Interval Prolongation**

The maximum placebo-adjusted mean change from baseline in the QTcF interval was 5.5 ms in the 400 mg/day treatment arm and 6.5 ms in the 600 mg/day mg treatment arm, both occurring at the 8h time point. Both treatment groups were within the 10 ms threshold for QT prolongation. Post-marketing experience with the use of tramadol containing products included rare reports of QT prolongation reported with an overdose. Particular care should be exercised when administering tramadol to patients who are suspected to be at an increased risk of experiencing torsade de pointes during treatment with a QTc-prolonging drug.[F4679]

**Abuse and Misuse**

Like all opioids, tramadol has the potential for abuse and misuse, which can lead to overdose and death. Therefore, tramadol should be prescribed and handled with caution.[F4679]

**Dependence/Tolerance**

Physical dependence and tolerance reflect the neuroadaptation of the opioid receptors to chronic exposure to an opioid and are separate and distinct from abuse and addiction. Tolerance, as well as physical dependence, may develop upon repeated administration of opioids, and are not by themselves evidence of an addictive disorder or abuse. Patients on prolonged therapy should be tapered gradually from the drug if it is no longer required for pain control. Withdrawal symptoms may occur following abrupt discontinuation of therapy or upon administration of an opioid antagonist. Some of the symptoms that may be associated with abrupt withdrawal of an opioid analgesic include body aches, diarrhea, gooseflesh, loss of appetite, nausea, nervousness or restlessness, anxiety, runny nose, sneezing, tremors or shivering, stomach cramps, tachycardia, trouble with sleeping, unusual increase in sweating, palpitations, unexplained fever, weakness and yawning.[F4679]","Tramadol is a centrally acting μ-opioid receptor agonist and SNRI (serotonin/norepinephrine reuptake-inhibitor) that is structurally related to [codeine] and [morphine]. Tramadol binds weakly to κ- and δ-opioid receptors and to the μ-opioid receptor with 6000-fold less affinity than morphine.[A182300]

Tramadol exists as a racemic mixture consisting of two pharmacologically active enantiomers that both contribute to its analgesic property through different mechanisms: (+)-tramadol and its primary metabolite (+)-O-desmethyl-tramadol (M1) are agonists of the μ opioid receptor while (+)-tramadol inhibits serotonin reuptake and (-)-tramadol inhibits norepinephrine reuptake. These pathways are complementary and synergistic, improving tramadol's ability to modulate the perception of and response to pain.[A4269] 

In animal models, M1 is up to 6 times more potent than tramadol in producing analgesia and 200 times more potent in μ-opioid binding.[L9257] 

Tramadol has also been shown to affect a number of pain modulators including alpha2-adrenoreceptors, neurokinin 1 receptors, the voltage-gated sodium channel type II alpha subunit[A183728], transient receptor potential cation channel subfamily V member 1 (TRPV1 - also known as the capsaicin receptor)[A183734], muscarinic receptors (M1 and M3), N-methyl-D-aspartate receptor (also known as the NMDA receptor or glutamate receptor)[A17158], Adenosine A1 receptors[A183761], and nicotinic acetylcholine receptor.[A17159] 

In addition to the above neuronal targets, tramadol has a number of effects on inflammatory and immune mediators involved in the pain response. This includes inhibitory effects on cytokines, prostaglandin E2 (PGE2), nuclear factor-κB, and glial cells as well as a change in the polarization state of M1 macrophages.[A182300]",MU-TYPE OPIOID RECEPTOR; SODIUM-DEPENDENT NORADRENALINE TRANSPORTER; SODIUM-DEPENDENT SEROTONIN TRANSPORTER; SODIUM CHANNEL PROTEIN TYPE 2 SUBUNIT ALPHA; NMDA RECEPTOR; ADENOSINE RECEPTOR A1; ALPHA-2 ADRENERGIC RECEPTORS; 5-HYDROXYTRYPTAMINE RECEPTOR 2C; KAPPA-TYPE OPIOID RECEPTOR; DELTA-TYPE OPIOID RECEPTOR; NEURONAL ACETYLCHOLINE RECEPTOR SUBUNIT ALPHA-7; MUSCARINIC ACETYLCHOLINE RECEPTOR M3; MUSCARINIC ACETYLCHOLINE RECEPTOR M1; SUBSTANCE-P RECEPTOR; TRANSIENT RECEPTOR POTENTIAL CATION CHANNEL SUBFAMILY V MEMBER 1,MUSCARINIC ACETYLCHOLINE RECEPTOR M3,CHRM3,CHOLINERGIC RECEPTOR MUSCARINIC 3,INDIRECT,Cytochrome P450 2B6; UDP-glucuronosyltransferase 1A1; Cytochrome P450 2D6; Cytochrome P450 3A4,,Tramadol Action Action Pathway; Tramadol Metabolism Pathway,N02AJ16; N02AJ13; N02AJ14; N02AX02,CAS: 27203-92-5,C0040610
DB00201,Caffeine,"Caffeine is a drug of the methylxanthine class used for a variety of purposes, including certain respiratory conditions of the premature newborn, pain relief, and to combat drowsiness. Caffeine is similar in chemical structure to [Theophylline] and [Theobromine].[A187691,L9851] It can be sourced from coffee beans, but also occurs naturally in various teas and cacao beans, which are different than coffee beans.[T716] Caffeine is also used in a variety of cosmetic products and can be administered topically, orally, by inhalation, or by injection.[T716]

The caffeine citrate injection, used for apnea of the premature newborn, was initially approved by the FDA in 1999.[L9863] According to an article from 2017, more than 15 million babies are born prematurely worldwide. This correlates to about 1 in 10 births. Premature birth can lead to apnea and bronchopulmonary dysplasia, a condition that interferes with lung development and may eventually cause asthma or early onset emphysema in those born prematurely.[A187694] Caffeine is beneficial in preventing and treating apnea and bronchopulmonary dysplasia in newborns, improving the quality of life of premature infants.[T716]",small molecule,approved,"Caffeine is indicated for the short term treatment of apnea of prematurity in infants and off label for the prevention and treatment of bronchopulmonary dysplasia caused by premature birth.[T716,L9851] In addition, it is indicated in combination with sodium benzoate to treat respiratory depression resulting from an overdose with CNS depressant drugs.[L9899] Caffeine has a broad range of over the counter uses, and is found in energy supplements, athletic enhancement products, pain relief products, as well as cosmetic products.[T716,L9854,L9872]","Caffeine stimulates the central nervous system (CNS), heightening alertness, and sometimes causing restlessness and agitation. It relaxes smooth muscle, stimulates the contraction of cardiac muscle, and enhances athletic performance.[A298,T716,L9857] Caffeine promotes gastric acid secretion and increases gastrointestinal motility. It is often combined in products with analgesics and ergot alkaloids, relieving the symptoms of migraine and other types of headaches. Finally, caffeine acts as a mild diuretic.[T716]","The mechanism of action of caffeine is complex, as it impacts several body systems, which are listed below. The effects as they relate to various body systems are described as follows:

**General and cellular actions**

Caffeine exerts several actions on cells, but the clinical relevance is poorly understood. One probable mechanism is the inhibition of nucleotide phosphodiesterase enzymes, adenosine receptors, regulation of calcium handling in cells, and participates in adenosine receptor antagonism.[A187721,L9857] Phosphodiesterase enzymes regulate cell function via actions on second messengers cAMP and cGMP.[A187724] This causes lipolysis through activation of hormone-sensitive lipases, releasing fatty acids and glycerol.[T722]

**Respiratory**

The exact mechanism of action of caffeine in treating apnea related to prematurity is unknown, however, there are several proposed mechanisms, including respiratory center stimulation in the central nervous system, a reduced threshold to hypercapnia with increased response, and increased consumption of oxygen, among others.[L9851] The blocking of the adenosine receptors enhances respiratory drive via an increase in brain medullary response to carbon dioxide, stimulating ventilation and respiratory drive, while increasing contractility of the diaphragm.[T716]

**Central nervous system**

Caffeine demonstrates antagonism of all 4 adenosine receptor subtypes (A1, A2a, A2b, A3) in the central nervous system.[T716,L9851] Caffeine's effects on alertness and combatting drowsiness are specifically related to the antagonism of the A2a receptor.[T716]

**Renal system**

Caffeine has diuretic effects due to is stimulatory effects on renal blood flow, increase in glomerular filtration, and increase in sodium excretion.[T716]

**Cardiovascular system**

Adenosine receptor antagonism at the A1 receptor by caffeine stimulates inotropic effects in the heart. Blocking of adenosine receptors promotes catecholamine release, leading to stimulatory effects occurring in the heart and the rest of the body.  In the blood vessels, caffeine exerts direct antagonism of adenosine receptors, causing vasodilation. It stimulates the endothelial cells in the blood vessel wall to release nitric oxide, potentiating blood vessel relaxation. Catecholamine release, however, antagonizes this and exerts inotropic and chronotropic effects on the heart, ultimately leading to vasoconstriction. Finally, caffeine is shown to raise systolic blood pressure measurements by 5 to 10 mmHg when it is not taken regularly, versus no effect in those who consume it regularly.[T716] The vasoconstricting effects of caffeine are beneficial in migraines and other types of headache, which are normally caused by vasodilation in the brain.[A187709,L9872]","ADENOSINE RECEPTOR A1; 5'-NUCLEOTIDASE; ADENOSINE RECEPTOR A2A; ADENOSINE RECEPTOR A2B; ADENOSINE RECEPTOR A3; PHOSPHODIESTERASE ENZYMES; 3',5'-CYCLIC-AMP PHOSPHODIESTERASE 4B; RYANODINE RECEPTOR 1; CYCLIC NUCLEOTIDE PHOSPHODIESTERASE; DNA-DEPENDENT PROTEIN KINASE CATALYTIC SUBUNIT; PHOSPHATIDYLINOSITOL 4,5-BISPHOSPHATE 3-KINASE CATALYTIC SUBUNIT DELTA ISOFORM; PHOSPHATIDYLINOSITOL 4,5-BISPHOSPHATE 3-KINASE CATALYTIC SUBUNIT ALPHA ISOFORM; PHOSPHATIDYLINOSITOL 4,5-BISPHOSPHATE 3-KINASE CATALYTIC SUBUNIT BETA ISOFORM; INOSITOL 1,4,5-TRISPHOSPHATE RECEPTOR; SERINE-PROTEIN KINASE ATM",ADENOSINE RECEPTOR A2A,ADORA2A,ADENOSINE A2A RECEPTOR,INDIRECT,Cytochrome P450 1A2; Cytochrome P450 3A4; Cytochrome P450 2E1; Cytochrome P450 2C8; Cytochrome P450 2C9; Cytochrome P450 1A1; Cytochrome P450 1B1; Cytochrome P450 2D6,Broad substrate specificity ATP-binding cassette transporter ABCG2,Caffeine Metabolism,D11AX26; R03DA20; V04CG30; N06BC01,CAS: 58-08-2,C0006644
DB00202,Succinylcholine,"Succinylcholine is a depolarizing skeletal muscle relaxant consisting of two molecules of the endogenous neurotransmitter [acetylcholine] (ACh) linked by their acetyl groups.[A19054] It has been widely used for over 50 years,[A299] most commonly in its chloride salt form, as a means of neuromuscular blockade during intubation and surgical procedures. Its rapid onset and offset, with effects beginning within 60 seconds of intravenous administration and lasting between four to six minutes, make succinylcholine particularly useful in the setting of short medical procedures requiring brief periods of muscle relaxation.[L9004]",small molecule,approved,"Succinylcholine is indicated as an adjunct to general anesthesia, to facilitate tracheal intubation, and to provide skeletal muscle relaxation during surgery or mechanical ventilation.[L9004]","Succinylcholine's neuromuscular blockade takes effect within 60 seconds of intravenous administration and lasts between four to six minutes.[A19054] Similar to acetylcholine, it binds to cholinergic receptors of the motor endplate to induce membrane depolarization and, eventually, muscle paralysis, which may be maintained for as long as an adequate concentration of succinylcholine remains at the receptor site.[L32828] Succinylcholine has no direct action on smooth or cardiac muscle, nor does it appear to act on pre-synaptic or ganglionic acetylcholine receptors.[A34369] The paralysis induced by succinylcholine has been described as ""progressive"", first involving the muscles of the face and glottis, then the intercostals and diaphragm, then followed by other skeletal muscles.[L32828]

Succinylcholine has no effect on consciousness or pain threshold, and must therefore be used in conjunction with adequate anesthesia.[L9004] There have been rare reports of the development of acute rhabdomyolysis with hyperkalemia - resulting in ventricular dysrhythmias, cardiac arrest, and death - after the intravenous administration of succinylcholine to apparently healthy pediatric patients who were subsequently found to have undiagnosed skeletal myopathy (most frequently Duchenne's muscular dystrophy).[L9004] Infants or children experiencing seemingly idiopathic cardiac arrest soon after the administration of succinylcholine should therefore be treated immediately for hyperkalemia. Given that patients may not present with any apparent risk factors, the use of succinylcholine in pediatric patients should be restricted to emergency intubation or other situations in which a suitable alternative is unavailable.[L9004]","Succinylcholine is a depolarizing neuromuscular blocker, meaning it causes a prolonged period of membrane depolarization in order to exert its therapeutic effects. It binds to the post-synaptic cholinergic receptors found on motor endplates, thereby inducing first transient fasciculations followed by skeletal muscle paralysis.[A233250]",NEURONAL ACETYLCHOLINE (NACH) RECEPTOR SUBUNITS; MUSCARINIC ACETYLCHOLINE RECEPTOR M2; MUSCARINIC ACETYLCHOLINE RECEPTOR M3,MUSCARINIC ACETYLCHOLINE RECEPTOR M3,CHRM3,CHOLINERGIC RECEPTOR MUSCARINIC 3,INDIRECT,Cholinesterase,,,M03AB01,CAS: 306-40-1,C0038627
DB00209,Trospium,"Trospium is an antispasmodic agent used to treat the symptoms of overactive bladder, a condition that causes the bladder muscles to contract uncontrollably.[L6208] An overactive bladder leads to an increased urge to urinate, frequent urination, and sometimes, loss of control over urination.[L6208]  Trospium is manufactured by _Indevus Pharmaceutical Inc._ and was granted FDA approval in 2007.[L6211]",small molecule,approved,"Trospium is indicated for the treatment of overactive bladder with symptoms of urge urinary incontinence, urgency, and urinary frequency.[L36823] It is also indicated in combination with [xanomeline] for the treatment of adult patients with schizophrenia.[L51629]","Trospium is an antispasmodic, antimuscarinic agent indicated for the treatment of overactive bladder with symptoms of urge urinary incontinence, urgency, and urinary frequency. According to receptor assays, it displays higher affinity towards muscarininc receptors compared to nicotinic receptors at therapeutic concentrations. ",Trospium antagonizes the effect of acetylcholine on muscarinic receptors in cholinergically innervated organs. Its parasympatholytic action reduces the tonus of smooth muscle in the bladder.,MUSCARINIC ACETYLCHOLINE RECEPTOR M5; MUSCARINIC ACETYLCHOLINE RECEPTOR M3; MUSCARINIC ACETYLCHOLINE RECEPTOR M1,MUSCARINIC ACETYLCHOLINE RECEPTOR M3,CHRM3,CHOLINERGIC RECEPTOR MUSCARINIC 3,INDIRECT,Cytochrome P450 2D6,,,A03DA06; G04BD09,CAS: 47608-32-2,C0772089
DB00246,Ziprasidone,"Disorders such as schizophrenia and bipolar disorder can significantly impair mood, cognition, and behavior.[A190525] These mental illnesses can often be accompanied by comorbidities such as depression and substance abuse, and can significantly impact the quality of life of patients and caregivers.[A190525] Luckily, several treatment options for psychotic disorders have been introduced to market since the realization of chlorpromazine's antipsychotic properties in 1952.[A190525] 

Second generation antipsychotics (commonly referred to as atypical antipsychotics) include [clozapine], [quetiapine], [olanzapine], [aripiprazole] and [ziprasidone] among others, and are generally thought to be as efficacious as first generation antipsychotics but differ in their adverse effect profiles.[A190525,A190534] First generation antipsychotics are associated with extrapyramidal adverse effects while atypical antipsychotics are linked to weight gain, impaired glucose tolerance and metabolic syndrome.[A190534,A190537] 

Ziprasidone is used to treat schizophrenia and bipolar disorder.[A180748] It can effectively reduce the rate and time of relapses in schizophrenia, and can be used to treat manic episodes in bipolar disorder although the mechanism of action is unknown.[A180748] Although ziprasidone is classified as an atypical antipsychotic, it appears to have a lower incidence of metabolic adverse effects compared to other medications in the same class.[A190525]",small molecule,approved,"In its oral form, ziprasidone is approved for the treatment of schizophrenia, as monotherapy for acute treatment of manic or mixed episodes related to bipolar I disorder, and as adjunctive therapy to lithium or valproate for maintenance treatment of bipolar I disorder.[L7342] The injectable formulation is approved only for treatment of acute agitation in schizophrenia.[L7342]","Ziprasidone is classified as a ""second generation"" or ""atypical"" antipsychotic and is a dopamine and 5HT2A receptor antagonist with a unique receptor binding profile.  As previously mentioned, ziprasidone has a very high 5-HT2A/D2 affinity ratio, binds to multiple serotonin receptors in addition to 5-HT2A, and blocks monoamine transporters which prevents 5HT and NE reuptake.  On the other hand, ziprasidone has a low affinity for muscarinic cholinergic M1, histamine H1, and alpha1-adrenergic receptors.[A174562]","The effects of ziprasidone are differentiated from other antispychotics based on its preference and affinity for certain receptors. Ziprasidone binds to serotonin-2A (5-HT2A) and dopamine D2 receptors in a similar fashion to other atypical antipsychotics; however, one key difference is that ziprasidone has a higher 5-HT2A/D2 receptor affinity ratio when compared to other antipsychotics such as olanzapine, quetiapine, risperidone, and aripiprazole.[A363]  Ziprasidone offers enhanced modulation of mood, notable negative symptom relief, overall cognitive improvement and reduced motor dysfunction which is linked to it's potent interaction with 5-HT2C, 5-HT1D, and 5-HT1A receptors in brain tissue.[A363] Ziprasidone can bind moderately to norepinephrine and serotonin reuptake sites which may contribute to its antidepressant and anxiolytic activity.[A363] Patient's taking ziprasidone will likely experience a lower incidence of orthostatic hypotension, cognitive disturbance, sedation, weight gain, and disruption in prolactin levels since ziprasidone has a lower affinity for histamine H1, muscarinic M1, and alpha1-adrenoceptors.[A363]  ",D(2) DOPAMINE RECEPTOR; NEURONAL ACETYLCHOLINE RECEPTOR SUBUNIT ALPHA-7; 5-HYDROXYTRYPTAMINE RECEPTOR 2A; 5-HYDROXYTRYPTAMINE RECEPTOR 1A; 5-HYDROXYTRYPTAMINE RECEPTOR 1D; 5-HYDROXYTRYPTAMINE RECEPTOR 2C; D(1A) DOPAMINE RECEPTOR; D(1B) DOPAMINE RECEPTOR; D(3) DOPAMINE RECEPTOR; D(4) DOPAMINE RECEPTOR; 5-HYDROXYTRYPTAMINE RECEPTOR 1B; 5-HYDROXYTRYPTAMINE RECEPTOR 1E; 5-HYDROXYTRYPTAMINE RECEPTOR 6; 5-HYDROXYTRYPTAMINE RECEPTOR 7; HISTAMINE H1 RECEPTOR; ALPHA-1A ADRENERGIC RECEPTOR; ALPHA-1B ADRENERGIC RECEPTOR; ALPHA-2A ADRENERGIC RECEPTOR; ALPHA-2B ADRENERGIC RECEPTOR; ALPHA-2C ADRENERGIC RECEPTOR; MUSCARINIC ACETYLCHOLINE RECEPTOR M1; MUSCARINIC ACETYLCHOLINE RECEPTOR M2; MUSCARINIC ACETYLCHOLINE RECEPTOR M3; MUSCARINIC ACETYLCHOLINE RECEPTOR M4; MUSCARINIC ACETYLCHOLINE RECEPTOR M5; 5-HYDROXYTRYPTAMINE 3 RECEPTOR; 5-HYDROXYTRYPTAMINE RECEPTOR 5A,MUSCARINIC ACETYLCHOLINE RECEPTOR M3,CHRM3,CHOLINERGIC RECEPTOR MUSCARINIC 3,INDIRECT,Cytochrome P450 3A4; Aldehyde oxidase,ATP-dependent translocase ABCB1,,N05AE04,CAS: 146939-27-7,C0380393
DB00277,Theophylline,"A methylxanthine derivative from tea with diuretic, smooth muscle relaxant, bronchial dilation, cardiac and central nervous system stimulant activities. Mechanistically, theophylline acts as a phosphodiesterase inhibitor, adenosine receptor blocker, and histone deacetylase activator. Theophylline is marketed under several brand names such as Uniphyl and Theochron, and it is indicated mainly for asthma, bronchospasm, and COPD.",small molecule,approved,"For the treatment of the symptoms and reversible airflow obstruction associated with chronic asthma and other chronic lung diseases, such as emphysema and chronic bronchitis.","Theophylline, an xanthine derivative chemically similar to caffeine and theobromine, is used to treat asthma and bronchospasm. Theophylline has two distinct actions in the airways of patients with reversible (asthmatic) obstruction; smooth muscle relaxation (i.e., bronchodilation) and suppression of the response of the airways to stimuli (i.e., non-bronchodilator prophylactic effects).","Theophylline relaxes the smooth muscle of the bronchial airways and pulmonary blood vessels and reduces airway responsiveness to histamine, methacholine, adenosine, and allergen. Theophylline competitively inhibits type III and type IV phosphodiesterase (PDE), the enzyme responsible for breaking down cyclic AMP in smooth muscle cells, possibly resulting in bronchodilation. Theophylline also binds to the adenosine A2B receptor and blocks adenosine mediated bronchoconstriction. In inflammatory states, theophylline activates histone deacetylase to prevent transcription of inflammatory genes that require the acetylation of histones for transcription to begin.","ADENOSINE RECEPTOR A1; 5'-NUCLEOTIDASE; ADENOSINE RECEPTOR A2A; ADENOSINE RECEPTOR A2B; 3',5'-CYCLIC-AMP PHOSPHODIESTERASE 4B; CGMP-SPECIFIC 3',5'-CYCLIC PHOSPHODIESTERASE; 3',5'-CYCLIC-AMP PHOSPHODIESTERASE 4A; CGMP-INHIBITED 3',5'-CYCLIC PHOSPHODIESTERASE 3A; HISTONE DEACETYLASE 2; COPINE-1; MINOR HISTOCOMPATIBILITY ANTIGEN H13; BOS COMPLEX SUBUNIT NOMO1; POLY [ADP-RIBOSE] POLYMERASE 1; PROTEIN RIC-3; TUBULIN MONOGLYCYLASE TTLL3",ADENOSINE RECEPTOR A2A,ADORA2A,ADENOSINE A2A RECEPTOR,INDIRECT,Cytochrome P450 1A1; Cytochrome P450 1B1; Cytochrome P450 2D6; Cytochrome P450 1A2; Adenosine deaminase; Cytochrome P450 2E1; Cytochrome P450 3A4,Solute carrier family 22 member 7,Caffeine Metabolism,R03DA54; R03DA74; R03DA20; R03DA04; R03DB04,CAS: 58-55-9,C0039771
DB00280,Disopyramide,A class I anti-arrhythmic agent (one that interferes directly with the depolarization of the cardiac membrane and thus serves as a membrane-stabilizing agent) with a depressant action on the heart similar to that of guanidine. It also possesses some anticholinergic and local anesthetic properties.,small molecule,approved,"For the treatment of documented ventricular arrhythmias, such as sustained ventricular tachycardia, ventricular pre-excitation and cardiac dysrhythmias. It is a Class Ia antiarrhythmic drug.","Disopyramide is an anti-arrhythmic drug indicated for the treatment of documented ventricular arrhythmias, such as sustained ventricular tachycardia that are life-threatening. At therapeutic plasma levels, disopyramide shortens the sinus node recovery time, lengthens the effective refractory period of the atrium, and has a minimal effect on the effective refractory period of the AV node. Little effect has been shown on AV-nodal and His-Purkinje conduction times or QRS duration. However, prolongation of conduction in accessory pathways occurs.","Disopyramide is a Type 1A antiarrhythmic drug (ie, similar to procainamide and quinidine). It inhibits the fast sodium channels. In animal studies Disopyramide decreases the rate of diastolic depolarization (phase 4) in cells with augmented automaticity, decreases the upstroke velocity (phase 0) and increases the action potential duration of normal cardiac cells, decreases the disparity in refractoriness between infarcted and adjacent normally perfused myocardium, and has no effect on alpha- or beta-adrenergic receptors.",SODIUM CHANNEL PROTEIN TYPE 5 SUBUNIT ALPHA; MUSCARINIC ACETYLCHOLINE RECEPTOR M1; MUSCARINIC ACETYLCHOLINE RECEPTOR M2; MUSCARINIC ACETYLCHOLINE RECEPTOR M3; A-TYPE VOLTAGE-GATED POTASSIUM CHANNEL KCND2; A-TYPE VOLTAGE-GATED POTASSIUM CHANNEL KCND3; VOLTAGE-GATED INWARDLY RECTIFYING POTASSIUM CHANNEL KCNH2; ALPHA-1-ACID GLYCOPROTEIN 2,MUSCARINIC ACETYLCHOLINE RECEPTOR M3,CHRM3,CHOLINERGIC RECEPTOR MUSCARINIC 3,INDIRECT,Cytochrome P450 1A2; Cytochrome P450 3A4,Solute carrier family 22 member 1; Solute carrier family 22 member 2,Disopyramide Action Pathway,C01BA03,CAS: 3737-09-5,C0012702
DB00332,Ipratropium,"Ipratropium is a quaternary ammonium derivative of [atropine][A176957] that acts as an anticholinergic agent.[A176939] It is commonly administered through inhalation which allows producing a local effect without presenting a significant systemic absorption.[A176957]

Ipratropium as a therapeutic agent was developed by Boehringer Ingelheim and its first monotherapy product was FDA approved in 1986, while the combination product of ipratropium and [albuterol] was approved in 1996.[L5894, L5891]",small molecule,approved; experimental,"Inhaled ipratropium is indicated in combination with inhaled beta-agonist systemic corticosteroids for the management of severe exacerbations of asthma flares requiring treatment.[A176939]

Asthma exacerbations are characterized by a progressive increase in one or more of asthma symptoms accompanied by a decrease in expiratory flow.[L5900]

As a single agent, ipratropium was indicated for the symptomatic relief of rhinorrhea associated with the common cold or seasonal allergic rhinitis for patients 5 years or older. It does not alleviate nasal congestion nor sneezing.[FDA label]

Rhinorrhea refers to recurrent or chronic watery nasal discharge. This condition is debilitating and its pathogenesis and etiology is complex and not very well understood presenting very substantial cost burden.[L5903]

Additionally, ipratropium is indicated as a bronchodilator for maintenance treatment of bronchospasm associated with chronic obstructive pulmonary disease including chronic bronchitis and emphysema.[FDA label]

The chronic obstructive pulmonary disease includes a large number of conditions characterized by breathlessness. As this includes several conditions, the etiology, symptoms, and treatments are diverse.[L5906]

Ipratropium has also been studied to be used for the treatment of sialorrhea.[A176942]

Sialorrhea is a common symptom that accompanies different neurologic conditions and it is characterized by drooling or excessive salivation.[A176963]","Ipratropium is a short-acting agent that inhibits the parasympathetic nervous system at the level of the airway which then produces bronchodilatation. The effect of this agent starts after 1-2 hours and it is known to last only from 4 to 6 hours.[A176945] As part of the effect, ipratropium relaxes the bronchial airways which reverse the narrowing that accounts for wheezy breathing, chest tightness, cough and abnormal gas exchange.[T457]

In clinical trials where ipratropium was used in the initial management of status asthmaticus, it was demonstrated a clear benefit in pulmonary function in children and adults. However, the continuous use of ipratropium after an acute asthmatic attack is not proven to be significantly advantageous[A176939] nor the prophylactic administration of this agent.[T542]","Ipratropium acts as an antagonist of the muscarinic acetylcholine receptor.[A176939] This effect produces the inhibition of the parasympathetic nervous system in the airways and hence, inhibit their function. The function of the parasympathetic system in the airway is to generate bronchial secretions and constriction and hence, the inhibition of this action can lead to bronchodilation and fewer secretions.[A176945]

At the cellular level, the diameter of the airways is controlled by the release of acetylcholine into the muscle cells causing them to contract and producing a narrow airway. Thus administration of ipratropium stops the activity of acetylcholine in the smooth muscle preventing the contraction and producing relaxed airways.[T457]",MUSCARINIC ACETYLCHOLINE RECEPTOR M3; MUSCARINIC ACETYLCHOLINE RECEPTOR M1; MUSCARINIC ACETYLCHOLINE RECEPTOR M2,MUSCARINIC ACETYLCHOLINE RECEPTOR M3,CHRM3,CHOLINERGIC RECEPTOR MUSCARINIC 3,INDIRECT,,Organic cation/carnitine transporter 2; Solute carrier family 22 member 4,,R03BB01; R01AX03; R03AL01; R03AL02,CAS: 60205-81-4,C0027235
DB00342,Terfenadine,"In the U.S., Terfenadine was superseded by fexofenadine in the 1990s due to the risk of cardiac arrhythmia caused by QT interval prolongation.",small molecule,approved; withdrawn,"For the treatment of allergic rhinitis, hay fever, and allergic skin disorders.","Terfenadine, an H1-receptor antagonist antihistamine, is similar in structure to astemizole and haloperidol, a butyrophenone antipsychotic. The active metabolite of terfenadine is fexofenadine.","Terfenadine competes with histamine for binding at H1-receptor sites in the GI tract, uterus, large blood vessels, and bronchial muscle. This reversible binding of terfenadine to H1-receptors suppresses the formation of edema, flare, and pruritus resulting from histaminic activity. As the drug does not readily cross the blood-brain barrier, CNS depression is minimal.",HISTAMINE H1 RECEPTOR; MUSCARINIC ACETYLCHOLINE RECEPTOR M3; MUSCARINIC ACETYLCHOLINE RECEPTOR M1; MUSCARINIC ACETYLCHOLINE RECEPTOR M5; MUSCARINIC ACETYLCHOLINE RECEPTOR M4; MUSCARINIC ACETYLCHOLINE RECEPTOR M2; VOLTAGE-GATED INWARDLY RECTIFYING POTASSIUM CHANNEL KCNH2,MUSCARINIC ACETYLCHOLINE RECEPTOR M3,CHRM3,CHOLINERGIC RECEPTOR MUSCARINIC 3,INDIRECT,Cytochrome P450 3A4; Cytochrome P450 3A7; Cytochrome P450 2D6; Cytochrome P450 3A5; Cytochrome P450 2C8; Cytochrome P450 2J2,ATP-dependent translocase ABCB1; Bile salt export pump,Terfenadine H1-Antihistamine Action,R06AX12,CAS: 50679-08-8,C0085173
DB00358,Mefloquine,"Malaria is a protozoan disease that places an enormous burden on human health in endemic areas around the world. The 2020 World Health Organization malaria report indicates a 60% decrease in the global malaria fatality rate between 2000 to 2019.[L30618] Despite this, malaria remains a significant cause of morbidity and mortality; 90% of deaths from malaria occur in Africa. Individuals at the highest risk for malaria are those in disease naïve populations, children under age 5, refugees in Central and Eastern Africa, nonimmune civilian and military travelers, pregnant women, and immigrants traveling to their place of origin.[L30623]

Mefloquine, commonly known as Lariam, is an antimalarial drug used for the prevention and treatment of malaria caused by infection with Plasmodium vivax and Plasmodium falciparum. The drug was initially discovered by the Walter Reed Army Institute of Research (WRAIR) during a malaria drug discovery program between 1963 until 1976. It was approved by the FDA in 1989, and was first marketed by Hoffman Laroche.[A226838] This drug has been the subject of widespread controversy due to concerns regarding neurotoxic effects; product information warns of potential serious neuropsychiatric effects.[A226838,L8953]",small molecule,approved; investigational,"Mefloquine is indicated for the treatment of mild to moderate cases of malaria caused by Plasmodium falciparum and Plasmodium vivax.  It is effective against chloroquine-resistant forms of Plasmodium falciparum.  Mefloquine is also indicated for the prophylaxis of malaria caused by Plasmodium falciparum and Plasmodium vivax, including chloroquine-resistant forms of Plasmodium falciparum.[L8953] ","Sporozoites located in the salivary glands of mosquitoes infected with malaria parasites are introduced into the bloodstream of a human host during mosquito feeding. These sporozoites rapidly invade the liver, where they mature into liver-stage schizonts, rupturing and releasing 2,000 - 40,000 merozoites that invade red blood cells.[L30688] Mefloquine is an antimalarial drug acting as a blood schizonticide, preventing and treating malaria.[A226823,A226833]
","The mechanism of action of mefloquine is not completely understood. Some studies suggest that mefloquine specifically targets the 80S ribosome of the Plasmodium falciparum, inhibiting protein synthesis and causing subsequent schizonticidal effects.[A172000] There are other studies in the literature with limited in vitro data on mefloquine's mechanism of action.[A226938,A15758]",FE(II)-PROTOPORPHYRIN IX; 80S RIBOSOMAL SUBUNIT; ADENOSINE RECEPTOR A2A,ADENOSINE RECEPTOR A2A,ADORA2A,ADENOSINE A2A RECEPTOR,INDIRECT,Aromatase; Acetylcholinesterase; Cholinesterase; Cytochrome P450 3A4,ATP-dependent translocase ABCB1,,P01BF02; P01BC02,CAS: 53230-10-7,C0025153
DB00363,Clozapine,"Clozapine is a tricyclic dibenzodiazepine, classified as an atypical antipsychotic agent.[A256708] Clozapine displays affinity to various neuroreceptors with a particularly low affinity to the dopamine receptors, thus breaking the mold of first-generation antipsychotics and deeming it ""atypical"".[A256723]. This low affinity to dopamine receptors results in fewer extrapyramidal side effects, especially tardive dyskinesia.[A185747] However, its promiscuity toward the muscarinic and adrenergic receptors can result in other side effects, notably gastrointestinal hypomotility and orthostatic hypotension. [L905,A215552]. Despite its effectiveness in treating both positive and negative symptoms of schizophrenia, clozapine was briefly removed from the market in various jurisdictions in 1970 due to severe agranulocytosis.[A256713,A256718] However, continued evidence of its effectiveness led to clozapine's eventual reintroduction, although with a reluctance to prescribe it.[A256718] 

Clozapine was approved by the FDA in 1989 for treatment-resistant schizophrenia under the brand CLOZARIL.[L905] Due to its severe adverse effects profile, clozapine is only available through a restricted program under a Risk Evaluation Mitigation Strategy (REMS) called the Clozapine REMS Program.[L905]",small molecule,approved,"Clozapine is indicated for the treatment of severely ill patients with schizophrenia who fail to respond adequately to standard antipsychotic treatment. Because of the risks of severe neutropenia and of seizure associated with its use, Clozapine should be used only in patients who have failed to respond adequately to standard antipsychotic treatment.[L905]

Clozapine is also indicated for reducing the risk of recurrent suicidal behavior in patients with schizophrenia or schizoaffective disorder who are judged to be at chronic risk for re-experiencing suicidal behavior, based on history and recent clinical state. Suicidal behavior refers to actions by a patient that put him/herself at risk for death.[L905]","Clozapine is a psychotropic agent belonging to the chemical class of benzisoxazole derivatives that is universally regarded as the treatment of choice for treatment-resistant schizophrenia.[A256568] Although it is thought to mediate its pharmacological effect through antagonism of the dopamine type 2 (D<sub>2</sub>) and the serotonin type 2A (5-HT<sub>2A</sub>) receptors, research have shown that clozapine can act on various types of receptors.[A185747]

Patients should be counseled regarding the risk of hypersensitivity reactions such as agranulocytosis and myocarditis with clozapine use.[L905] Clozapine-induced agranulocytosis, which is a reduction in the absolute neutrophil count or white blood cell count, places the patient at an increased risk for infection.[A215552,L905] Agranulocytosis is most likely to occur in the first 3-6 months of therapy, but it can still occur after years of treatment. The mechanism is thought to be a dose-independent and immune-mediated reaction against neutrophils.[A215557]  Patients are strictly monitored by lab testing (complete blood count with differential) to ensure agranulocytosis is detected and treated if it occurs.[L905] Testing is initially completed at one-week intervals but is expanded to two-week intervals at six months, and then four-week intervals at twelve months if lab results have been within an appropriate range. Monitoring parameters may change if there is any break in therapy. In Canada, the patient's lab values are reported to the manufacturer for hematological monitoring, and in the USA, the patient's lab values are reported to the REMS (Risk Evaluation and Mitigation Strategy) program.[A215562] These programs function to notify the care provider of any significant drop in WBC/neutrophil count, or if there is a drop below a threshold level. Patients who enter the ""Red"" zone (WBC<2x109/L or ANC<1.5x109/L) should normally not be re-challenged.[L905]  

Clozapine-induced myocarditis is a hypersensitivity reaction that usually occurs in the third week of clozapine therapy and about 2% of clozapine patients.[A215547] Monitor the patient's troponin, CRP, and ECG at baseline, and 28 days into treatment. Follow guidelines for appropriate next steps according to the patient's lab results. If myocarditis occurs, the patient should not be re-challenged with clozapine.[L905] ","The mechanism of action of clozapine is unknown. However, it has been proposed that the therapeutic efficacy of clozapine in schizophrenia is mediated through antagonism of the dopamine type 2 (D<sub>2</sub>) and the serotonin type 2A (5-HT<sub>2A</sub>) receptors. Clozapine also acts as an antagonist at adrenergic, cholinergic, histaminergic, and other dopaminergic and serotonergic receptors.[L905] 

Clozapine demonstrated binding affinity to the following receptors: histamine H1 (Ki 1.1 nM), adrenergic α1A (Ki 1.6 nM), serotonin 5-HT6 (Ki 4 nM), serotonin 5-HT2A (Ki 5.4 nM), muscarinic M1 (Ki 6.2 nM), serotonin 5-HT7 (Ki 6.3 nM), serotonin 5-HT2C (Ki 9.4 nM), dopamine D4 (Ki 24 nM), adrenergic α2A (Ki 90 nM), serotonin 5-HT3 (Ki 95 nM), serotonin 5-HT1A (Ki 120 nM), dopamine D2 (Ki 160 nM), dopamine D1 (Ki 270 nM), dopamine D5 (Ki 454 nM), and dopamine D3 (Ki 555 nM).[L905] 

Clozapine acts as an antagonist at other receptors, but with lower potency. Antagonism at receptors other than dopamine and 5HT<sub>2</sub> with similar receptor affinities may explain some of the other therapeutic and side effects of clozapine. Clozapine's antagonism of muscarinic M1-5 receptors may explain its anticholinergic effects.[A256553] Clozapine's antagonism of histamine H1 receptors may explain the somnolence observed with this drug.[A256558] Clozapine's antagonism of adrenergic α1 receptors may explain the orthostatic hypotension observed with this drug.[A256563]",D(2) DOPAMINE RECEPTOR; 5-HYDROXYTRYPTAMINE RECEPTOR 2A; D(1A) DOPAMINE RECEPTOR; D(3) DOPAMINE RECEPTOR; D(4) DOPAMINE RECEPTOR; D(1B) DOPAMINE RECEPTOR; 5-HYDROXYTRYPTAMINE RECEPTOR 1A; 5-HYDROXYTRYPTAMINE RECEPTOR 1B; 5-HYDROXYTRYPTAMINE RECEPTOR 1D; 5-HYDROXYTRYPTAMINE RECEPTOR 1E; 5-HYDROXYTRYPTAMINE RECEPTOR 3A; 5-HYDROXYTRYPTAMINE RECEPTOR 2C; 5-HYDROXYTRYPTAMINE RECEPTOR 6; 5-HYDROXYTRYPTAMINE RECEPTOR 7; ALPHA-2C ADRENERGIC RECEPTOR; HISTAMINE H1 RECEPTOR; HISTAMINE H4 RECEPTOR; ALPHA-1A ADRENERGIC RECEPTOR; ALPHA-1B ADRENERGIC RECEPTOR; ALPHA-2A ADRENERGIC RECEPTOR; ALPHA-2B ADRENERGIC RECEPTOR; MUSCARINIC ACETYLCHOLINE RECEPTOR M1; MUSCARINIC ACETYLCHOLINE RECEPTOR M2; MUSCARINIC ACETYLCHOLINE RECEPTOR M3; MUSCARINIC ACETYLCHOLINE RECEPTOR M4; MUSCARINIC ACETYLCHOLINE RECEPTOR M5; NEURON-SPECIFIC VESICULAR PROTEIN CALCYON; GLUTATHIONE S-TRANSFERASE P; GAMMA-AMINOBUTYRIC ACID TYPE B RECEPTOR SUBUNIT 1; GAMMA-AMINOBUTYRIC ACID TYPE B RECEPTOR SUBUNIT 2; GAMMA-AMINOBUTYRIC ACID RECEPTOR SUBUNIT ALPHA-1; GAMMA-AMINOBUTYRIC ACID RECEPTOR SUBUNIT BETA-1; GAMMA-AMINOBUTYRIC ACID RECEPTOR SUBUNIT GAMMA-1,MUSCARINIC ACETYLCHOLINE RECEPTOR M3,CHRM3,CHOLINERGIC RECEPTOR MUSCARINIC 3,INDIRECT,Cytochrome P450 1A2; Cytochrome P450 2D6; Cytochrome P450 2C9; Cytochrome P450 3A4; Cytochrome P450 2C19; Cytochrome P450 2A6; Cytochrome P450 2C8; Flavin-containing monooxygenase 3; UDP-glucuronosyltransferase 1A4; Cytochrome P450 1A1,ATP-dependent translocase ABCB1; Solute carrier family 22 member 1; Solute carrier family 22 member 2; Solute carrier family 22 member 3,,N05AH02,CAS: 5786-21-0,C0009079
DB00376,Trihexyphenidyl,"Trihexyphenidyl is a centrally acting muscarinic antagonist used for treatment of parkinsonism and drug-induced extrapyramidal disorders.[L31773,L31778] Its discovery was published in 1949 in a study looking for drugs with antispasmodic activity.[A229103] Trihexyphenidyl is rarely used in the treatment of parkinsonism, and is not a first line treatment due to significant adverse effects.[L31843] It has largely been replaced by drugs such as [levodopa].[L31843]

Trihexyphenidyl was granted FDA approval on 13 May 1949.[L31768]",small molecule,approved,"Tihexyphenidyl is indicated as an adjunct in the treatment of parkinsonism, an adjuvant in the treatment of parkinsonism with levodopa, and in the control of extrapyramidal disorders caused by central nervous system drugs.[L31773,L31778]","Trihexyphenidyl is an antimuscarinic indicated as an adjunct in the treatment of parkinsonism or as a treatment for drug-induced extrapyramidal symptoms.[L31773,L31778] It has a long duration of action as it does not need to be given every day.[L31793] It has a wide therapeutic window, with acute toxicity being non fatal in doses as high as 300 mg.[L31793] Patients should have their iridocorneal angle examined before and intraocular pressure monitored during therapy.[L31793] Patients should be counselled regarding the risk of anhidrosis and hyperthermia.[L31793]","Trihexyphenidyl is a non-selective muscarinic acetylcholine receptor antagonist but binds with higher affinity to the M1 subtype.[A4716] In vivo studies have shown that trihexyphenidyl demonstrates higher affinity for central muscarinic receptors located in the cerebral cortex and lower affinity for those located peripherally.[A4716,A222363] Other studies suggest that trihexyphenidyl may modify nicotinic acetylcholine receptor neurotransmission, leading indirectly to enhanced dopamine release in the striatum.[A222373] Although the anticholinergic has proven to be useful in the treatment of symptoms associated with Parkinson’s disease or other movement disorders, its mechanism of action has yet to be fully elucidated.[A222368,A222358]",MUSCARINIC ACETYLCHOLINE RECEPTOR M1; BETA-3 ADRENERGIC RECEPTOR; MUSCARINIC ACETYLCHOLINE RECEPTOR M2; MUSCARINIC ACETYLCHOLINE RECEPTOR M3; MUSCARINIC ACETYLCHOLINE RECEPTOR M4; MUSCARINIC ACETYLCHOLINE RECEPTOR M5,MUSCARINIC ACETYLCHOLINE RECEPTOR M3,CHRM3,CHOLINERGIC RECEPTOR MUSCARINIC 3,INDIRECT,,,,N04AA01,CAS: 144-11-6,C0041009
DB00383,Oxyphencyclimine,Oxyphencyclimine is an anticholinergic drug (trade name Daricon) used in treating peptic ulcers.,small molecule,approved,For the treatment of peptic ulcer disease and the relief of smooth muscle spasms in gastrointestinal disorders.,"Oxyphencyclimine is a synthetic anticholinergic agent which has been shown in experimental and clinical studies to have a pronounced antispasmodic and antisecretory effect on the gastrointestinal tract. Oxyphencyclimine is an antimuscarinic, anticholinergic drug.","Oxyphencyclimine binds the muscarinic acetylcholine receptor. It may block all three types of muscarinic receptors including M-1 receptors in the CNS and ganglia, M-2 receptors in the heart (vagus) and M-3 receptors at the parasympathetic NEJ system. The muscarinic acetylcholine receptors mediate various cellular responses, including inhibition of adenylate cyclase, breakdown of phosphoinositides and modulation of potassium channels through the action of G proteins. Oxphencyclimine inhibits vagally mediated reflexes by antagonizing the action of acetylcholine. This in turn reduces the secretion of gastric acids in the stomach.",MUSCARINIC ACETYLCHOLINE RECEPTOR M5; MUSCARINIC ACETYLCHOLINE RECEPTOR M3; MUSCARINIC ACETYLCHOLINE RECEPTOR M1; MUSCARINIC ACETYLCHOLINE RECEPTOR M2,MUSCARINIC ACETYLCHOLINE RECEPTOR M3,CHRM3,CHOLINERGIC RECEPTOR MUSCARINIC 3,INDIRECT,,,,A03AA01; A03CA03,CAS: 125-53-1,C0069833
DB00387,Procyclidine,A muscarinic antagonist that crosses the blood-brain barrier and is used in the treatment of drug-induced extrapyramidal disorders and in parkinsonism.,small molecule,approved,"For the treatment of all forms of Parkinson's Disease, as well as control of extrapyramidal reactions induced by antipsychotic agents.","Procyclidine has an atropine-like action on parasympathetic-innervated peripheral structures including smooth muscle. It's antispasmodic effects are thought to be related to the blockage of central cholinergic receptors M1, M2 and M4. It is used to treat symptomatic Parkinsonism and extrapyramidal dysfunction caused by antipsychotic agents.","The mechanism of action is unknown. It is thought that Procyclidine acts by blocking central cholinergic receptors, and thus balancing cholinergic and dopaminergic activity in the basal ganglia. Many of its effects are due to its pharmacologic similarities with atropine. Procyclidine exerts an antispasmodic effect on smooth muscle, and may produce mydriasis and reduction in salivation.",MUSCARINIC ACETYLCHOLINE RECEPTOR M3; MUSCARINIC ACETYLCHOLINE RECEPTOR M5; MUSCARINIC ACETYLCHOLINE RECEPTOR M1; MUSCARINIC ACETYLCHOLINE RECEPTOR M2; MUSCARINIC ACETYLCHOLINE RECEPTOR M4,MUSCARINIC ACETYLCHOLINE RECEPTOR M3,CHRM3,CHOLINERGIC RECEPTOR MUSCARINIC 3,INDIRECT,,,,N04AA04,CAS: 77-37-2,C0033254
DB00408,Loxapine,An antipsychotic agent used in schizophrenia. [PubChem],small molecule,approved,For the management of the manifestations of psychotic disorders such as schizophrenia,"Loxapine, a dibenzoxazepine compound, represents a subclass of tricyclic antipsychotic agents, chemically distinct from the thioxanthenes, butyrophenones, and phenothiazines. Pharmacologically, Loxapine is a tranquilizer for which the exact mode of action has not been established, however, it is believed that by antagonising dopamine and serotonin receptors, there is a marked cortical inhibition which can manifest as tranquilization and suppression of aggression.","Loxapine is a dopamine antagonist, and also a serotonin 5-HT2 blocker. The exact mode of action of Loxapine has not been established, however changes in the level of excitability of subcortical inhibitory areas have been observed in several animal species in association with such manifestations of tranquilization as calming effects and suppression of aggressive behavior.",5-HYDROXYTRYPTAMINE RECEPTOR 2A; D(2) DOPAMINE RECEPTOR; 5-HYDROXYTRYPTAMINE RECEPTOR 2C; 5-HYDROXYTRYPTAMINE RECEPTOR 1A; 5-HYDROXYTRYPTAMINE RECEPTOR 1B; 5-HYDROXYTRYPTAMINE RECEPTOR 1D; 5-HYDROXYTRYPTAMINE RECEPTOR 1E; 5-HYDROXYTRYPTAMINE RECEPTOR 3A; 5-HYDROXYTRYPTAMINE RECEPTOR 5A; 5-HYDROXYTRYPTAMINE RECEPTOR 6; 5-HYDROXYTRYPTAMINE RECEPTOR 7; ALPHA-1A ADRENERGIC RECEPTOR; ALPHA-1B ADRENERGIC RECEPTOR; ALPHA-2A ADRENERGIC RECEPTOR; ALPHA-2B ADRENERGIC RECEPTOR; ALPHA-2C ADRENERGIC RECEPTOR; BETA-1 ADRENERGIC RECEPTOR; MUSCARINIC ACETYLCHOLINE RECEPTOR M1; MUSCARINIC ACETYLCHOLINE RECEPTOR M2; MUSCARINIC ACETYLCHOLINE RECEPTOR M3; MUSCARINIC ACETYLCHOLINE RECEPTOR M4; MUSCARINIC ACETYLCHOLINE RECEPTOR M5; D(1) DOPAMINE RECEPTOR; D(3) DOPAMINE RECEPTOR; D(4) DOPAMINE RECEPTOR; D(1B) DOPAMINE RECEPTOR; HISTAMINE H1 RECEPTOR; HISTAMINE H2 RECEPTOR; HISTAMINE H4 RECEPTOR; SODIUM-DEPENDENT SEROTONIN TRANSPORTER; SODIUM-DEPENDENT NORADRENALINE TRANSPORTER; SODIUM-DEPENDENT DOPAMINE TRANSPORTER; D(1A) DOPAMINE RECEPTOR,MUSCARINIC ACETYLCHOLINE RECEPTOR M3,CHRM3,CHOLINERGIC RECEPTOR MUSCARINIC 3,INDIRECT,,,,N05AH01,CAS: 1977-10-2,C0024056
DB00411,Carbamoylcholine,"Carbamoylcholine, also known as carbachol, is a muscarinic agonist discovered in 1932.[A226315] Carbamoylcholine was initially used as a treatment for migraines,[A226365] induction of diuresis,[A226370] and other parasympathetic effects.

Carbamoylcholine was granted FDA approval on 28 September 1972.[L30245]",small molecule,approved,Carbamoylcholine is indicated to induce miosis for surgery and to reduce intraocular pressure elevations in the first 24 hours after cataract surgery.[L30245],"Carbamoylcholine is a parasympathomimetic that acts as an agonist of muscarinic and nicotinic receptors.[A226320,L30245] It is more resistant to hydrolysis by acetylcholinesterase than other choline esters leading to a longer duration of action, with significant effects 24 hours after administration.[A226360] Data regarding the therapeutic index of carbamoylcholine is not readily available.[L30245] Patients should be counselled regarding the risk of administering the drug to patients with acute cardiac failure, bronchial asthma, peptic ulcer, hyperthyroidism, gastrointestinal spasm, urinary tract obstruction, or Parkinson's disease.[L30245]","Carbamoylcholine is a parasympathomimetic that acts as an agonist of muscarinic and nicotinic receptors.[A226320,L30245] Intraocular administration leads to miosis and decreases intraocular pressure via increased aqueous humour outflow.[A226320,L30245]",MUSCARINIC ACETYLCHOLINE RECEPTOR M1; MUSCARINIC ACETYLCHOLINE RECEPTOR M2; NEURONAL ACETYLCHOLINE RECEPTOR SUBUNIT ALPHA-2; MUSCARINIC ACETYLCHOLINE RECEPTOR M3; MUSCARINIC ACETYLCHOLINE RECEPTOR M4,MUSCARINIC ACETYLCHOLINE RECEPTOR M3,CHRM3,CHOLINERGIC RECEPTOR MUSCARINIC 3,INDIRECT,Cytosolic phospholipase A2; Acetylcholinesterase,,,N07AB01; S01EB02,CAS: 462-58-8,C0600175
DB00424,Hyoscyamine,"Hyoscyamine is a tropane alkaloid and the levo-isomer of [atropine].[A228423] It is commonly extracted from plants in the _Solanaceae_ or nightshade family.[A228423] Research into the action of hyoscyamine in published literature dates back to 1826.[A228713] Hyoscyamine is used for a wide variety of treatments and therapeutics due to its antimuscarinic properties.[L31548,L31553]

Although hyoscyamine is marketed in the United States, it is not FDA approved.[L31548,L31553]",small molecule,approved,"As a drug that is not FDA approved, hyscyamine has no official indications.[L31548,L31553] Intravenous hysocyamine has been used to reduce gastric motility, reduce pancreatic pain and secretions, to facilitate imaging of the gastrointestinal tract, treat anticholinesterase toxicity, treat certain cases of partial heart block, improve visualization of the kidneys, and for symptomatic relief of biliary and renal colic.[L31548] Intravenous hyoscyamine is also used pre-operatively to reduce secretions of the mouth and respiratory tract to facilitate intubation.[L31548] Oral hyoscyamine is used to treat functional intestinal disorders, for symptomatic relief of biliary and renal colic, and symptomatic relief of acute rhinitis.[L31553]","Hyoscyamine is not FDA approved, and so it has not official indications.[L31548,L31553] However, it is used as an antimuscarinic agent in a number of treatments and therapies.[L31548,L31553] Hyoscyamine has a short duration of action as it may need to be given multiple times per day.[L31548,L31553] Patients should be counselled regarding the risks and signs of anticholinergic toxicity.[L31548,L31553]","Hyoscyamine competitively and non-selectively antagonises muscarinic receptors in the smooth muscle, cardiac muscle, sino-atrial node, atrioventricular node, exocrine nodes, gastrointestinal tract, and respiratory tract.[A228613,L31548,L31553] Antagonism of muscarinic M1, M4, and M5 receptors in the central nervous system lead to cognitive impairment; antagonism of M2 in the sinoatrial and atrioventricular nodes leads to increases in heart rate and atrial contractility; and antagonism of M3 in smooth muscle results in reduced peristalsis, bladder contraction, salivary secretions, gastric secretions, bronchial secretions, sweating, increased bronchodilation, mydriasis, and cycloplegia.[A228613,A228623,A228633]",MUSCARINIC ACETYLCHOLINE RECEPTOR M1; MUSCARINIC ACETYLCHOLINE RECEPTOR M5; MUSCARINIC ACETYLCHOLINE RECEPTOR M2; MUSCARINIC ACETYLCHOLINE RECEPTOR M3; MUSCARINIC ACETYLCHOLINE RECEPTOR M4; ADENYLATE CYCLASE TYPE 1,MUSCARINIC ACETYLCHOLINE RECEPTOR M3,CHRM3,CHOLINERGIC RECEPTOR MUSCARINIC 3,INDIRECT,,,,A03BA03; A03CB31,CAS: 101-31-5,C0596004
DB00431,Lindane,"An organochlorine insecticide that has been used as a pediculicide and a scabicide. Lindane has been banned in California, United Kingdom, Australia, and many western countries due to concerns about neurotoxicity and adverse effects on the environment. In Canada, Lindane is not recommmended as a first-line therapy due to reports of resistance, neurotoxicity, and bone marrow suppression, but has been approved by the FDA as a second-line therapy for topical treatment of pediculosis capitis (head lice), pediculosis pubis (pubic lice), or scabies in patients greater than two years of age who cannot tolerate or have failed first-line treatment. Lindane is still allowed for pharmaceutical use until 2015.",small molecule,approved; withdrawn,"For the treatment of patients infested with Sarcoptes scabiei or pediculosis capitis who have either failed to respond to adequate doses, or are intolerant of other approved therapies.","Scabies is a common, highly pruritic infestation of the skin caused by Sarcoptes scabiei (lice). It is a very contagious condition with specific lesions, such as burrows, and nonspecific lesions, such as papules, vesicles and excoriations. The typical areas of the body it affects are finger webs, scalp (hair), wrists, axillary folds, abdomen, buttocks, inframammary folds and genitalia (males). It is characterized by intense night-time itching. Scabies is spread through close personal contact (relatives, sexual partners, schoolchildren, chronically ill patients and crowded communities). Scabies infestations and the corresponding symptoms can be eliminated by killing the scabies with topical insecticides or scabicides. Lindane is a scabicide that is essentially an organochloride insecticide.","Lindane is an organochloride insecticide that has similar neurotoxic protperties to DDT. It exerts its parasiticidal action by being directly absorbed through the parasite's exoskeleton (primarily lice, or scabies) and their ova. The gamma-aminobutyric acid (GABA(1)) receptor/chloride ionophore complex is the primary site of action for lindane, and other insecticides such as endosulfan, and fipronil. Blockage of the GABA-gated chloride channel reduces neuronal inhibition, which leads to hyperexcitation of the central nervous system. This results in paralysis, convulsions, and death. Lindane has very low ovicidal activity.",GAMMA-AMINOBUTYRIC ACID RECEPTOR SUBUNIT BETA-1; GLYCINE RECEPTOR SUBUNIT ALPHA-1; GLYCINE RECEPTOR SUBUNIT ALPHA-2; GLYCINE RECEPTOR SUBUNIT ALPHA-3; GLYCINE RECEPTOR SUBUNIT BETA; GAMMA-AMINOBUTYRIC ACID RECEPTOR SUBUNIT BETA-3; GAMMA-AMINOBUTYRIC ACID RECEPTOR SUBUNIT RHO-1; PROGESTERONE RECEPTOR; ESTROGEN RECEPTOR; NUCLEAR RECEPTOR SUBFAMILY 1 GROUP I MEMBER 2,GLYCINE RECEPTOR SUBUNIT ALPHA-2,GLRA2,"GLYCINE RECEPTOR, ALPHA 2",INDIRECT,,,,P03AB02,CAS: 58-89-9,C0005038
DB00434,Cyproheptadine,"Cyproheptadine is a potent competitive antagonist of both serotonin and histamine receptors.[L32474] It is used primarily to treat allergic symptoms, though it is perhaps more notable for its use in appetite stimulation[L32519] and its off-label use in the treatment of serotonin syndrome.[A231274]",small molecule,approved,"In the US, prescription cyproheptadine is indicated for the treatment of various allergic symptomatologies - including dermatographia, rhinitis, conjunctivitis, and urticaria - as well as adjunctive therapy in the management of anaphylaxis following treatment with epinephrine.[L32474] In Canada, cyproheptadine is available over-the-counter and is indicated for the treatment of pruritus and for appetite stimulation.[L32519] In Australia, cyproheptadine is additionally indicated for the treatment vascular headaches.[L32479]

Cyproheptadine is also used off-label for the treatment of serotonin syndrome.[A231274]","Cyproheptadine has been observed to antagonize several pharmacodynamic effects of serotonin in laboratory animals, including bronchoconstriction and vasodepression, and has demonstrated similar efficacy in antagonizing histamine-mediated effects.[L32479] The reason for its efficacy in preventing anaphylactic shock has not been elucidated, but appears to be related to its anti-serotonergic effects.[L32479]",Cyproheptadine appears to exert its antihistamine and antiserotonin effects by competing with free histamine and serotonin for binding at their respective receptors.[L32479] Antagonism of serotonin on the appetite center of the hypothalamus may account for cyproheptadine's ability to stimulate the appetite.,HISTAMINE H1 RECEPTOR; 5-HYDROXYTRYPTAMINE RECEPTOR 2A; 5-HYDROXYTRYPTAMINE RECEPTOR 2C; HISTAMINE H2 RECEPTOR; 5-HYDROXYTRYPTAMINE RECEPTOR 2B; MUSCARINIC ACETYLCHOLINE RECEPTOR M1; MUSCARINIC ACETYLCHOLINE RECEPTOR M2; MUSCARINIC ACETYLCHOLINE RECEPTOR M3; 5-HYDROXYTRYPTAMINE RECEPTOR 7,MUSCARINIC ACETYLCHOLINE RECEPTOR M3,CHRM3,CHOLINERGIC RECEPTOR MUSCARINIC 3,INDIRECT,UDP-glucuronosyltransferase 1A3; UDP-glucuronosyltransferase 1A4; UDP-glucuronosyltransferase 2B10,Solute carrier family 22 member 1,Cyproheptadine H1-Antihistamine Action,R06AX02,CAS: 129-03-3,C0010620
DB00458,Imipramine,"Imipramine, the prototypical tricyclic antidepressant (TCA), is a dibenzazepine-derivative TCA. TCAs are structurally similar to phenothiazines. They contain a tricyclic ring system with an alkyl amine substituent on the central ring. In non-depressed individuals, imipramine does not affect mood or arousal, but may cause sedation. In depressed individuals, imipramine exerts a positive effect on mood. TCAs are potent inhibitors of serotonin and norepinephrine reuptake. Tertiary amine TCAs, such as imipramine and amitriptyline, are more potent inhibitors of serotonin reuptake than secondary amine TCAs, such as nortriptyline and desipramine. TCAs also block histamine H<sub>1</sub> receptors, &alpha;<sub>1</sub>-adrenergic receptors and muscarinic receptors, which accounts for their sedative, hypotensive and anticholinergic effects (e.g. blurred vision, dry mouth, constipation, urinary retention), respectively [A6584]. Imipramine has less sedative and anticholinergic effects than the tertiary amine TCAs, amitriptyline and clomipramine. Imipramine may be used to treat depression and nocturnal enuresis in children [FDA Label]. Unlabeled indications include chronic and neuropathic pain (including diabetic neuropathy), panic disorder, attention-deficit/hyperactivity disorder (ADHD), and post-traumatic stress disorder (PTSD) [L1349,L1348,A31900,L1351,L1352,L1353,A31904].",small molecule,approved,"For the relief of symptoms of depression and as temporary adjunctive therapy in reducing enuresis in children aged 6 years and older [FDA Label]. 

May also be used off-label to manage panic disorders with or without agoraphobia, as a second line agent for ADHD in children and adolescents, to manage bulimia nervosa, for short-term management of acute depressive episodes in bipolar disorder and schizophrenia, for the treatment of acute stress disorder and posttraumatic stress disorder, and for symptomatic treatment of postherpetic neuralgia and painful diabetic neuropathy [L1349,L1348,A31900,L1351,L1352,L1353,A31904]. ","Imipramine is a tricyclic antidepressant with general pharmacological properties similar to those of structurally related tricyclic antidepressant drugs such as amitriptyline and doxepin. While it acts to block both, imipramine displays a much higher affinity for the serotonin reuptake transporter than for the norepinephrine reuptake transporter [A6584]. Imipramine produces effects similar to other monoamine targeting antidepressants, increasing serotonin- and norepinephrine-based neurotransmission.

This modulation of neurotransmission produces a complex range of changes in brain structure and function along with an improvement in depressive symptoms. The changes include increases in hippocampal neurogenesis and reduced downregulation of this neurogenesis in response to stress [A31931]. These implicate brain derived neurotrophic factor signalling as a necessary contributor to antidepressant effect although the link to the direct increase in monoamine neurotransmission is unclear.

Serotonin reuptake targeting agents may also produce a down-regulation in β-adrenergic receptors in the brain [A31938].","Imipramine works by inhibiting the neuronal reuptake of the neurotransmitters norepinephrine and serotonin [A6584,T116]. It binds the sodium-dependent serotonin transporter and sodium-dependent norepinephrine transporter reducing the reuptake of norepinephrine and serotonin by neurons. Depression has been linked to a lack of stimulation of the post-synaptic neuron by norepinephrine and serotonin [A31933]. Slowing the reuptake of these neurotransmitters increases their concentration in the synaptic cleft, producing knock-on effects in protein kinase signalling which is thought to contribute to changes in neurotransmission and brain physiology which relieves symptoms of depression [A31939]. ",SODIUM-DEPENDENT NORADRENALINE TRANSPORTER; SODIUM-DEPENDENT SEROTONIN TRANSPORTER; 5-HYDROXYTRYPTAMINE RECEPTOR 2A; HISTAMINE H1 RECEPTOR; ALPHA-1A ADRENERGIC RECEPTOR; ALPHA-1D ADRENERGIC RECEPTOR; MUSCARINIC ACETYLCHOLINE RECEPTOR M1; MUSCARINIC ACETYLCHOLINE RECEPTOR M2; MUSCARINIC ACETYLCHOLINE RECEPTOR M3; MUSCARINIC ACETYLCHOLINE RECEPTOR M4; MUSCARINIC ACETYLCHOLINE RECEPTOR M5; A-TYPE VOLTAGE-GATED POTASSIUM CHANNEL KCND2; A-TYPE VOLTAGE-GATED POTASSIUM CHANNEL KCND3; 5-HYDROXYTRYPTAMINE RECEPTOR 2C; ALPHA-1B ADRENERGIC RECEPTOR; 5-HYDROXYTRYPTAMINE RECEPTOR 7; D(1) DOPAMINE RECEPTOR; D(2) DOPAMINE RECEPTOR; VOLTAGE-GATED INWARDLY RECTIFYING POTASSIUM CHANNEL KCNH2; SODIUM-DEPENDENT DOPAMINE TRANSPORTER; 5-HYDROXYTRYPTAMINE RECEPTOR 1A; 5-HYDROXYTRYPTAMINE RECEPTOR 6; VOLTAGE-GATED DELAYED RECTIFIER POTASSIUM CHANNEL KCNH1; ALPHA-1-ACID GLYCOPROTEIN 2,MUSCARINIC ACETYLCHOLINE RECEPTOR M3,CHRM3,CHOLINERGIC RECEPTOR MUSCARINIC 3,INDIRECT,Cytochrome P450 2C19; Cytochrome P450 2D6; Cytochrome P450 1A2; Cytochrome P450 3A4; Cytochrome P450 3A7; Cytochrome P450 2B6; Cytochrome P450 2C18; Cytochrome P450 2E1,ATP-dependent translocase ABCB1; Solute carrier family 22 member 2; Solute carrier family 22 member 3; Solute carrier family 22 member 4,Imipramine Action Pathway; Imipramine Metabolism Pathway,N06AA02,CAS: 50-49-7,C0020934
DB00462,Methscopolamine bromide,A muscarinic antagonist used to study binding characteristics of muscarinic cholinergic receptors.,small molecule,approved,Used as adjunctive therapy for the treatment of peptic ulcer. Also used to treat nausea and vomiting due to motion sickness.,"Methscopolamine is a muscarinic antagonist structurally similar to the neurotransmitter acetylcholine and acts by blocking the muscarinic acetylcholine receptors and is thus classified as an anticholinergic. Methscopolamine has many uses including the prevention of motion sickness. It is not clear how Methscopolamine prevents nausea and vomiting due to motion sickness. The vestibular part of the ear is very important for balance. When a person becomes disoriented due to motion, the vestibule sends a signal through nerves to the vomiting center in the brain, and vomiting occurs. Acetylcholine is a chemical that nerves use to transmit messages to each other. It is believe that Methscopolamine prevents communication between the nerves of the vestibule and the vomiting center in the brain by blocking the action of acetylcholine. Methscopolamine also may work directly on the vomiting center. Methscopolamine must be taken before the onset of motion sickness to be effective.",Methscopolamine acts by interfering with the transmission of nerve impulses by acetylcholine in the parasympathetic nervous system (specifically the vomiting center). It does so by acting as a muscarinic antagonist.,MUSCARINIC ACETYLCHOLINE RECEPTOR M2; MUSCARINIC ACETYLCHOLINE RECEPTOR M1; MUSCARINIC ACETYLCHOLINE RECEPTOR M3,MUSCARINIC ACETYLCHOLINE RECEPTOR M3,CHRM3,CHOLINERGIC RECEPTOR MUSCARINIC 3,INDIRECT,,,,,CAS: 155-41-9,C0141756
DB00466,Picrotoxin,"A noncompetitive antagonist at GABA-A receptors and thus a convulsant. Picrotoxin blocks the gamma-aminobutyric acid-activated chloride ionophore. Although it is most often used as a research tool, it has been used as a CNS stimulant and an antidote in poisoning by CNS depressants, especially the barbiturates. [PubChem]",small molecule,experimental,"Used internally for relieving respiratory distress. Also for use as an antidote in poisoning by CNS depressants, especially barbiturates.","Picrotoxin is a toxin obtained from the seeds of the shrub <i>Anamirta cocculus</i>. It is used as a central nervous system stimulant, antidote, convulsant, and GABA (gamma aminobutyric acid) antagonist. It is a noncompetitive antagonist at GABA<sub>A</sub> receptors and thus a convulsant. Picrotoxin blocks the GABA<sub>A</sub>ctivated chloride ionophore. Although it is most often used as a research tool, it has been used as a CNS stimulant and an antidote in poisoning by CNS depressants, especially barbiturates.","Picrotoxin antagonizes the GABA<sub>A</sub> receptor channel directly, which is a ligand-gated ion channel concerned chiefly with the passing of chloride ions across the cell membrane. Therefore picrotoxin prevents Cl<sup>-</sup> channel permeability and thus promtes an inhibitory influence on the target neuron. Picrotoxin reduces conductance through the channel by reducing not only the opening frequency but also the mean open time. Picrotoxin also antagonizes GABA<sub>C</sub> receptors (also called GABA<sub>A</sub>-rho receptors) but the result of this action is not known. The GABA<sub>C</sub> receptor is also linked to chloride channels, with distinct physiological and pharmacological properties. In contrast to the fast and transient responses elicited from GABA<sub>A</sub> receptors, GABA<sub>C</sub> receptors mediate slow and sustained responses.",GAMMA-AMINOBUTYRIC ACID RECEPTOR SUBUNIT RHO-1; GAMMA-AMINOBUTYRIC ACID RECEPTOR SUBUNIT ALPHA-1; GLYCINE RECEPTOR SUBUNIT ALPHA-2; GLYCINE RECEPTOR SUBUNIT ALPHA-3; GLYCINE RECEPTOR SUBUNIT ALPHA-1,GLYCINE RECEPTOR SUBUNIT ALPHA-2,GLRA2,"GLYCINE RECEPTOR, ALPHA 2",INDIRECT,Cytochrome P450 1A1; Glutamine synthetase,,,,CAS: 124-87-8,C0031890
DB00477,Chlorpromazine,"The prototypical phenothiazine antipsychotic drug. Like the other drugs in this class, chlorpromazine's antipsychotic actions are thought to be due to long-term adaptation by the brain to blocking dopamine receptors. Chlorpromazine has several other actions and therapeutic uses, including as an antiemetic and in the treatment of intractable hiccup.",small molecule,approved; investigational; vet_approved,"For the treatment of schizophrenia; to control nausea and vomiting; for relief of restlessness and apprehension before surgery; for acute intermittent porphyria; as an adjunct in the treatment of tetanus; to control the manifestations of the manic type of manic-depressive illness; for relief of intractable hiccups; for the treatment of severe behavioral problems in children (1 to 12 years of age) marked by combativeness and/or explosive hyperexcitable behavior (out of proportion to immediate provocations), and in the short-term treatment of hyperactive children who show excessive motor activity with accompanying conduct disorders consisting of some or all of the following symptoms: impulsivity, difficulty sustaining attention, aggressivity, mood lability, and poor frustration tolerance.",Chlorpromazine is a psychotropic agent indicated for the treatment of schizophrenia. It also exerts sedative and antiemetic activity. Chlorpromazine has actions at all levels of the central nervous system-primarily at subcortical levels-as well as on multiple organ systems. Chlorpromazine has strong antiadrenergic and weaker peripheral anticholinergic activity; ganglionic blocking action is relatively slight. It also possesses slight antihistaminic and antiserotonin activity.,"Chlorpromazine acts as an antagonist (blocking agent) on different postsysnaptic receptors -on dopaminergic-receptors (subtypes D1, D2, D3 and D4 - different antipsychotic properties on productive and unproductive symptoms), on serotonergic-receptors (5-HT1 and 5-HT2, with anxiolytic, antidepressive and antiaggressive properties as well as an attenuation of extrapypramidal side-effects, but also leading to weight gain, fall in blood pressure, sedation and ejaculation difficulties), on histaminergic-receptors (H1-receptors, sedation, antiemesis, vertigo, fall in blood pressure and weight gain), alpha1/alpha2-receptors (antisympathomimetic properties, lowering of blood pressure, reflex tachycardia, vertigo, sedation, hypersalivation and incontinence as well as sexual dysfunction, but may also attenuate pseudoparkinsonism - controversial) and finally on muscarinic (cholinergic) M1/M2-receptors (causing anticholinergic symptoms like dry mouth, blurred vision, obstipation, difficulty/inability to urinate, sinus tachycardia, ECG-changes and loss of memory, but the anticholinergic action may attenuate extrapyramidal side-effects).
Additionally, Chlorpromazine is a weak presynaptic inhibitor of Dopamine reuptake, which may lead to (mild) antidepressive and antiparkinsonian effects. This action could also account for psychomotor agitation and amplification of psychosis (very rarely noted in clinical use).",D(2) DOPAMINE RECEPTOR; D(1A) DOPAMINE RECEPTOR; 5-HYDROXYTRYPTAMINE RECEPTOR 1A; 5-HYDROXYTRYPTAMINE RECEPTOR 2A; ALPHA-1A ADRENERGIC RECEPTOR; ALPHA-1B ADRENERGIC RECEPTOR; HISTAMINE H1 RECEPTOR; VOLTAGE-GATED INWARDLY RECTIFYING POTASSIUM CHANNEL KCNH2; D(1) DOPAMINE RECEPTOR; D(3) DOPAMINE RECEPTOR; D(4) DOPAMINE RECEPTOR; D(1B) DOPAMINE RECEPTOR; 5-HYDROXYTRYPTAMINE RECEPTOR 2C; 5-HYDROXYTRYPTAMINE 2 RECEPTOR; ALPHA-1 ADRENERGIC RECEPTORS; ALPHA-2 ADRENERGIC RECEPTORS; MUSCARINIC ACETYLCHOLINE RECEPTOR M1; MUSCARINIC ACETYLCHOLINE RECEPTOR M3; SPHINGOMYELIN PHOSPHODIESTERASE; ALPHA1-ACID GLYCOPROTEIN; 5-HYDROXYTRYPTAMINE RECEPTOR 6; 5-HYDROXYTRYPTAMINE RECEPTOR 7; HISTAMINE H4 RECEPTOR; CALMODULIN,MUSCARINIC ACETYLCHOLINE RECEPTOR M3,CHRM3,CHOLINERGIC RECEPTOR MUSCARINIC 3,INDIRECT,Cytochrome P450 2D6; Cytochrome P450 1A2; Cytochrome P450 2E1; Cytochrome P450 3A4; Cholinesterase,ATP-dependent translocase ABCB1; Bile salt export pump,,N05AA01,CAS: 50-53-3,C0008286
DB00496,Darifenacin,"Darifenacin (Enablex®, Novartis) is a medication used to treat urinary incontinence.

Darifenacin blocks M3 muscarinic acetylcholine receptors, which mediate bladder muscle contractions. This block reduces the urgency to urinate and so it should not be used in people with urinary retention.

It is unknown if M3 receptor selectivity is clinically advantageous in overactive bladder syndrome treatments.",small molecule,approved; investigational,"For the treatment of overactive bladder with symptoms of urge urinary incontinence, urgency and frequency.","Darifenacin is a competitive muscarinic receptor antagonist. <i>In vitro</i> studies using human recombinant muscarinic receptor subtypes show that darifenacin has greater affinity for the M3 receptor than for the other known muscarinic receptors (9 and 12-fold greater affinity for M3 compared to M1 and M5, respectively, and 59-fold greater affinity for M3 compared to both M2 and M4). Muscarinic receptors play an important role in several major cholinergically mediated functions, including contractions of the urinary bladder smooth muscle and stimulation of salivary secretion. Adverse drug effects such as dry mouth, constipation and abnormal vision may be mediated through effects on M3 receptors in these organs.","Darifenacin selectively antagonizes the muscarinic M3 receptor. M3 receptors are involved in contraction of human bladder and gastrointestinal smooth muscle, saliva production, and iris sphincter function.",MUSCARINIC ACETYLCHOLINE RECEPTOR M3; MUSCARINIC ACETYLCHOLINE RECEPTOR M1; MUSCARINIC ACETYLCHOLINE RECEPTOR M2; MUSCARINIC ACETYLCHOLINE RECEPTOR M4; MUSCARINIC ACETYLCHOLINE RECEPTOR M5,MUSCARINIC ACETYLCHOLINE RECEPTOR M3,CHRM3,CHOLINERGIC RECEPTOR MUSCARINIC 3,INDIRECT,Cytochrome P450 3A4; Cytochrome P450 2D6,,,G04BD10,CAS: 133099-04-4,C0529351
DB00502,Haloperidol,"Haloperidol is a high potency first-generation (typical) antipsychotic and one of the most frequently used antipsychotic medications used worldwide.[A180616] While haloperidol has demonstrated pharmacologic activity at a number of receptors in the brain,[A27477] it exerts its antipsychotic effect through its strong antagonism of the dopamine receptor (mainly D2), particularly within the mesolimbic and mesocortical systems of the brain. Haloperidol is indicated for the treatment of the manifestations of several psychotic disorders including schizophrenia, acute psychosis, Tourette syndrome, and other severe behavioural states.[F4645] It is also used off-label for the management of chorea associated with Huntington's disease and for the treatment of intractable hiccups as it is a potent antiemetic. Dopamine-antagonizing medications such as haloperidol are though to improve psychotic symptoms and states that are caused by an over-production of dopamine, such as schizophrenia, which is theorized to be caused by a hyperdopaminergic state within the limbic system of the brain.[A34360]

Use of the first-generation antipsychotics (including haloperidol) is considered highly effective for the management of the ""positive"" symptoms of schizophrenia including hallucinations, hearing voices, aggression/hostility, disorganized speech, and psychomotor agitation. However, this class of drugs is also limited by the development of movement disorders induced by dopamine-blockade such as drug-induced parkinsonism, akathisia, dystonia, tardive dyskinesia, as well as other side effects including sedation, weight gain, and prolactin changes. While there are limited high-quality studies comparing haloperidol to lower-potency first-generation antipsychotics such as [DB00477], [DB01624], [DB00623], and [DB01403], haloperidol typically demonstrates the least amount of side effects within this class, but demonstrates a stronger disposition for causing extrapyramidal symptoms (EPS).[A180613, A180616, A180625] These other low‐potency antipsychotics are limited by their lower affinity for dopamine receptors, which requires a higher dose to effectively treat symptoms of schizophrenia. In addition, they block many receptors other than the primary target (dopamine receptors), such as cholinergic or histaminergic receptors, resulting in a higher incidence of side effects such as sedation, weight gain, and hypotension.

Interestingly, in vivo pharmacogenetic studies have demonstrated that the metabolism of haloperidol may be modulated by genetically determined polymorphic _CYP2D6_ activity. However, these findings contradict the findings from studies in vitro with human liver microsomes and from drug interaction studies in vivo. Inter-ethnic and pharmacogenetic differences in haloperidol metabolism may possibly explain these observations.[A32346]

First-generation antipsychotic drugs have largely been replaced with second- and third-generation (atypical) antipsychotics such as [DB00734], [DB00334], [DB00363], [DB01224], [DB01238], and [DB00246]. However, haloperidol use remains widespread and is considered the benchmark for comparison in trials of the newer generation antipsychotics.[A180625]

The efficacy of haloperidol was first established in controlled trials in the 1960s.[A180610]",small molecule,approved,"Haloperidol is indicated for a number of conditions including for the treatment of schizophrenia, for the manifestations of psychotic disorders, for the control of tics and vocal utterances of Tourette’s Disorder in children and adults, for treatment of severe behavior problems in children of combative, explosive hyperexcitability (which cannot be accounted for by immediate provocation). Haloperidol is also indicated in the short-term treatment of hyperactive children who show excessive motor activity with accompanying conduct disorders consisting of some or all of the following symptoms: impulsivity, difficulty sustaining attention, aggressivity, mood lability, and poor frustration tolerance. Haloperidol should be reserved for these two groups of children only after failure to respond to psychotherapy or medications other than antipsychotics.[F4645]","Use of the first-generation antipsychotics (including haloperidol) is considered highly effective for the management of the ""positive"" symptoms of schizophrenia including hallucinations, hearing voices, aggression/hostility, disorganized speech, and psychomotor agitation. However, this class is limited by the development of movement disorders such as drug-induced parkinsonism, akathisia, dystonia, and tardive dyskinesia, and other side effects including sedation, weight gain, and prolactin changes. Compared to the lower-potency first-generation antipsychotics such as [DB00477], [DB01624], [DB00623], and [DB01403], haloperidol typically demonstrates the least amount of side effects within class, but demonstrates a stronger disposition for causing extrapyramidal symptoms (EPS).[A180613, A180616, A180625] Low‐potency medications have a lower affinity for dopamine receptors so that a higher dose is required to effectively treat symptoms of schizophrenia. In addition, they block many receptors other than the primary target (dopamine receptors), such as cholinergic or histaminergic receptors, resulting in a higher incidence of side effects such as sedation, weight gain, and hypotension.

The balance between the wanted drug effects on psychotic symptoms and unwanted side effects are largely at play within dopaminergic brain pathways affected by haloperidol. Cortical dopamine-D2-pathways play an important role in regulating these effects and include the nigrostriatal pathway, which is responsible for causing extrapyramidal symptoms (EPS), the mesolimbic and mesocortical pathways, which are responsible for the improvement in positive schizophrenic symptoms, and the tuberoinfundibular dopamine pathway, which is responsible for hyperprolactinemia. 

A syndrome consisting of potentially irreversible, involuntary, dyskinetic movements may develop in patients. Although the prevalence of the syndrome appears to be highest among the elderly, especially elderly women, it is impossible to rely upon prevalence estimates to predict, at the inception of antipsychotic treatment, which patients are likely to develop the syndrome.[F4645]

Cases of sudden death, QT-prolongation, and Torsades de Pointes have been reported in patients receiving haloperidol. Higher than recommended doses of any formulation and intravenous administration of haloperidol appear to be associated with a higher risk of QT-prolongation and Torsades de Pointes. Although cases have been reported even in the absence of predisposing factors, particular caution is advised in treating patients with other QT-prolonging conditions (including electrolyte imbalance [particularly hypokalemia and hypomagnesemia], drugs known to prolong QT, underlying cardiac abnormalities, hypothyroidism, and familial long QT-syndrome).[F4645]

A potentially fatal symptom complex sometimes referred to as Neuroleptic Malignant Syndrome (NMS) has been reported in association with antipsychotic drugs. Clinical manifestations of NMS are hyperpyrexia, muscle rigidity, altered mental status (including catatonic signs) and evidence of autonomic instability (irregular pulse or blood pressure, tachycardia, diaphoresis, and cardiac dysrhythmias). Additional signs may include elevated creatine phosphokinase, myoglobinuria (rhabdomyolysis) and acute renal failure.[F4645]","While haloperidol has demonstrated pharmacologic activity at a number of receptors in the brain, it exerts its antipsychotic effect through its strong antagonism of the dopamine receptor (mainly D2), particularly within the mesolimbic and mesocortical systems of the brain. Schizophrenia is theorized to be caused by a hyperdopaminergic state within the limbic system of the brain.[A34360] Dopamine-antagonizing medications such as haloperidol, therefore, are thought to improve psychotic symptoms by halting this over-production of dopamine. The optimal clinical efficacy of antipsychotics is associated with the blockade of approximately 60 % - 80 % of D2 receptors in the brain.[A34360]

While the exact mechanism is not entirely understood, haloperidol is known to inhibit the effects of dopamine and increase its turnover. Traditional antipsychotics, such as haloperidol, bind more tightly than dopamine itself to the dopamine D2 receptor, with dissociation constants that are lower than that for dopamine.[A4962] It is believed that haloperidol competitively blocks post-synaptic dopamine (D2) receptors in the brain, eliminating dopamine neurotransmission and leading to the relief of delusions and hallucinations that are commonly associated with psychosis. It acts primarily on the D2-receptors and has some effect on 5-HT2 and α1-receptors, with negligible effects on dopamine  D1-receptors. The drug also exerts some blockade of α-adrenergic receptors of the autonomic system.[L2022]

Antagonistic activity regulated through dopamine D2 receptors in the chemoreceptive trigger zone (CTZ) of the brain renders its antiemetic activity. Of the three D2-like receptors, only the D2 receptor is blocked by antipsychotic drugs in direct relation to their clinical antipsychotic abilities. 

Clinical brain-imaging findings show that haloperidol remains tightly bound to D2 dopamine receptors in humans undergoing 2 positron emission tomography (PET) scans with a 24h pause in between scans.[A4962] A common adverse effect of this drug is the development of extrapyramidal symptoms (EPS), due to this tight binding of haloperidol to the dopamine D2 receptor.

Due to the risk of unpleasant and sometimes lifelong extrapyramidal symptoms, newer antipsychotic medications than haloperidol have been discovered and formulated. Rapid dissociation of drugs from dopamine D2 receptors is a plausible explanation for the improved EPS profile of atypical antipsychotics such as [DB00734]. This is also consistent with the theory of a lower affinity for D2 receptors for these drugs.  As mentioned above, haloperidol binds tightly to the dopamine receptor, potentiating the risk of extrapyramidal symptoms,[A4962] and therefore should only been used when necessary.","5-HYDROXYTRYPTAMINE RECEPTOR 2C; D(2) DOPAMINE RECEPTOR; 5-HYDROXYTRYPTAMINE RECEPTOR 2A; D(3) DOPAMINE RECEPTOR; MELANIN-CONCENTRATING HORMONE RECEPTOR 1; SYNAPTIC VESICULAR AMINE TRANSPORTER; SIGMA NON-OPIOID INTRACELLULAR RECEPTOR 1; HISTAMINE H1 RECEPTOR; MUSCARINIC ACETYLCHOLINE RECEPTOR M3; ALPHA-1A ADRENERGIC RECEPTOR; ALPHA-2A ADRENERGIC RECEPTOR; ALPHA-2B ADRENERGIC RECEPTOR; ALPHA-2C ADRENERGIC RECEPTOR; 5-HYDROXYTRYPTAMINE RECEPTOR 1A; 5-HYDROXYTRYPTAMINE RECEPTOR 6; 5-HYDROXYTRYPTAMINE RECEPTOR 7; GLUTAMATE RECEPTOR IONOTROPIC, NMDA 2B; D(1A) DOPAMINE RECEPTOR",MUSCARINIC ACETYLCHOLINE RECEPTOR M3,CHRM3,CHOLINERGIC RECEPTOR MUSCARINIC 3,INDIRECT,Carbonyl reductase [NADPH] 1; UDP-glucuronosyltransferase 1A9; Cytochrome P450 2C19; Cytochrome P450 2C9; Cytochrome P450 1A1; Cytochrome P450 1A2; Cytochrome P450 2D6; Cytochrome P450 3A5; Cytochrome P450 3A4; Cytochrome P450 3A7,ATP-dependent translocase ABCB1,,N05AD01,CAS: 52-86-8,C0018546
DB00505,Tridihexethyl,"Tridihexethyl is a synthetic anticholinergic agent which has been shown in experimental and clinical studies to have a pronounced antispasmodic and antisecretory effect on the gastrointestinal tract. Tridihexethyl is an antimuscarinic, anticholinergic drug. Tridihexethyl is no longer available in the US market. ",small molecule,withdrawn,Used as an adjunct in the treatment of peptic ulcer disease and in Acquired nystagmus,"Tridihexethyl is a synthetic anticholinergic agent which has been shown in experimental and clinical studies to have a pronounced antispasmodic and antisecretory effect on the gastrointestinal tract. Tridihexethyl is an antimuscarinic, anticholinergic drug.","Tridihexethyl binds the muscarinic acetylcholine receptor. It may block all three types of muscarinic receptors including M-1 receptors in the CNS and ganglia, M-2 receptors in the heart (vagus) and M-3 receptors at the parasympathetic NEJ system. The muscarinic acetylcholine receptors mediate various cellular responses, including inhibition of adenylate cyclase, breakdown of phosphoinositides and modulation of potassium channels through the action of G proteins. Tridihexethyl inhibits vagally mediated reflexes by antagonizing the action of acetylcholine. This in turn reduces the secretion of gastric acids in the stomach.",MUSCARINIC ACETYLCHOLINE RECEPTOR M5; MUSCARINIC ACETYLCHOLINE RECEPTOR M3; MUSCARINIC ACETYLCHOLINE RECEPTOR M1; MUSCARINIC ACETYLCHOLINE RECEPTOR M2,MUSCARINIC ACETYLCHOLINE RECEPTOR M3,CHRM3,CHOLINERGIC RECEPTOR MUSCARINIC 3,INDIRECT,,,,A03AB08,CAS: 60-49-1,C0077081
DB00517,Anisotropine methylbromide,"Anisotropine methylbromide is a quaternary ammonium compound. Its use as treatment adjunct in peptic ulcer has been replaced by the use of more effective agents. Depending on the dose, anisotropine methylbromide may reduce the motility and secretory activity of the gastrointestinal system, and the tone of the ureter and urinary bladder and may have a slight relaxant action on the bile ducts and gallbladder. In general, smaller doses of anisotropine methylbromide inhibit salivary and bronchial secretions, sweating, and accommodation; cause dilatation of the pupil; and increase the heart rate. Larger doses are required to decrease motility of the gastrointestinal and urinary tracts and to inhibit gastric acid secretion.",small molecule,approved,"For use in conjunction with antacids or histamine H<sub>2</sub>-receptor antagonists in the treatment of peptic ulcer, to reduce further gastric acid secretion and delay gastric emptying.","Anisotropine methylbromide is a quaternary ammonium compound. Its use as treatment adjunct in peptic ulcer has been replaced by the use of more effective agents. Depending on the dose, anisotropine methylbromide may reduce the motility and secretory activity of the gastrointestinal system, and the tone of the ureter and urinary bladder and may have a slight relaxant action on the bile ducts and gallbladder. In general, smaller doses of anisotropine methylbromide inhibit salivary and bronchial secretions, sweating, and accommodation; cause dilatation of the pupil; and increase the heart rate. Larger doses are required to decrease motility of the gastrointestinal and urinary tracts and to inhibit gastric acid secretion.","Quaternary ammonium compounds such as anisotropine methylbromide inhibit the muscarinic actions of acetylcholine on structures innervated by postganglionic cholinergic nerves as well as on smooth muscles that respond to acetylcholine but lack cholinergic innervation. These postganglionic receptor sites are present in the autonomic effector cells of the smooth muscle, cardiac muscle, sinoatrial and atrioventricular nodes, and exocrine glands.",MUSCARINIC ACETYLCHOLINE RECEPTOR M5; MUSCARINIC ACETYLCHOLINE RECEPTOR M1; MUSCARINIC ACETYLCHOLINE RECEPTOR M2; MUSCARINIC ACETYLCHOLINE RECEPTOR M3,MUSCARINIC ACETYLCHOLINE RECEPTOR M3,CHRM3,CHOLINERGIC RECEPTOR MUSCARINIC 3,INDIRECT,,,,,CAS: 80-50-2,C0301369
DB00555,Lamotrigine,"Lamotrigine is an antiepileptic drug belonging in the phenyltriazine class. It is used in the treatment of both epilepsy and as a mood stabilizer in bipolar disorder. Lamotrigine is the first medication since lithium granted Food and Drug Administration (FDA) approval for the maintenance treatment of bipolar type I. It is approved for use in more than 30 countries.[A191350]

Lamotrigine has relatively few side-effects and does not require laboratory monitoring. While it is indicated for epilepsy and bipolar disorders, there is evidence that lamotrigine could have some clinical efficacy in certain neuropathic pain states.[A849,A850]",small molecule,approved; investigational,"Lamotrigine is indicated as adjunctive therapy for the following seizure types in patients ≥2 years of age: partial seizures, primary generalized tonic-clonic seizures, and generalized seizures due to Lennox-Gastaut syndrome.[L9404]

It is also indicated for the process of conversion to drug monotherapy for those at least 16 years of age or older with partial seizures and currently are receiving treatment with carbamazepine, phenytoin, phenobarbital, primidone, or valproate as the single antiepileptic drug (AED).[L9404]

In addition to the above, lamotrigine is also indicated for the maintenance treatment of bipolar I disorder, delaying the time to mood episodes (which may include mania, hypomania, depression, mixed episodes) in adults at least 18 years or older, who have been treated for acute mood symptoms with standard therapy.[L9404]

Limitations of use

It is important to note that lamotirigine should not be used in the treatment of acute mood episodes, as efficacy has not been established in this context.[L9404]","Lamotrigine likely prevents seizures and prevents mood symptoms via stabilizing presynaptic neuronal membranes and preventing the release of excitatory neurotransmitters such as glutamate, which contribute to seizure activity.[A191350,L9404] 

A note on cardiovascular effects

The metabolite of lamotrigine, 2-N-methyl metabolite (formed by glucuronidation), is reported to cause dose-dependent prolongations of the PR interval, widening of the QRS complex, and at higher doses, complete AV block. Although this harmful metabolite is only found in trace amounts in humans, plasma concentrations may increase in conditions that cause decreased drug glucuronidation, such as liver disease.[A191335,L9404,L12183]","The exact mechanism of action of lamotrigine is not fully elucidated, as it may exert cellular activities that contribute to its efficacy in a range of conditions. Although chemically unrelated, lamotrigine actions resemble those of phenytoin and carbamazepine, inhibiting voltage-sensitive sodium channels, stabilizing neuronal membranes, thereby modulating the release of presynaptic excitatory neurotransmitters.[A191335,A191350,L9404] 

Lamotrigine likely acts by inhibiting sodium currents by selective binding to the inactive sodium channel, suppressing the release of the excitatory amino acid, glutamate. The mechanism of action of lamotrigine in reducing anticonvulsant activity is likely the same in managing bipolar disorder. Studies on lamotrigine have identified its binding to sodium channels in a fashion similar to local anesthetics, which could explain the demonstrated clinical benefit of lamotrigine in some neuropathic pain states.[T28] 

Lamotrigine displays binding properties to several different receptors. In laboratory binding assays, it demonstrates weak inhibitory effect on the serotonin 5-HT3 receptor. Lamotrigine also weakly binds to Adenosine A1/A2 receptors, α1/α2/β adrenergic receptors, dopamine D1/D2 receptors, GABA A/B receptors, histamine H1 receptors, κ-opioid receptor (KOR), mACh receptors and serotonin 5-HT2 receptors with an IC50>100 µM. Weak inhibitory effects were observed at sigma opioid receptors.[L9404] An in vivo study revealed evidence that lamotrigine inhibits Cav2.3 (R-type) calcium currents, which may also contribute to its anticonvulsant effects.[A31737] ",VOLTAGE-DEPENDENT R-TYPE CALCIUM CHANNEL SUBUNIT ALPHA-1E; SODIUM CHANNEL PROTEIN TYPE 11 SUBUNIT ALPHA; VOLTAGE-GATED SODIUM CHANNEL ALPHA SUBUNIT; ADENOSINE RECEPTOR A1; ADENOSINE RECEPTOR A2A; ALPHA-1A ADRENERGIC RECEPTOR; ALPHA-2A ADRENERGIC RECEPTOR; BETA-1 ADRENERGIC RECEPTOR; D(1) DOPAMINE RECEPTOR; D(2) DOPAMINE RECEPTOR; GABA(A) RECEPTOR; GABA(A) RECEPTOR BENZODIAZEPINE BINDING SITE; HISTAMINE H1 RECEPTOR; KAPPA-TYPE OPIOID RECEPTOR; ACETYLCHOLINE RECEPTOR SUBUNIT ALPHA; 5-HYDROXYTRYPTAMINE RECEPTOR 2A; 5-HYDROXYTRYPTAMINE RECEPTOR 3A; GLUTAMATE RECEPTOR 1,ADENOSINE RECEPTOR A2A,ADORA2A,ADENOSINE A2A RECEPTOR,INDIRECT,Dihydrofolate reductase; UDP-glucuronosyltransferases (UGTs),ATP-dependent translocase ABCB1; Solute carrier family 22 member 2; Solute carrier family 22 member 1,,N03AX09,CAS: 84057-84-1,C0064636
DB00572,Atropine,"Atropine is an alkaloid originally synthesized from Atropa belladonna. It is a racemic mixture of d-and l-hyoscyamine, of which only l-hyoscyamine is pharmacologically active.[A251670,L42835] Atropine is generally available as a sulfate salt and can be administered by intravenous, subcutaneous, intramuscular, intraosseous, endotracheal and ophthalmic methods. Oral atropine is only available in combination products.[A251660,L42840] Atropine is a competitive, reversible antagonist of muscarinic receptors that blocks the effects of acetylcholine and other choline esters.[A251660,L42815,L42825,L42835] It has a variety of therapeutic applications, including pupil dilation and the treatment of anticholinergic poisoning and symptomatic bradycardia in the absence of reversible causes.[A251660] Atropine is a relatively inexpensive drug and is included in the World Health Organization List of Essential Medicines.[A251675]",small molecule,approved; vet_approved,"The intravenous, intramuscular, subcutaneous, intraosseous and endotracheal use of atropine is indicated for the temporary blockade of severe or life-threatening muscarinic effects.[L42815,L42835] The intramuscular use of atropine in the form of a pen injector is indicated for the treatment of poisoning by susceptible organophosphorus nerve agents having cholinesterase activity as well as organophosphorus or carbamate insecticides in adult and pediatric patients.[L42825] The ophthalmic use of atropine is indicated for mydriasis, cycloplegia, and penalization of the healthy eye in the treatment of amblyopia.[L42830] 

In combination with difenoxin or diphenoxylate (tablets for oral use), atropine is indicated as adjunctive therapy in the management of acute nonspecific diarrhea.[L42840,L42865]","Atropine is an antimuscarinic agent that antagonizes the effects of acetylcholine.[L42815,L42825,L42835] In small doses, atropine slows heart rate, and tachycardia develops due to paralysis of vagal control. Compared to [scopolamine], atropine has a more potent and prolonged effect on the heart, intestine and bronchial muscle, but a weaker effect on the iris, ciliary body and certain secretory glands. Atropine leads to increased respiratory rate and depth of respiration, possibly due to the drug-induced bronchiolar dilatation rather than its mild effect on vagal excitation.[L42835]

At an adequate dose, atropine abolishes different types of reflex vagal cardiac slowing or asystole. Atropine can be used to prevent or abolish bradycardia or asystole induced by the injection of choline esters, anticholinesterase agents or other parasympathomimetic drugs, and cardiac arrest produced by stimulation of the vagus.[L42835] When vagal activity is an etiologic factor, atropine may also lessen the degree of partial heart block. In clinical doses, atropine counteracts the peripheral dilatation and abrupt decrease in blood pressure produced by choline esters. However, when given by itself, atropine does not exert a striking or uniform effect on blood vessels or blood pressure.[L42835] The use of topical atropine in the eye induces mydriasis by inhibiting the contraction of the circular pupillary sphincter muscle normally stimulated by acetylcholine. This results in the contraction of the countering radial pupillary dilator muscle and pupil dilation.[L42830]

The use of atropine may precipitate acute glaucoma and convert partial organic pyloric stenosis into complete obstruction. Atropine may also lead to complete urinary retention in patients with prostatic hypertrophy and cause the thickening of bronchial secretions and formation of viscid plugs in patients with chronic lung disease.[L42835]","Atropine binds to and inhibits muscarinic acetylcholine receptors, competitively blocking the effects of acetylcholine and other choline esters.[L42815,L42825,L42835] It acts as a reversible non-specific antagonist of muscarinic receptors, showing affinity for the M1, M2, M3, M4 and M5 receptor subtypes.[A251665] Atropine antagonizes the effects of acetylcholine on tissues innervated by postganglionic cholinergic nerves, such as smooth muscle, cardiac tissue, exocrine glands and the central nervous system. Also, it acts in less innervated smooth muscle that responds to endogenous acetylcholine.[A251670,L42815] The actions of atropine can be overcome by increasing the concentration of acetylcholine at receptor sites (for instance, the use of anticholinesterase agents that inhibit the hydrolysis of acetylcholine).[L42835]",MUSCARINIC ACETYLCHOLINE RECEPTOR M1; MUSCARINIC ACETYLCHOLINE RECEPTOR M2; MUSCARINIC ACETYLCHOLINE RECEPTOR M3; MUSCARINIC ACETYLCHOLINE RECEPTOR M4; MUSCARINIC ACETYLCHOLINE RECEPTOR M5; GLYCINE RECEPTOR SUBUNIT ALPHA-1; NEURONAL ACETYLCHOLINE RECEPTOR SUBUNIT ALPHA-4; NEURONAL ACETYLCHOLINE RECEPTOR SUBUNIT BETA-2,MUSCARINIC ACETYLCHOLINE RECEPTOR M3,CHRM3,CHOLINERGIC RECEPTOR MUSCARINIC 3,INDIRECT,,Bile salt export pump,,S01FA01; A03CB03; V03AB54; A03BA01,CAS: 51-55-8,C0004259
DB00599,Thiopental,"A barbiturate that is administered intravenously for the induction of general anesthesia or for the production of complete anesthesia of short duration. It is also used for hypnosis and for the control of convulsive states. It has been used in neurosurgical patients to reduce increased intracranial pressure. It does not produce any excitation but has poor analgesic and muscle relaxant properties. Small doses have been shown to be anti-analgesic and lower the pain threshold. (From Martindale, The Extra Pharmacopoeia, 30th ed, p920)",small molecule,approved; vet_approved,"For use as the sole anesthetic agent for brief (15 minute) procedures, for induction of anesthesia prior to administration of other anesthetic agents, to supplement regional anesthesia, to provide hypnosis during balanced anesthesia with other agents for analgesia or muscle relaxation, for the control of convulsive states during or following inhalation anesthesia or local anesthesia, in neurosurgical patients with increased intracranial pressure, and for narcoanalysis and narcosynthesis in psychiatric disorders.","Thiopental, a barbiturate, is used for the induction of anesthesia prior to the use of other general anesthetic agents and for induction of anesthesia for short surgical, diagnostic, or therapeutic procedures associated with minimal painful stimuli. Thiopental is an ultrashort-acting depressant of the central nervous system which induces hypnosis and anesthesia, but not analgesia. It produces hypnosis within 30 to 40 seconds of intravenous injection. Recovery after a small dose is rapid, with some somnolence and retrograde amnesia. Repeated intravenous doses lead to prolonged anesthesia because fatty tissues act as a reservoir; they accumulate Pentothal in concentrations 6 to 12 times greater than the plasma concentration, and then release the drug slowly to cause prolonged anesthesia","Thiopental binds at a distinct binding site associated with a Cl<sup>-</sup> ionopore at the GABA<sub>A</sub> receptor, increasing the duration of time for which the Cl<sup>-</sup> ionopore is open. The post-synaptic inhibitory effect of GABA in the thalamus is, therefore, prolonged.","GAMMA-AMINOBUTYRIC ACID RECEPTOR SUBUNIT ALPHA-1; GAMMA-AMINOBUTYRIC ACID RECEPTOR SUBUNIT ALPHA-2; GAMMA-AMINOBUTYRIC ACID RECEPTOR SUBUNIT ALPHA-3; GAMMA-AMINOBUTYRIC ACID RECEPTOR SUBUNIT ALPHA-4; GAMMA-AMINOBUTYRIC ACID RECEPTOR SUBUNIT ALPHA-5; GAMMA-AMINOBUTYRIC ACID RECEPTOR SUBUNIT ALPHA-6; NEURONAL ACETYLCHOLINE RECEPTOR SUBUNIT ALPHA-4; NEURONAL ACETYLCHOLINE RECEPTOR SUBUNIT ALPHA-7; GLUTAMATE RECEPTOR 2; GLUTAMATE RECEPTOR IONOTROPIC, KAINATE 2; FATTY-ACID AMIDE HYDROLASE 1; MUSCARINIC ACETYLCHOLINE RECEPTOR M3",MUSCARINIC ACETYLCHOLINE RECEPTOR M3,CHRM3,CHOLINERGIC RECEPTOR MUSCARINIC 3,INDIRECT,Cytochrome P450 3A Subfamily; Cytochrome P450 2C19,,,N01AF03; N05CB01; N05CA19,CAS: 76-75-5,C0039925
DB00622,Nicardipine,A potent calcium channel blockader with marked vasodilator action. It has antihypertensive properties and is effective in the treatment of angina and coronary spasms without showing cardiodepressant effects. It has also been used in the treatment of asthma and enhances the action of specific antineoplastic agents. [PubChem],small molecule,approved; investigational,Used for the management of patients with chronic stable angina and for the treatment of hypertension.,"Nicardipine, a dihydropyridine calcium-channel blocker, is used alone or with an angiotensin-converting enzyme inhibitor, to treat hypertension, chronic stable angina pectoris, and Prinzmetal's variant angina. Nicardipine is similar to other peripheral vasodilators. Nicardipine inhibits the influx of extra cellular calcium across the myocardial and vascular smooth muscle cell membranes possibly by deforming the channel, inhibiting ion-control gating mechanisms, and/or interfering with the release of calcium from the sarcoplasmic reticulum. The decrease in intracellular calcium inhibits the contractile processes of the myocardial smooth muscle cells, causing dilation of the coronary and systemic arteries, increased oxygen delivery to the myocardial tissue, decreased total peripheral resistance, decreased systemic blood pressure, and decreased afterload.","By deforming the channel, inhibiting ion-control gating mechanisms, and/or interfering with the release of calcium from the sarcoplasmic reticulum, nicardipine inhibits the influx of extracellular calcium across the myocardial and vascular smooth muscle cell membranes The decrease in intracellular calcium inhibits the contractile processes of the myocardial smooth muscle cells, causing dilation of the coronary and systemic arteries, increased oxygen delivery to the myocardial tissue, decreased total peripheral resistance, decreased systemic blood pressure, and decreased afterload.","VOLTAGE-DEPENDENT L-TYPE CALCIUM CHANNEL SUBUNIT ALPHA-1C; VOLTAGE-DEPENDENT L-TYPE CALCIUM CHANNEL SUBUNIT BETA-2; VOLTAGE-DEPENDENT CALCIUM CHANNEL SUBUNIT ALPHA-2/DELTA-1; VOLTAGE-DEPENDENT L-TYPE CALCIUM CHANNEL SUBUNIT ALPHA-1D; DUAL SPECIFICITY CALCIUM/CALMODULIN-DEPENDENT 3',5'-CYCLIC NUCLEOTIDE PHOSPHODIESTERASE 1A; DUAL SPECIFICITY CALCIUM/CALMODULIN-DEPENDENT 3',5'-CYCLIC NUCLEOTIDE PHOSPHODIESTERASE 1B; ALPHA-1A ADRENERGIC RECEPTOR; ALPHA-1B ADRENERGIC RECEPTOR; ALPHA-1D ADRENERGIC RECEPTOR; MUSCARINIC ACETYLCHOLINE RECEPTOR M1; MUSCARINIC ACETYLCHOLINE RECEPTOR M2; MUSCARINIC ACETYLCHOLINE RECEPTOR M3; MUSCARINIC ACETYLCHOLINE RECEPTOR M4; MUSCARINIC ACETYLCHOLINE RECEPTOR M5; VOLTAGE-DEPENDENT CALCIUM CHANNEL; VOLTAGE-DEPENDENT T-TYPE CALCIUM CHANNEL SUBUNIT ALPHA-1G; VOLTAGE-DEPENDENT T-TYPE CALCIUM CHANNEL SUBUNIT ALPHA-1H; VOLTAGE-DEPENDENT T-TYPE CALCIUM CHANNEL SUBUNIT ALPHA-1I; CALMODULIN",MUSCARINIC ACETYLCHOLINE RECEPTOR M3,CHRM3,CHOLINERGIC RECEPTOR MUSCARINIC 3,INDIRECT,Cytochrome P450 3A4; Cytochrome P450 2D6; Cytochrome P450 2C19; Cytochrome P450 2C8; Cytochrome P450 2B6; Cytochrome P450 2E1; Cytochrome P450 3A5; Cytochrome P450 2C9,ATP-dependent translocase ABCB1; Solute carrier organic anion transporter family member 1B1; Bile salt export pump,,C08CA04,CAS: 55985-32-5,C0028005
DB00640,Adenosine,"The structure of adenosine was first described in 1931,[A229823] though the vasodilating effects were not described in literature until the 1940s.[A229828] Adenosine is indicated as an adjunct to thallium-201 in myocardial perfusion scintigraphy,[L31983] though it is rarely used in this indication, having largely been replaced by [dipyridamole] and [regadenson].[A229833,A229838] Adenosine is also indicated in the treatment of supraventricular tachycardia.[L31998]

Adenosine was granted FDA approval on 30 October 1989.[L31978]",small molecule,approved; investigational,Adenosine is indicated as an adjunct to thallium-201 in myocardial perfusion scintigraphy in patients unable to adequately exercise.[L31983] It is also indicated to convert sinus rhythm of paroxysmal supraventricular tachycardia.[L31998],"Adenosine is indicated as an adjunct to thallium-201 in myocardial perfusion scintigraphy and also indicated for conversion of sinus rhythm of paroxysmal supraventricular tachycardia.[L31983,L31998] Adenosine has a short duration of action as the half life is <10 seconds, and a wide therapeutic window.[L31983,L31998] Patients should be counselled regarding the risk of cardiovascular side effects, bronchoconstriction, seizures, and hypersensitivity.[L31983,L31998]","Agonism of adenosine receptors A1 and A2 reduces conduction time in the atrioventricular node of the heart.[A187466,A229818,L31983] Conduction time is decreased by inducing potassium efflux and inhibiting calcium influx through channels in nerve cells, leading to hyperpolarization and and increased threshold for calcium dependent action potentials.[A187466] Decreased conduction time leads to an antiarrhythmic effect.[A187466] Inhibition of calcium influx, reduces the activity of adenylate cyclase, relaxing vascular smooth muscle.[A229818] Relaxed vascular smooth muscle leads to increased blood flow through normal coronary arteries but not stenotic arteries, allowing thallium-201 to be more readily uptaken in normal coronary arteries.[L31983]",ADENOSINE RECEPTOR A1; ADENOSINE RECEPTOR A2A; ADENOSINE RECEPTOR A2B; ADENOSINE RECEPTOR A3,ADENOSINE RECEPTOR A2A,ADORA2A,ADENOSINE A2A RECEPTOR,INDIRECT,Adenylate kinase isoenzyme 1; Nucleoside diphosphate kinase A; Nucleoside diphosphate kinase B; Purine nucleoside phosphorylase; Xanthine dehydrogenase/oxidase; Adenosine deaminase; Adenosine kinase,Equilibrative nucleoside transporter 1; Equilibrative nucleoside transporter 2; Equilibrative nucleoside transporter 3; Equilibrative nucleoside transporter 4; Sodium/nucleoside cotransporter 1; Sodium/nucleoside cotransporter 2; Gap junction alpha-1 protein; Solute carrier family 28 member 3,"Methionine Metabolism; Adenosine Deaminase Deficiency; AICA-Ribosiduria; Molybdenum Cofactor Deficiency; Methionine Adenosyltransferase Deficiency; Azathioprine Action Pathway; Thioguanine Action Pathway; Xanthinuria Type II; Adenylosuccinate Lyase Deficiency; S-Adenosylhomocysteine (SAH) Hydrolase Deficiency; Xanthine Dehydrogenase Deficiency (Xanthinuria); Glycine N-Methyltransferase Deficiency; Methylenetetrahydrofolate Reductase Deficiency (MTHFRD); Hypermethioninemia; Xanthinuria Type I; Mitochondrial DNA Depletion Syndrome; Myoadenylate Deaminase Deficiency; Homocystinuria-Megaloblastic Anemia Due to Defect in Cobalamin Metabolism, cblG Complementation Type; Selenoamino Acid Metabolism; Purine Metabolism; Betaine Metabolism; Cystathionine beta-Synthase Deficiency; Purine Nucleoside Phosphorylase Deficiency; Intracellular Signalling Through Adenosine Receptor A2a and Adenosine; Intracellular Signalling Through Adenosine Receptor A2b and Adenosine; Lesch-Nyhan Syndrome (LNS); Gout or Kelley-Seegmiller Syndrome; Mercaptopurine Action Pathway; Adenine Phosphoribosyltransferase Deficiency (APRT)",C01EB10,CAS: 58-61-7,C0001443
DB00651,Dyphylline,"Dyphylline is a theophylline derivative with broncho- and vasodilator properties. It is typically used in the management of asthma, cardiac dyspnea, and bronchitis.",small molecule,approved,For relief of acute bronchial asthma and for reversible bronchospasm associated with chronic bronchitis and emphysema.,"Dyphylline, a xanthine derivative, is a bronchodilator used for relief of acute bronchial asthma and for reversible bronchospasm associated with chronic bronchitis and emphysema. Dyphylline is a xanthine derivative with pharmacologic actions similar to theophylline and other members of this class of drugs. Its primary action is that of bronchodilation, but it also exhibits peripheral vasodilatory and other smooth muscle relaxant activity to a lesser degree.","The bronchodilatory action of dyphylline, as with other xanthines, is thought to be mediated through competitive inhibition of phosphodiesterase with a resulting increase in cyclic AMP producing relaxation of bronchial smooth muscle as well as antagonism of adenosine receptors.","3',5'-CYCLIC-AMP PHOSPHODIESTERASE 4B; 5'-NUCLEOTIDASE; 3',5'-CYCLIC-AMP PHOSPHODIESTERASE 4A; 3',5'-CYCLIC-AMP PHOSPHODIESTERASE 4C; 3',5'-CYCLIC-AMP PHOSPHODIESTERASE 4D; ADENOSINE RECEPTOR A1; ADENOSINE RECEPTOR A2A",ADENOSINE RECEPTOR A2A,ADORA2A,ADENOSINE A2A RECEPTOR,INDIRECT,,,,R03DA20; R03DB01; R03DA51; R03DA01,CAS: 479-18-5,C0013360
DB00683,Midazolam,"Midazolam is a short-acting hypnotic-sedative drug with anxiolytic, muscle relaxant, anticonvulsant, sedative, hypnotic, and amnesic properties.[A173842] It belongs to a class of drugs called _benzodiazepines_. This drug is unique from others in this class due to its rapid onset of effects and short duration of action.[A173842] Midazolam is available by oral, rectal, intranasal, intramuscular (IM), and intravenous (IV) routes and has been used in various biomedical applications, including dentistry, cardiac surgery, and endoscopic procedures as pre-anesthetic medication, and as an adjunct to local anesthesia.[F2977]

This drug was initially approved by the US FDA in 1985, and has been approved for various indications since.[L45098] In late 2018, the intramuscular preparation was approved by the FDA for the treatment of status epilepticus in adults.[L45098] In May 2019, the nasal spray of midazolam was approved for the acute treatment of distinctive intermittent, stereotypic seizure episodes in patients 12 years of age and older.[A257153] Midazolam is considered a schedule IV drug in the United States due to the low potential for abuse and low risk of dependence.[L5074]",small molecule,approved; illicit,"Midazolam has different indications depending on its formulation by the FDA. 

**Nasal** 

For the nasal spray formulation, midazolam is indicated for the acute treatment of intermittent, stereotypic episodes of frequent seizure activity (i.e., seizure clusters, acute repetitive seizures) that are distinct from a patient’s usual seizure pattern in patients with epilepsy 12 years of age and older.[L44773] 

**Intravenous** 

For the intravenous injection formulation, midazolam is indicated as an agent for sedation/anxiolysis/amnesia and prior to or during diagnostic, therapeutic or endoscopic procedures, such as bronchoscopy, gastroscopy, cystoscopy, coronary angiography, cardiac catheterization, oncology procedures, radiologic procedures, suture of lacerations and other procedures either alone or in combination with other CNS depressants.[L12981] The sedative, anxiolytic and amnestic use of midazolam can also be employed pre-operatively.[L12981] It can also be indicated for induction of general anesthesia, before administration of other anesthetic agents or as a component of intravenous supplementation of nitrous oxide and oxygen for a balanced anesthesia.[L12981] A relatively narrower dose range of midazolam and a shorter period of induction can be achieved if midazolam is combined with narcotic premedication.[L12981] Finally, midazolam can be indicated as a continous intravenous infusion for sedation of intubated and mechanically ventilated patients as a component of anesthesia or during treatment in a critical care setting.[L12981]

**Intramuscular** 

For the intramusuclar injection formulation, midazolam is indicated for preoperative sedation/anxiolysis/amnesia or for treatment of status epilepticus in adults.[L12981,L45048]

**Oral**

Midazolam syrup is indicated for use in pediatric patients for sedation, anxiolysis and amnesia prior to diagnostic, therapeutic or endoscopic procedures or before induction of anesthesia. It is only approved in monitored settings only and not for chronic or home use.[L5092]

In Europe, a buccal formulation of midazolam is also approved for the treatment of prolonged, acute, convulsive seizures in infants, toddlers, children and adolescents (from 3 months to < 18 years). For infants between 3-6 months of age treatment should be in a hospital setting where monitoring is possible and resuscitation equipment is available.[L45053]
","**General effects**

Midazolam is a short-acting benzodiazepine central nervous system (CNS) depressant. Pharmacodynamic properties of midazolam and its metabolites, which are similar to those of other benzodiazepine drugs, include sedative, anxiolytic, amnestic, muscle relaxant, as well as hypnotic activities.[F2434] Benzodiazepines enhance the inhibitory action of the amino acid neurotransmitter gamma-aminobutyric acid (GABA).  Receptors for GABA are targeted by many important drugs that affect GABA function and are commonly used in the treatment of anxiety disorder, epilepsy, insomnia, spasticity, and aggressive behavior.[A173854]

**Sedation and memory**

The onset of sedation after intramuscular administration in adults is 15 minutes, with maximal sedation occurring 30-60 minutes after injection.[FDA label] In one study of adults, when tested the following day, 73% of the patients who were administered midazolam intramuscularly had no recollection of memory cards shown 30 minutes following drug administration; 40% had no recollection of the memory cards shown 60 minutes after drug administration. Onset time of sedative effects in pediatric patients begins within 5 minutes and peaks at 15-30 minutes depending upon the dose administered. In the pediatric population, up to 85% had no memory of pictures shown after receiving intramuscular midazolam compared to 5% of the placebo control group.[F2434]

Sedation in both adult and pediatric patients is reached within 3 to 5 minutes post intravenous (IV) injection. The time of onset is affected by the dose administered and the simultaneous administration of narcotic pre-medication. Seventy-one (71%) percent of the adult patients in clinical endoscopy studies had no memory of insertion of the endoscope; 82% of the patients had no memory of withdrawal of the endoscope.[L12981]

**Anesthesia induction**

When midazolam is administered intravenously (IV) for anesthetic induction, induction of anesthesia occurs in about 1.5 minutes when narcotic pre-medication has been given and in 2 to 2.5 minutes without narcotic pre-medication/ other sedative pre-medication. Impairment in a memory test was observed in 90% of the patients.[L12981]","The actions of benzodiazepines such as midazolam are mediated through the inhibitory neurotransmitter gamma-aminobutyric acid (GABA), which is one of the major inhibitory neurotransmitters in the central nervous system. Benzodiazepines increase the activity of GABA, thereby producing a sedating effect, relaxing skeletal muscles, and inducing sleep, anesthesia, and amnesia. Benzodiazepines bind to the benzodiazepine site on GABA-A receptors, which potentiates the effects of GABA by increasing the frequency of chloride channel opening.[F2434] These receptors have been identified in different body tissues including the heart and skeletal muscle, although mainly appear to be present in the central nervous system.[A173842]",TRANSLOCATOR PROTEIN; GABA(A) RECEPTOR; GABA(A) RECEPTOR BENZODIAZEPINE BINDING SITE; ADENOSINE RECEPTOR A2A,ADENOSINE RECEPTOR A2A,ADORA2A,ADENOSINE A2A RECEPTOR,INDIRECT,Cytochrome P450 3A4; UDP-glucuronosyltransferase 1A4; Cytochrome P450 3A5; Cytochrome P450 3A7; UDP-glucuronosyltransferase 2B7; UDP-glucuronosyltransferase 2B4,ATP-dependent translocase ABCB1; Excitatory amino acid transporter 2,,N05CD08,CAS: 59467-70-8,C0026056
DB00725,Homatropine methylbromide,"Homatropine methylbromide is a quaternary ammonium muscarinic acetylcholine receptor antagonist belonging to the group of medicines called anti-muscarinics. Homatropine is used to treat duodenal or stomach ulcers or intestine problems. It can be used together with antacids or other medicine in the treatment of peptic ulcer. It may also be used to prevent nausea, vomiting, and motion sickness.",small molecule,approved,"Used in conjunction with antacids or histamine H2-receptor antagonists in the treatment of peptic ulcers, gastric ulcers and duodenal ulcers, to reduce further gastric acid secretion and delay gastric emptying.","Homatropine methylbromide belongs to the group of medicines called anti-muscarinics. Homatropine is used to treat duodenal or stomach ulcers or intestine problems. It can be used together with antacids or other medicine in the treatment of peptic ulcer. It may also be used to prevent nausea, vomiting, and motion sickness.","Homatropine is a quaternary ammonium muscarinic acetylcholine receptor antagonist. The muscarinic acetylcholine receptor mediates various cellular responses, including inhibition of adenylate cyclase, breakdown of phosphoinositides and modulation of potassium channels through the action of G proteins. Homatropine methylbromide inhibits the muscarinic actions of acetylcholine on structures innervated by postganglionic cholinergic nerves as well as on smooth muscles that respond to acetylcholine but lack cholinergic innervation. These postganglionic receptor sites are present in the autonomic effector cells of the smooth muscle, cardiac muscle, sinoatrial and atrioventricular nodes, and exocrine glands. Depending on the dose, anticholinergics may reduce the motility and secretory activity of the gastrointestinal system, and the tone of the ureter and urinary bladder and may have a slight relaxant action on the bile ducts and gallbladder.",MUSCARINIC ACETYLCHOLINE RECEPTOR M2; MUSCARINIC ACETYLCHOLINE RECEPTOR M1; MUSCARINIC ACETYLCHOLINE RECEPTOR M4; MUSCARINIC ACETYLCHOLINE RECEPTOR M5; MUSCARINIC ACETYLCHOLINE RECEPTOR M3,MUSCARINIC ACETYLCHOLINE RECEPTOR M3,CHRM3,CHOLINERGIC RECEPTOR MUSCARINIC 3,INDIRECT,,,,A03CB04; A03BB06,CAS: 80-49-9,C0062922
DB00747,Scopolamine,"Scopolamine is a tropane alkaloid isolated from members of the _Solanaceae_ family of plants, similar to [atropine] and [hyoscyamine], all of which structurally mimic the natural neurotransmitter [acetylcholine].[A228423, A228763] Scopolamine was first synthesized in 1959, but to date, synthesis remains less efficient than extracting scopolamine from plants.[A228763] As an acetylcholine analogue, scopolamine can antagonize muscarinic acetylcholine receptors (mAChRs) in the central nervous system and throughout the body, inducing several therapeutic and adverse effects related to alteration of parasympathetic nervous system and cholinergic signalling.[A228758, L31578] Due to its dose-dependent adverse effects, scopolamine was the first drug to be offered commercially as a transdermal delivery system, Scopoderm TTS®, in 1981.[A228423, A228758] As a result of its anticholinergic effects, scopolamine is being investigated for diverse therapeutic applications; currently, it is approved for the prevention of nausea and vomiting associated with motion sickness and surgical procedures.[A228773, L31578]

Scopolamine was first approved by the FDA on December 31, 1979, and is currently available as both oral tablets and a transdermal delivery system.[L31578]",small molecule,approved; investigational,Scopolamine is indicated in adult patients for the prevention of nausea and vomiting associated with motion sickness and for the prevention of postoperative nausea and vomiting (PONV) associated with anesthesia or opiate analgesia.[L31578],"Scopolamine is an anticholinergic belladonna alkaloid that, through competitive inhibition of muscarinic receptors, affects parasympathetic nervous system function and acts on smooth muscles that respond to acetylcholine but lack cholinergic innervation. Formulated as a patch, scopolamine is released continuously over three days and remains detectable in urine over a period of 108 hours. Scopolamine is contraindicated in angle-closure glaucoma and should be used with caution in patients with open-angle glaucoma due to scopolamine's ability to increase intraocular pressure. Also, scopolamine exhibits several neuropsychiatric effects: exacerbated psychosis, seizures, seizure-like, and other psychiatric reactions, and cognitive impairment; scopolamine may impair the ability of patients to operate machinery or motor vehicles, play underwater sports, or perform any other potentially hazardous activity. Women with severe preeclampsia should avoid scopolamine. Patients with gastrointestinal or urinary disorders should be monitored frequently for impairments, and scopolamine should be discontinued if these develop. Scopolamine can cause blurred vision if applied directly to the eye, and the transdermal patch should be removed before an MRI procedure to avoid skin burns. Due to its gastrointestinal effects, scopolamine can interfere with gastric secretion testing and should be discontinued at least 10 days before performing the test. Finally, scopolamine may induce dependence and resulting withdrawal symptoms, such as nausea, dizziness, vomiting, gastrointestinal disturbances, sweating, headaches, bradycardia, hypotension, and various neuropsychiatric manifestations following treatment discontinuation; severe symptoms may require medical attention.[L31578]","[Acetylcholine] (ACh) is a neurotransmitter that can signal through ligand-gated cation channels (nicotinic receptors) and G-protein-coupled muscarinic receptors (mAChRs). ACh signalling via mAChRs located in the central nervous system (CNS) and periphery can regulate smooth muscle contraction, glandular secretions, heart rate, and various neurological phenomena such as learning and memory.[A228738, A228743] mAChRs can be divided into five subtypes, M1-M5, expressed at various levels throughout the brain.[A228743] Also, M2 receptors are found in the heart and M3 receptors in smooth muscles, mediating effects apart from the direct modulation of the parasympathetic nervous system.[A228423] While M1, M3, and M5 mAChRs primarily couple to G<sub>q</sub> proteins to activate phospholipase C, M2 and M4 mainly couple to G<sub>i/o</sub> proteins to inhibit adenylyl cyclase and modulate cellular ion flow.[A228743] This system, in part, helps to control physiological responses such as nausea and vomiting.[L31578]

Scopolamine acts as a non-selective competitive inhibitor of M1-M5 mAChRs, albeit with weaker M5 inhibition; as such, scopolamine is an anticholinergic with various dose-dependent therapeutic and adverse effects.[A228423, A228758, A228763] The exact mechanism(s) of action of scopolamine remains poorly understood. Recent evidence suggests that M1 (and possibly M2) mAChR antagonism at interneurons acts through inhibition of downstream neurotransmitter release and subsequent pyramidal neuron activation to mediate neurological responses associated with stress and depression.[A228773] Similar antagonism of M4 and M5 receptors is associated with potential therapeutic benefits in neurological conditions such as schizophrenia and substance abuse disorders.[A228743] The significance of these observations to scopolamine's current therapeutic indications of preventing nausea and vomiting is unclear but is linked to its anticholinergic effect and ability to alter signalling through the CNS associated with vomiting.[A228758, L31578]","MUSCARINIC ACETYLCHOLINE RECEPTOR M1; MUSCARINIC ACETYLCHOLINE RECEPTOR M2; MUSCARINIC ACETYLCHOLINE RECEPTOR M3; MUSCARINIC ACETYLCHOLINE RECEPTOR M4; MUSCARINIC ACETYLCHOLINE RECEPTOR M5; NEURONAL ACETYLCHOLINE RECEPTOR SUBUNIT ALPHA-4; NEURONAL ACETYLCHOLINE RECEPTOR SUBUNIT BETA-2; SUCRASE-ISOMALTASE, INTESTINAL",MUSCARINIC ACETYLCHOLINE RECEPTOR M3,CHRM3,CHOLINERGIC RECEPTOR MUSCARINIC 3,INDIRECT,Cytochrome P450 3A4,,,N05CM05; S01FA02; A04AD01; A04AD51,CAS: 51-34-3,C0036442
DB00767,Benzquinamide,"Benzquinamide is a discontinued antiemetic compound with antihistaminic, mild anticholinergic, and sedative properties. The mechanism of action is not known, but presumably benzquinamide works via antagonism of muscarinic acetycholine receptors and histamine H1 receptors. ",small molecule,withdrawn,"Used to prevent and treat nausea and vomiting associated with anesthesia and surgery, administered intramuscularly or intravenously.","Benzquinamide is an antiemetic compound with antihistaminic, mild anticholinergic, and sedative properties.","The mechanism of action is not known, but presumably benzquinamide works via antagonism of muscarinic acetycholine receptors and histamine H1 receptors.",HISTAMINE H1 RECEPTOR; MUSCARINIC ACETYLCHOLINE RECEPTOR M4; MUSCARINIC ACETYLCHOLINE RECEPTOR M1; MUSCARINIC ACETYLCHOLINE RECEPTOR M5; MUSCARINIC ACETYLCHOLINE RECEPTOR M2; MUSCARINIC ACETYLCHOLINE RECEPTOR M3,MUSCARINIC ACETYLCHOLINE RECEPTOR M3,CHRM3,CHOLINERGIC RECEPTOR MUSCARINIC 3,INDIRECT,,,,,CAS: 63-12-7,
DB00804,Dicyclomine,"Dicyclomine is a muscarinic M1, M3, and M2 receptor antagonist as well as a non-competitive inhibitor of histamine and bradykinin used to treat spasms of the intestines seen in functional bowel disorder and irritable bowel syndrome.[A6556,A182555,A234659,L7967] Though it is commonly prescribed, its recommendation may have been based on a small amount of evidence and so its prescription is becoming less favourable.[L7982]

Dicyclomine was granted FDA approval on 11 May 1950.[L7967]",small molecule,approved,Dicyclomine is indicated for the treatment of functional bowel disorder and irritable bowel syndrome.[L7967],Dicyclomine is an anticholinergic drug used to relax the smooth muscles of the intestines.[L7967] It's duration of action is not especially long as it is usually taken 4 times daily with individual doses of 20-40mg orally or 10-20mg by intramuscular injection.[L7967] Dicyclomine should not be administered intravenously.[L7967],"Dicyclomine achieves its action partially through direct antimuscarinic activity of the M1, M3, and M2 receptors; and partially through antagonism of bradykinin and histamine.[A6556,A182555,A234659,L7967] Dicyclomine non-competitively inhibits the action of bradykinin and histamine, resulting in direct action on the smooth muscle, and decreased strength of contractions seen in spasms of the ileum.[A182555]",MUSCARINIC ACETYLCHOLINE RECEPTOR M1; MUSCARINIC ACETYLCHOLINE RECEPTOR M3; MUSCARINIC ACETYLCHOLINE RECEPTOR M2,MUSCARINIC ACETYLCHOLINE RECEPTOR M3,CHRM3,CHOLINERGIC RECEPTOR MUSCARINIC 3,INDIRECT,,,,A03AA07,CAS: 77-19-0,C0012125
DB00806,Pentoxifylline,"Pentoxifylline (PTX) is a synthetic dimethylxanthine derivative that modulates the rheological properties of blood and also has both anti-oxidant and anti-inflammatory properties.[A226415, L30300] Although originally developed to treat intermittent claudication, a form of exertion-induced leg pain common in patients with peripheral arterial disease, PTX has been investigated for its possible use in diverse conditions, including osteoradionecrosis, diabetic kidney disease, and generally any condition associated with fibrosis.[A226410, A226415, A226455] More recently, PTX has been suggested as a possible treatment for COVID-19-induced pulmonary complications due to its ability to regulate the production of inflammatory cytokines.[A226608]

Pentoxifylline has been marketed in Europe since 1972; PTX extended-release tablets sold under the trade name TRENTAL by US Pharm Holdings were first approved by the FDA on Aug 30, 1984, but have since been discontinued. A branded product, PENTOXIL, marketed by Upsher-Smith Laboratories, and generic forms marketed by Valeant Pharmaceuticals and APOTEX have been available since the late 1990s.[L30300]",small molecule,approved; investigational,Pentoxifylline is indicated for the treatment of intermittent claudication in patients with chronic occlusive arterial disease. Pentoxifylline may improve limb function and reduce symptoms but cannot replace other therapies such as surgical bypass or removal of vascular obstructions.[L30300],"Pentoxifylline, a synthetic dimethylxanthine derivative structurally related to [theophylline] and [caffeine], exhibits hemorheological, anti-oxidative, and anti-inflammatory properties and is traditionally indicated in the treatment of peripheral arterial disease (PAD). In PAD patients with concurrent cerebrovascular and coronary artery diseases, pentoxifylline treatment has occasionally been associated with angina, arrhythmia, and hypotension. Concurrent use with [warfarin] should be associated with more frequent monitoring of prothrombin times. Also, patients with risk factors complicated by hemorrhages, such as retinal bleeding, peptic ulceration, and recent surgery, should be monitored periodically for bleeding signs.[L30300]","Patients with peripheral arterial disease (PAD) may suffer from intermittent claudication, exertional leg pain that resolves upon rest, which is underscored by a complex etiology including vascular dysfunction (reduced limb perfusion, angiogenesis, and microcirculatory flow), systemic inflammation, and skeletal muscle dysfunction.[A226410] Pentoxifylline (PTX), (3,7-dimethyl-1-(5-oxohexyl)-3,7-dihydro-1H-purine-2,6-dione) or 1-(5-oxohexyl)-3,7-­dimethylxanthine, is a methyl-xanthine derivative that acts to lower blood viscosity by increasing erythrocyte flexibility, reducing plasma fibrinogen, inhibiting neutrophil activation, and suppressing erythrocyte/platelet aggregation; it also has antioxidant and anti-inflammatory effects.[A226415, L30300] Although the precise mechanism of action has yet to be elucidated, numerous studies have suggested several effects of PTX.

The classical interpretation of PTX's broad effects is due to its ability to act, _in vitro_, as a non-specific cyclic-3',5'-phosphodiesterase (PDE) inhibitor at millimolar concentrations; specifically, it has been proposed that inhibition of PDE type III and IV isozymes leads to elevated cyclic adenosine monophosphate (cAMP) levels, which mediate diverse downstream effects.[A226420, A226425, A226430] This view has been challenged, specifically by observing those plasma concentrations of PTX in routine clinical use are typically only around 1μM, far lower than those used to inhibit PDEs _in vitro_.[A226430] Instead, several studies have suggested that PTX can modulate adenosine receptor function, specifically the Gα-coupled A2A receptor (A2AR). Whether PTX acts directly as an A2AR agonist is unclear, although it can clearly increase the response of A2AR to adenosine.[A16840, A16821, A226350, A226435] A2AR activation activates adenylyl cyclase, which increases intracellular cAMP levels; this observation may explain PTX's ability to increase intracellular cAMP in a PDE-independent fashion.[A226440]

Elevated cAMP levels have numerous downstream effects. cAMP-mediated activation of protein kinase A (PKA) suppresses nuclear translocation of NF-κB, which suppresses transcription of pro-inflammatory cytokines such as tumour necrosis factor (TNF-α), interleukin-1 (IL-1), and IL-6 as well as TNF-induced molecules such as adhesion molecules (ICAM1 and VCAM1) and the C-reactive protein (CRP).[A226415, A226445, A226450, A226455] PTX has also been shown to prevent the downstream phosphorylation of p38 MAPK and ERK, which are responsible for assembling the NADPH oxidase involved in the neutrophil oxidative burst. This effect is due to a PKA-independent decrease in Akt phosphorylation and a PKA-dependent decrease in phosphorylation of p38 MAPK and ERK.[A226450, A226465, A226470] This transcriptional regulation at least partially explains the anti-inflammatory and anti-oxidative properties of PTX.

Also, activated PKA can activate the cAMP response element-binding protein (CREB), which itself blocks SMAD-driven gene transcription, effectively disrupting transforming growth factor (TGF-β1) signalling.[A226440, A226475] This results in lower levels of fibrinogenic molecules such as collagens, fibronectin, connective tissue growth factor, and alpha-smooth muscle actin.[A226440, A226450, A226475, A226460] Hence, disruption of TGF-β1 signalling may explain the anti-fibrotic effects of PTX, including at least some of the decrease in blood viscosity.

The picture is complicated by the observation that PTX metabolites M1, M4, and M5 have been shown to inhibit C5 Des Arg- and formyl-methionylleucylphenylalanine-induced superoxide production in neutrophils and M1 and M5 significantly contribute to PTX's observed hemorheological effects.[A226415, A226430, A226480] Overall, PTX administration is associated with decreased pro-inflammatory molecules, an increase in anti-inflammatory molecules such as IL-10, and decreased production of fibrinogenic and cellular adhesion molecules.",ADENOSINE RECEPTOR A2A; TUMOR NECROSIS FACTOR; PHOSPHODIESTERASE ENZYMES; 5'-NUCLEOTIDASE; ADENOSINE RECEPTOR A1,ADENOSINE RECEPTOR A2A,ADORA2A,ADENOSINE A2A RECEPTOR,INDIRECT,Cytochrome P450 1A2,,,C04AD03; R03DA20,CAS: 6493-05-6,C0030899
DB00809,Tropicamide,"Tropicamide is an alkaloid atropine‐derived anticholinergic drug and a non‐selective antagonist of muscarinic acetylcholine (mACh) receptors.[A230103] Usually available in ophthalmic formulations, tropicamide is used to cause mydriasis and cycloplegia for eye exams or ocular procedures.[A229958] It is also used in combination with [hydroxyamphetamine] for the same indication.[L32178] Oral tropicamide has been investigated as a potential drug to relieve sialorrhea in patients with Parkinson's Disease.[A229958]",small molecule,approved; investigational,"Tropicamide is indicated to induce mydriasis (dilation of the pupil) for diagnostic procedures and in conditions where short-term pupil dilation is desired, either as monotherapy [L32103] or in combination with [hydroxyamphetamine] [L32178] or [phenylephrine].[L46332] It provides clinically significant mydriasis with partial cycloplegia.[L32178]","Tropicamide is an anticholinergic drug and that works by non‐selectively blocking muscarinic receptors to cause mydriasis and cycloplegia. It relaxes the pupillary sphincter to dilate the pupil.[A229958] The onset of tropicamide‐induced mydriasis is about 10 to 15 minutes,[A230103] with optimal effect occurring 25 to 30 minutes post-administration. Mydriasis caused by tropicamide wears off within four to eight hours, but it was seen up to 24 hours in some individuals. Tropicamide hinders accommodation by causing the contraction of the ciliary muscle. The cycloplegic effect occurs within 20 to minutes following administration, with a duration of action of four to 10 hours. Tropicamide can elevate intraocular pressure.[A229958] The ophthalmic use of tropicamide is not typically associated with serious systemic adverse events.[A230173]

One randomized pilot study showed that oral tropicamide alleviated perceived symptoms of sialorrhea in patients with Parkinson's Disease: anticholinergics are believed to restore the dopaminergic to cholinergic activity imbalance in neurodegenerative diseases.[A229958] Similarly in one case report, tropicamide administered via ophthalmic solution relieved clozapine-induced sialorrhea.[A230093] Interestingly, in rodent models, tropicamide suppressed drug-induced tremulous jaw movements which are often used as a model of parkinsonian tremor: the significance of this finding requires further investigations.[A5677]","Muscarinic acetylcholine receptors are involved in numerous ocular functions. The M<sub>3</sub> subtype is predominantly expressed by smooth muscle cells of the sphincter pupillae, which is a circular muscle of the iris, and ciliary muscles. In response to light or binding of acetylcholine, M<sub>3</sub> receptor signalling leads to contraction of the sphincter pupillae and pupil constriction. Contraction of the ciliary muscle via M<sub>3</sub> receptor signalling also leads to accommodation, adjusting the lens for near vision.[A230178] The eye is also innervated by parasympathetic nerves: ciliary ganglion neurons project to the ciliary body and the sphincter pupillae muscle of the iris to control ocular accommodation and pupil constriction.[A230183] 

Tropicamide is a non-selective muscarinic antagonist that binds to all subtypes of muscarinic receptors. By binding to muscarinic receptors, tropicamide relaxes the pupillary sphincter muscle and causes pupil dilation.[A229958] By blocking the muscarinic receptors of the ciliary body, tropicamide also prevents accommodation.[A230178] Like other muscarinic antagonists, tropicamide inhibits the parasympathetic drive, allowing the sympathetic nervous system responses to dominate.[A229958] Tropicamide is thought to ameliorate sialorrhea by blocking M<sub>4</sub> receptors expressed on salivary glands and reducing hypersalivation.[A229958]",MUSCARINIC ACETYLCHOLINE RECEPTOR M4; MUSCARINIC ACETYLCHOLINE RECEPTOR M1; MUSCARINIC ACETYLCHOLINE RECEPTOR M2; MUSCARINIC ACETYLCHOLINE RECEPTOR M3,MUSCARINIC ACETYLCHOLINE RECEPTOR M3,CHRM3,CHOLINERGIC RECEPTOR MUSCARINIC 3,INDIRECT,,,,S01FA06; S01FA56,CAS: 1508-75-4,C0041190
DB00824,Enprofylline,"Enprofylline is a derivative of theophylline which shares bronchodilator properties. Enprofylline is used in asthma, chronic obstructive pulmonary disease, and in the management of cerebrovascular insufficiency, sickle cell disease, and diabetic neuropathy. Long-term enprofylline administration may be associated with elevation in liver enzyme levels and unpredictable blood levels.",small molecule,approved; experimental,"Used in the management of symptoms of asthma. Also used in the treatment of peripheral vascular diseases and in the management of cerebrovascular insufficiency, sickle cell disease, and diabetic neuropathy.","Enprofylline is a synthetic dimethylxanthine derivative structurally related to theophylline and caffeine. It antagonizes erythrocyte phosphodiesterase, increasing cAMP activity.","Enprofylline inhibits erythrocyte phosphodiesterase, resulting in an increase in erythrocyte cAMP activity. Subsequently, the erythrocyte membrane becomes more resistant to deformity. Along with erythrocyte activity, enprofylline also decreases blood viscosity by reducing plasma fibrinogen concentrations and increasing fibrinolytic activity.","3',5'-CYCLIC-AMP PHOSPHODIESTERASE 4B; 5'-NUCLEOTIDASE; ADENOSINE RECEPTOR A2B; 3',5'-CYCLIC-AMP PHOSPHODIESTERASE 4A; ADENOSINE RECEPTOR A1; ADENOSINE RECEPTOR A2A; ADENOSINE RECEPTOR A3",ADENOSINE RECEPTOR A2A,ADORA2A,ADENOSINE A2A RECEPTOR,INDIRECT,,,,,CAS: 41078-02-8,
DB00835,Brompheniramine,"Histamine H1 antagonist used in treatment of allergies, rhinitis, and urticaria.",small molecule,approved,"For the treatment of the symptoms of the common cold and allergic rhinitis, such as runny nose, itchy eyes, watery eyes, and sneezing.","Brompheniramine is an antihistaminergic medication of the propylamine class. It is a first-generation antihistamine. In allergic reactions an allergen interacts with and cross-links surface IgE antibodies on mast cells and basophils. Once the mast cell-antibody-antigen complex is formed, a complex series of events occurs that eventually leads to cell-degranulation and the release of histamine (and other chemical mediators) from the mast cell or basophil. Once released, histamine can react with local or widespread tissues through histamine receptors. Histamine, acting on H<sub>1</sub>-receptors, produces pruritis, vasodilatation, hypotension, flushing, headache, tachycardia, and bronchoconstriction. Histamine also increases vascular permeability and potentiates pain. Brompheniramine is a histamine H1 antagonist (or more correctly, an inverse histamine agonist) of the alkylamine class. It provides effective, temporary relief of sneezing, watery and itchy eyes, and runny nose due to hay fever and other upper respiratory allergies.","Brompheniramine is an antagonist of the H1 histamine receptors with moderate antimuscarinic actions, as with other common antihistamines such as diphenhydramine. Due to its anticholindergic effects, brompheniramine may cause drowsiness, sedation, dry mouth, dry throat, blurred vision, and increased heart rate.",HISTAMINE H1 RECEPTOR; MUSCARINIC ACETYLCHOLINE RECEPTOR M1; MUSCARINIC ACETYLCHOLINE RECEPTOR M2; MUSCARINIC ACETYLCHOLINE RECEPTOR M3; MUSCARINIC ACETYLCHOLINE RECEPTOR M4; MUSCARINIC ACETYLCHOLINE RECEPTOR M5,MUSCARINIC ACETYLCHOLINE RECEPTOR M3,CHRM3,CHOLINERGIC RECEPTOR MUSCARINIC 3,INDIRECT,,,Brompheniramine H1-Antihistamine Action,R06AB51; R06AB01,CAS: 86-22-6,C0006246
DB00898,Ethanol,"A clear, colorless liquid rapidly absorbed from the gastrointestinal tract and distributed throughout the body. It has bactericidal activity and is used often as a topical disinfectant. It is widely used as a solvent and preservative in pharmaceutical preparations as well as serving as the primary ingredient in alcoholic beverages.",small molecule,approved,"For therapeutic neurolysis of nerves or ganglia for the relief of intractable chronic pain in such conditions as inoperable cancer and trigeminal neuralgia (tic douloureux), in patients for whom neurosurgical procedures are contraindicated.","Alcohol produces injury to cells by dehydration and precipitation of the cytoplasm or protoplasm. This accounts for its bacteriocidal and antifungal action. When alcohol is injected in close proximity to nerve tissues, it produces neuritis and nerve degeneration (neurolysis). Ninety to 98% of ethanol that enters the body is completely oxidized. Ethanol is also used as a cosolvent to dissolve many insoluble drugs and to serve as a mild sedative in some medicinal formulations. Ethanol also binds to GABA, glycine, NMDA receptors and modulates their effects. Ethanol is also metabolised by the hepatic enzyme alcohol dehydrogenase.","Ethanol affects the brain’s neurons in several ways. It alters their membranes as well as their ion channels, enzymes, and receptors. Alcohol also binds directly to the receptors for acetylcholine, serotonin, GABA, and the NMDA receptors for glutamate. 
The sedative effects of ethanol are mediated through binding to GABA receptors and glycine receptors (alpha 1 and alpha 2 subunits). It also inhibits NMDA receptor functioning. In its role as an anti-infective, ethanol acts as an osmolyte or dehydrating agent that disrupts the osmotic balance across cell membranes.","GAMMA-AMINOBUTYRIC ACID RECEPTOR SUBUNIT ALPHA-1; GLUTAMATE RECEPTOR IONOTROPIC, NMDA 3A; GLYCINE RECEPTOR SUBUNIT ALPHA-1; GLYCINE RECEPTOR SUBUNIT ALPHA-2; VOLTAGE-DEPENDENT L-TYPE CALCIUM CHANNEL SUBUNIT BETA-1; 5-HYDROXYTRYPTAMINE RECEPTOR 3A; GAMMA-AMINOBUTYRIC ACID RECEPTOR SUBUNIT ALPHA-2; NEURONAL ACETYLCHOLINE RECEPTOR SUBUNIT ALPHA-10; VOLTAGE-DEPENDENT L-TYPE CALCIUM CHANNEL SUBUNIT ALPHA-1C; GAMMA-AMINOBUTYRIC ACID RECEPTOR SUBUNIT ALPHA-5; GAMMA-AMINOBUTYRIC ACID RECEPTOR SUBUNIT ALPHA-4; GAMMA-AMINOBUTYRIC ACID RECEPTOR SUBUNIT ALPHA-3; GLUTAMATE RECEPTOR 1; VOLTAGE-DEPENDENT CALCIUM CHANNEL GAMMA-1 SUBUNIT; NEURONAL ACETYLCHOLINE RECEPTOR SUBUNIT ALPHA-2; GAMMA-AMINOBUTYRIC ACID RECEPTOR SUBUNIT ALPHA-6; GLUTAMATE RECEPTOR 2; GLUTAMATE RECEPTOR 4; GLUTAMATE RECEPTOR 3; NEURONAL ACETYLCHOLINE RECEPTOR SUBUNIT ALPHA-4; NEURONAL ACETYLCHOLINE RECEPTOR SUBUNIT BETA-2; G PROTEIN-ACTIVATED INWARD RECTIFIER POTASSIUM CHANNEL 1; G PROTEIN-ACTIVATED INWARD RECTIFIER POTASSIUM CHANNEL 2; VASCULAR CELL ADHESION PROTEIN 1; EQUILIBRATIVE NUCLEOSIDE TRANSPORTER 1; G PROTEIN-ACTIVATED INWARD RECTIFIER POTASSIUM CHANNEL 4; NEURONAL ACETYLCHOLINE RECEPTOR SUBUNIT ALPHA-7; NEURONAL ACETYLCHOLINE RECEPTOR SUBUNIT ALPHA-9; GAMMA-AMINOBUTYRIC ACID RECEPTOR SUBUNIT BETA-1; GAMMA-AMINOBUTYRIC ACID RECEPTOR SUBUNIT BETA-3; GAMMA-AMINOBUTYRIC ACID RECEPTOR SUBUNIT BETA-2; VOLTAGE-DEPENDENT L-TYPE CALCIUM CHANNEL SUBUNIT ALPHA-1S; VOLTAGE-DEPENDENT L-TYPE CALCIUM CHANNEL SUBUNIT ALPHA-1D; NEURONAL ACETYLCHOLINE RECEPTOR SUBUNIT BETA-4; NEURONAL ACETYLCHOLINE RECEPTOR SUBUNIT ALPHA-3; NEURONAL ACETYLCHOLINE RECEPTOR SUBUNIT ALPHA-5; NEURONAL ACETYLCHOLINE RECEPTOR SUBUNIT ALPHA-6; NEURONAL ACETYLCHOLINE RECEPTOR SUBUNIT BETA-3; GAMMA-AMINOBUTYRIC ACID RECEPTOR SUBUNIT GAMMA-1; GAMMA-AMINOBUTYRIC ACID RECEPTOR SUBUNIT GAMMA-3; GAMMA-AMINOBUTYRIC ACID RECEPTOR SUBUNIT EPSILON; GAMMA-AMINOBUTYRIC ACID RECEPTOR SUBUNIT PI; GAMMA-AMINOBUTYRIC ACID RECEPTOR SUBUNIT THETA; GAMMA-AMINOBUTYRIC ACID RECEPTOR SUBUNIT DELTA; EQUILIBRATIVE NUCLEOSIDE TRANSPORTER 2; 5-HYDROXYTRYPTAMINE RECEPTOR 3E; 5-HYDROXYTRYPTAMINE RECEPTOR 3B; 5-HYDROXYTRYPTAMINE RECEPTOR 3D; 5-HYDROXYTRYPTAMINE RECEPTOR 3C; VOLTAGE-DEPENDENT CALCIUM CHANNEL GAMMA-2 SUBUNIT; G PROTEIN-ACTIVATED INWARD RECTIFIER POTASSIUM CHANNEL 3; NEURAL CELL ADHESION MOLECULE L1; ACETYLCHOLINESTERASE; ALL-TRANS-RETINOL DEHYDROGENASE [NAD(+)] ADH7",GLYCINE RECEPTOR SUBUNIT ALPHA-2,GLRA2,"GLYCINE RECEPTOR, ALPHA 2",INDIRECT,Cytochrome P450 1A1; Cytochrome P450 1A2; Cytochrome P450 2B6; Cytochrome P450 2C9; Cytochrome P450 2C19; Cytochrome P450 2E1; Cytochrome P450 3A4; Cytochrome P450 4A11; Alcohol dehydrogenase 1A; All-trans-retinol dehydrogenase [NAD(+)] ADH1B; Alcohol dehydrogenase 1C; Alcohol dehydrogenase class-3; All-trans-retinol dehydrogenase [NAD(+)] ADH4; All-trans-retinol dehydrogenase [NAD(+)] ADH7; Alcohol dehydrogenase 6; Aldo-keto reductase family 1 member A1,,Disulfiram Action Pathway; Ethanol Degradation,V03AB16; V03AZ01; D08AX08,CAS: 64-17-5,C0001962
DB00934,Maprotiline,"Maprotiline is a tetracyclic antidepressant with similar pharmacological properties to tricyclic antidepressants (TCAs). Similar to TCAs, maprotiline inhibits neuronal norepinephrine reuptake, possesses some anticholinergic activity, and does not affect monoamine oxidase activity. It differs from TCAs in that it does not appear to block serotonin reuptake. Maprotiline may be used to treat depressive affective disorders, including dysthymic disorder (depressive neurosis) and major depressive disorder. Maprotiline is effective at reducing symptoms of anxiety associated with depression.",small molecule,approved; investigational,"For treatment of depression, including the depressed phase of bipolar depression, psychotic depression, and involutional melancholia, and may also be helpful in treating certain patients suffering severe depressive neurosis.","Maprotiline is a tetracyclic antidepressant. Although its main therapeutic use is in the treatment of depression, it has also been shown to exert a sedative effect on the anxiety component that often accompanies depression. In one sleep study, it was shown that maprotiline increases the duration of the REM sleep phase in depressed patients, compared to imipramine which reduced the REM sleep phase. Maprotiline is a strong inhibitor of noradrenaline reuptake in the brain and peripheral tissues, however it is worthy to note that it is a weak inhibitor of serotonergic uptake. In addition, it displays strong antihistaminic action (which may explain its sedative effects) as well as weak anticholinergic action. Maprotiline also has lower alpha adrenergic blocking activity than amitriptyline.","Maprotiline exerts its antidepressant action by inhibition of presynaptic uptake of catecholamines, thereby increasing their concentration at the synaptic clefts of the brain. In single doses, the effect of maprotiline on the EEG revealed a rise in the alpha-wave density, a reduction of the alpha-wave frequency and an increase in the alpha-wave amplitude. However, as with other tricyclic antidepressants, maprotiline lowers the convulsive threshold. Maprotiline acts as an antagonist at central presynaptic &alpha;<sub>2</sub>-adrenergic inhibitory autoreceptors and hetero-receptors, an action that is postulated to result in an increase in central noradrenergic and serotonergic activity. Maprotiline is also a moderate peripheral &alpha;<sub>1</sub> adrenergic antagonist, which may explain the occasional orthostatic hypotension reported in association with its use. Maprotiline also inhibits the amine transporter, delaying the reuptake of noradrenaline and norepinephrine. Lastly, maprotiline is a strong inhibitor of the histamine H<sub>1</sub> receptor, which explains its sedative actions.",SODIUM-DEPENDENT NORADRENALINE TRANSPORTER; HISTAMINE H1 RECEPTOR; MUSCARINIC ACETYLCHOLINE RECEPTOR M1; MUSCARINIC ACETYLCHOLINE RECEPTOR M2; MUSCARINIC ACETYLCHOLINE RECEPTOR M3; MUSCARINIC ACETYLCHOLINE RECEPTOR M4; MUSCARINIC ACETYLCHOLINE RECEPTOR M5; ALPHA-1 ADRENERGIC RECEPTORS; 5-HYDROXYTRYPTAMINE RECEPTOR 2A; 5-HYDROXYTRYPTAMINE RECEPTOR 2C; 5-HYDROXYTRYPTAMINE RECEPTOR 7; D(2) DOPAMINE RECEPTOR; ALPHA-2 ADRENERGIC RECEPTORS,MUSCARINIC ACETYLCHOLINE RECEPTOR M3,CHRM3,CHOLINERGIC RECEPTOR MUSCARINIC 3,INDIRECT,Cytochrome P450 1A2; Cytochrome P450 2D6,,,N06AA21,CAS: 10262-69-8,C0024778
DB00940,Methantheline,"Methantheline is a synthetic antispasmodic. Antispasmodics are used to relieve cramps or spasms of the stomach, intestines, and bladder. Methantheline is used to treat intestine or stomach ulcers (peptic ulcer disease), intestine problems (irritable bowel syndrome), pancreatitis, gastritis, biliary dyskinesia, pylorosplasm, or urinary problems (reflex neurogenic bladder in children).",small molecule,approved; investigational,"For the treatment of peptic ulcer disease, irritable bowel syndrome, pancreatitis, gastritis, biliary dyskinesia, pylorosplasm, and reflex neurogenic bladder in children.","Methantheline is a synthetic quarternary ammonium antimuscarinic used to relieve cramps or spasms of the stomach, intestines, and bladder. It can be used together with antacids or other medicines, such as H2-receptor antagonists, in the treatment of peptic ulcer. Methantheline inhibits muscarinic actions at postganglionic parasympathetic neuroeffector sites.","Methantheline inhibits the muscarinic actions of acetylcholine on structures innervated by postganglionic cholinergic nerves as well as on smooth muscles that respond to acetylcholine but lack cholinergic innervation. These postganglionic receptor sites are present in the autonomic effector cells of the smooth muscle, cardiac muscle, sinoatrial and atrioventricular nodes, and exocrine glands. Depending on the dose, anticholinergics may reduce the motility and secretory activity of the gastrointestinal system, and the tone of the ureter and urinary bladder and may have a slight relaxant action on the bile ducts and gallbladder.",HISTAMINE H2 RECEPTOR; MUSCARINIC ACETYLCHOLINE RECEPTOR M5; MUSCARINIC ACETYLCHOLINE RECEPTOR M2; MUSCARINIC ACETYLCHOLINE RECEPTOR M3; MUSCARINIC ACETYLCHOLINE RECEPTOR M4; MUSCARINIC ACETYLCHOLINE RECEPTOR M1,MUSCARINIC ACETYLCHOLINE RECEPTOR M3,CHRM3,CHOLINERGIC RECEPTOR MUSCARINIC 3,INDIRECT,Acetylcholinesterase,,,A03AB07,CAS: 5818-17-7,C0025624
DB00986,Glycopyrronium,"Glycopyrronium, also known as NVA237 or glycopyrrolate, is a racemic mixture of two enantiomers.[L33110] They are both quaternary ammonium compounds and long acting muscarinic antagonists.[L33110] It is one of the most commonly prescribed anticholinergic medications.[A233535,A233540] Early research into glycopyrronium use was for its indication as an adjunct therapy in the treatment of peptic ulcers.[A233570,L33090] Later research, taking advantage of the systemic distribution of muscarinic receptors through the body, found that glycopyrronium could also be used for reducing sweat gland,[L4755] oral,[L33140] airway, and gastric secretions;[L33120] as well as reducing cardiac inhibitory reflexes;[L33120] and reducing bronchoconstriction in COPD.[L33105] Glycopyrronium is commonly prescribed as a first line treatment for a wide variety indications and is considered to have a wider therapeutic window than [tiotropium].[A233565]

Glycopyrronium was originally granted FDA approval on 11 August 1961.[L33090]",small molecule,approved; investigational; vet_approved,"Glycopyrronium formulated as a topical cloth is indicated to treat primary axillary hyperhidrosis in patients ≥9 years,[L4755] and an inhalational solution is indicated for long term maintenance of airflow obstruction in COPD.[L33105] A glycopyrronium intravenous and intramuscular injection is indicated in adults and pediatric patients to reduce the volume and acidity of gastric secretions, reduce airway secretions, and block cardiac inhibitory reflexes during the induction of anesthesia and intubation; to treat surgically-induced, drug-induced, or vagal reflex associated arrhythmias intraoperatively; and to prevent peripheral muscarinic effects of cholinergic drugs.[L33120] The same injection is indicated in adults as an adjunct therapy in the treatment of peptic ulcers, as is an orally disintegrating tablet formulation.[L33120,L39615] An oral solution is indicated to treat excessive drooling associated with neurologic conditions in patients aged 3-16 years.[L33140] Glycopyrronium and [budesonide][L33145] can be formulated with [formoterol] fumarate for the maintenance of COPD.[L33150]","Glycopyrronium is a quaternary ammonium compound that is one of the most commonly prescribed long acting muscarinic antagonists.[A233535,A233540,L33110] Glycopyrronium slowly dissociated from muscarinic receptors, leading to a long duration of action.[A18287] It has a wider therapeutic index than other anticholinergic medications, such as [tiotropium].[A233565] Patients should be counselled regarding the risk of worsening urinary retention, risk of overheating, and transient blurred vision.[L4755]","Glycopyrronium is a muscarinic antagonist with the highest affinity for M1 receptors, followed by M3, M2/M4, and M5.[L33115] 

Muscarinic receptors M1 to M4 are found in the lung, although M3 is predominantly responsible for bronchoconstriction and airway secretions.[A18287,L33145,L33115] Secretions from salivary[A233545] and sweat[A233550] glands, as well as gastric acid secretions,[A233555] are also predominantly mediated by the M3 receptor. Salivary[A233545] and gastric acid[A233555] secretions are also partially mediated by the M1 receptor. Antagonism of these receptors decreases the volume of their respective secretions, and in the case of the gastrointestinal system, reduces the acidity of the stomach.[A233560]

In the cardiovascular system, muscarinic receptors M1 to M5 are all present, however the function of M5 has not been described in literature.[A233560] Under normal circumstances, stimulation of the vagal nerve lowers the heart rate, potentially leading to intraoperative bradycardia.[A233560] Studies in mice suggest that this stimulation is predominantly mediated by the M3 receptor, and mutant knockout mice are not susceptible to these effects.[A233560]",MUSCARINIC ACETYLCHOLINE RECEPTOR M1; MUSCARINIC ACETYLCHOLINE RECEPTOR M3; MUSCARINIC ACETYLCHOLINE RECEPTOR M2; MUSCARINIC ACETYLCHOLINE RECEPTOR M4; MUSCARINIC ACETYLCHOLINE RECEPTOR M5,MUSCARINIC ACETYLCHOLINE RECEPTOR M3,CHRM3,CHOLINERGIC RECEPTOR MUSCARINIC 3,INDIRECT,Cytochrome P450 2D6; Cytochrome P450 1A2; Cytochrome P450 2B6; Cytochrome P450 2C9; Cytochrome P450 2C18; Cytochrome P450 2C19; Cytochrome P450 3A4,Solute carrier family 22 member 2; Multidrug and toxin extrusion protein 1,,R03AL09; R03AL04; R03BB06; D11AA01; A03AB02; R03AL11; R03AL07; A03CA05; R03AL12,CAS: 740028-90-4,C3814772
DB01019,Bethanechol,"Bethanechol is a synthetic ester that was initially synthesized in 1935.[A232905,L32539] As a cholinergic agent, bethanechol is similar in structure and pharmacological function to acetylcholine and is used in specific cases when stimulation of the parasympathetic nervous system is necessary.[A232905,L32539] For example, bethanechol is readily used to treat postoperative or postpartum urinary retention. An advantage of bethanechol is that in contrast to acetylcholine, bethanechol is not degraded by cholinesterase allowing its effects to be longer-lasting.[L32539]",small molecule,approved,"Bethanechol is indicated for the treatment of acute, functional postpartum and postoperative urinary retention. It is also indicated for the treatment of neurogenic atony of the bladder with retention.[A226320,L32539]","Bethanechol is selective for muscarinic receptors and has little to no impact on nicotinic receptors.[A232905] The charged quaternary amine in the structure of bethanechol prevents it from crossing the blood-brain barrier which minimizes central nervous system related adverse effects.[A232905]
","Bethanechol is a direct muscarinic agonist and stimulates the parasympathetic nervous system by binding to postganglionic muscarinic receptors.[A232915,A232905] 

Though there are 5 types of muscarinic receptors (M1, M2, M3, M4, M5), binding of bethanechol to M3 is most clinically significant since M3 receptors are present in intestinal smooth muscle and the bladder.[A232915] The cholinergic effects of bethanechol lead to increased detrusor muscle tone to promote bladder emptying and increased smooth muscle tone which restores gastrointestinal peristalsis and motility.[A232915]

As a result of selectivity for muscarinic receptors, bethanechol produces minimal to no nicotinic effects.[A232905]",MUSCARINIC ACETYLCHOLINE RECEPTOR M3; MUSCARINIC ACETYLCHOLINE RECEPTOR M5; MUSCARINIC ACETYLCHOLINE RECEPTOR M1; MUSCARINIC ACETYLCHOLINE RECEPTOR M2; MUSCARINIC ACETYLCHOLINE RECEPTOR M4,MUSCARINIC ACETYLCHOLINE RECEPTOR M3,CHRM3,CHOLINERGIC RECEPTOR MUSCARINIC 3,INDIRECT,,,,N07AB02,CAS: 674-38-4,C0053526
DB01036,Tolterodine,Tolterodine is an antimuscarinic drug that is used to treat urinary incontinence. Tolterodine acts on M2 and M3 subtypes of muscarinic receptors.,small molecule,approved; investigational,"For the treatment of overactive bladder (with symptoms of urinary frequency, urgency, or urge incontinence).","Tolterodine is a competitive muscarinic receptor antagonist. Both urinary bladder contraction and salivation are mediated via cholinergic muscarinic receptors. After oral administration, tolterodine is metabolized in the liver, resulting in the formation of the 5-hydroxymethyl derivative, a major pharmacologically active metabolite. The 5-hydroxymethyl metabolite, which exhibits an antimuscarinic activity similar to that of tolterodine, contributes significantly to the therapeutic effect. Both tolterodine and the 5-hydroxymethyl metabolite exhibit a high specificity for muscarinic receptors, since both show negligible activity or affinity for other neurotransmitter receptors and other potential cellular targets, such as calcium channels. Tolterodine has a pronounced effect on bladder function. The main effects of tolterodine are an increase in residual urine, reflecting an incomplete emptying of the bladder, and a decrease in detrusor pressure, consistent with an antimuscarinic action on the lower urinary tract.","Both tolterodine and its active metabolite, 5-hydroxymethyltolterodine, act as competitive antagonists at muscarinic receptors. This antagonism results in inhibition of bladder contraction, decrease in detrusor pressure, and an incomplete emptying of the bladder.",MUSCARINIC ACETYLCHOLINE RECEPTOR M3; MUSCARINIC ACETYLCHOLINE RECEPTOR M2; MUSCARINIC ACETYLCHOLINE RECEPTOR M5; MUSCARINIC ACETYLCHOLINE RECEPTOR M1; MUSCARINIC ACETYLCHOLINE RECEPTOR M4,MUSCARINIC ACETYLCHOLINE RECEPTOR M3,CHRM3,CHOLINERGIC RECEPTOR MUSCARINIC 3,INDIRECT,Cytochrome P450 2C9; Cytochrome P450 2C19; Cytochrome P450 2D6; Cytochrome P450 3A4,,,G04BD07,CAS: 124937-51-5,C0388753
DB01062,Oxybutynin,"Overactive bladder (OAB) is a common condition negatively impacting the lives of millions of patients worldwide.  Due to its urinary symptoms that include nocturia, urgency, and frequency, this condition causes social embarrassment and a poor quality of life.[A185996,A185999] 

Oxybutynin, also marketed as Ditropan XL, is an anticholinergic medication used for the relief of overactive bladder symptoms that has been optimized for high levels of safety and efficacy since initial FDA approval in 1975.[A183782,L8648] This drug relieves undesirable urinary symptoms, increasing the quality of life for patients affected by OAB.  It is often used as first-line therapy for OAB.[A185990]",small molecule,approved; investigational,"Oxybutynin is indicated for the symptomatic treatment of overactive bladder, which causes urge urinary incontinence and frequency, and urgency.  Oxybutynin may also be used for children aged 6 and above for the symptomatic management of detrusor muscle overactivity which has been found to be related to a neurological condition. Spina bifida is an example of a neurological condition in which oxybutynin may be used to control urinary symptoms.[L8648] On occasion, oxybutynin may be used off-label to relieve bladder spasms associated with ureteral stents or urinary catheters.[T689]","Oxybutynin exerts antispasmodic actions on the bladder, relieving the uncomfortable symptoms of overactive bladder, including urinary urgency and frequency. These actions occur through the inhibition of muscarinic receptors.

**A note on angioedema and anticholinergic effects**

Symptoms of angioedema may occur with oxybutynin therapy. If angioedema is suspected, discontinue oxybutynin immediately and provide appropriate medical treatment.[L8648] In addition, anticholinergic effects may occur with the administration of this drug. Some symptoms may include hallucinations, confusion, agitation, and drowsiness. It is advisable to avoid operating heavy machinery before the response to oxybutynin has been monitored. Dose adjustments may be required.[L8648]","Oxybutynin acts to relax the bladder by inhibiting the muscarinic action of acetylcholine on smooth muscle, and not skeletal muscle.[L8648]
The active of oxybutynin is metabolite is N-desethyloxybutynin. It competitively inhibits the postganglionic type 1, 2 and 3 muscarinic receptors. The above actions lead to increased urine capacity in the bladder, decreasing urinary urgency and frequency.  In addition, oxybutynin delays the initial desire to void.[T689,L8648]",MUSCARINIC ACETYLCHOLINE RECEPTOR M3; MUSCARINIC ACETYLCHOLINE RECEPTOR M2; MUSCARINIC ACETYLCHOLINE RECEPTOR M1,MUSCARINIC ACETYLCHOLINE RECEPTOR M3,CHRM3,CHOLINERGIC RECEPTOR MUSCARINIC 3,INDIRECT,Cytochrome P450 3A4; Cytochrome P450 2C8; Cytochrome P450 2D6; Cytochrome P450 3A5,,,G04BD04,CAS: 5633-20-5,C0069805
DB01069,Promethazine,"Promethazine, originally known as 3,277 R.P., is an N-dimethylaminopropyl derivative of [phenothiazine] that was developed in France in 1946.[A189901] Promethazine antagonizes a variety of receptors, allowing it to be used for a number of indications including allergic reactions, pain, sedation, nausea, and vomiting.[A189907,A190153,A190159,A190150,A190171]

Promethazine was granted FDA approval before 29 March 1951.[A190177,L4000]",small molecule,approved; investigational,"Promethazine tablets and suppositories are indicated to treat rhinitis, allergic conjunctivitis, allergic reactions to blood or plasma, dermographism, anaphylactic reactions, sedation, nausea, vomiting, pain, motion sickness, and allergic skin reactions.[A189907,L4000] Promethazine cough syrup with phenylephrine and codeine is indicated to relieve cough and upper respiratory symptoms, and nasal congestion associated with allergy or the common cold.[L11326]","Promethazine is is a histamine H1 antagonist that can be used for it's ability to induce sedation, reduce pain, and treat allergic reactions.[L4000] Promethazine's effects generally last 4-6h but can last up to 12h.[L4000] Patients should be counselled regarding CNS and respiratory depression, reduce seizure threshold, and bone marrow depression.[L4000]","Promethazine is a an antagonist of histamine H1, post-synaptic mesolimbic dopamine, alpha adrenergic, muscarinic, and NMDA receptors.[A189907,A190153,A190159] The antihistamine action is used to treat allergic reactions.[A190150] Antagonism of muscarinic and NMDA receptors contribute to its use as a sleep aid, as well as for anxiety and tension.[A190159] Antagonism of histamine H1, muscarinic, and dopamine receptors in the medullary vomiting center make promethazine useful in the treatment of nausea and vomiting.[A190171]",HISTAMINE H1 RECEPTOR; D(2) DOPAMINE RECEPTOR; MUSCARINIC ACETYLCHOLINE RECEPTOR M1; MUSCARINIC ACETYLCHOLINE RECEPTOR M2; MUSCARINIC ACETYLCHOLINE RECEPTOR M3; MUSCARINIC ACETYLCHOLINE RECEPTOR M4; MUSCARINIC ACETYLCHOLINE RECEPTOR M5; ALPHA ADRENERGIC RECEPTOR; HISTAMINE H2 RECEPTOR; P2 PURINOCEPTORS; VOLTAGE-GATED SODIUM CHANNEL ALPHA SUBUNIT; VOLTAGE-GATED POTASSIUM CHANNELS; CALMODULIN,MUSCARINIC ACETYLCHOLINE RECEPTOR M3,CHRM3,CHOLINERGIC RECEPTOR MUSCARINIC 3,INDIRECT,Cytochrome P450 2C9; Cytochrome P450 2D6; Cytochrome P450 2B6,ATP-dependent translocase ABCB1; ATP-binding cassette sub-family C member 3; ATP-binding cassette sub-family C member 4,Promethazine H1-Antihistamine Action,R06AD52; D04AA10; V03AB05; R06AD02,CAS: 60-87-7,C0033405
DB01085,Pilocarpine,"A naturally occurring alkaloid derived from the _Pilocarpus_ plants, pilocarpine is a muscarinic acetylcholine agonist.[A262016, A262036] Pilocarpine is associated with parasympathomimetic effects by selectively working on muscarinic receptors.[A262036] Pilocarpine is used to treat dry mouth and various ophthalmic conditions, including elevated intraocular pressure and glaucoma. The usage of glaucoma by pilocarpine dates back to 1875.[A262041]",small molecule,approved; investigational,"Pilocarpine oral tablets are indicated for the treatment of dry mouth caused by Sjogren's Syndrome or radiotherapy for cancer of the head and neck.[L48566]

Pilocarpine ophthalmic formulations are used to treat presbyopia in adults,[L48556, L48631] reduce elevated intraocular pressure (IOP) in patients with open-angle glaucoma or ocular hypertension, manage acute angle-closure glaucoma, prevent postoperative elevated IOP associated with laser surgery, and induce miosis.[L48561]","Pilocarpine is a muscarinic agent that mediates diaphoretic, miotic, and central nervous system effects. Pilocarpine stimulates the secretion of various exocrine glands, such as sweat, lacrimal, salivary, and gastrointestinal glands. Following oral administration, pilocarpine increased the mean salivary flow rate by 2- to lO-folds than placebo. Its peak levels were maintained for at least one to two hours.[A262036, L48556] Pilocarpine increases smooth muscle tone, contracts the pupillary and iris sphincter muscles, and induces miosis.[A262036, L48556, L48566, L48631]

Because pilocarpine may affect all five muscarinic receptor subtypes, it is associated with parasympathetic side effects.[A262016, A262041]","The muscarinic M3 receptor is expressed in various endocrine and exocrine glands, including the gastric and salivary glands.[A262041] It is also found in smooth muscle cells in pupillary sphincter and ciliary bodies. The M3 receptor is a G<sub>q</sub>-protein-coupled receptor that activates phospholipase C and upregulates inositol trisphosphate and intracellular calcium. M3 receptor activation has been implicated in smooth muscle contraction and the stimulation of salivary glands.[A262016] Pilocarpine is an agonist for M1 and M2 receptors,[A262041, A262086] and is a full and partial agonist at the M3 receptor.[A262016]",MUSCARINIC ACETYLCHOLINE RECEPTOR M3; MUSCARINIC ACETYLCHOLINE RECEPTOR M1; MUSCARINIC ACETYLCHOLINE RECEPTOR M2; MUSCARINIC ACETYLCHOLINE RECEPTOR M5; MUSCARINIC ACETYLCHOLINE RECEPTOR M4,MUSCARINIC ACETYLCHOLINE RECEPTOR M3,CHRM3,CHOLINERGIC RECEPTOR MUSCARINIC 3,INDIRECT,Cytochrome P450 3A4; Cytochrome P450 2A6; Serum paraoxonase/arylesterase 1,,,N07AX01; S01EB01; S01EB51,CAS: 92-13-7,C0031923
DB01142,Doxepin,"Doxepin is a psychotropic agent with antidepressant and anxiolytic properties.[T559] It is a tertiary amine that can be presented as (E) and (Z) stereoisomers with the (Z) stereoisomer corresponding to [cidoxepin]. Doxepin commonly produces a 5:1 (E):(Z) racemic mixture.[T83] 

In a strict sense, doxepin is not a tricyclic antidepressant but it is commonly associated with the class since it shares a lot of properties with members of the drug family including [amitriptyline], [clomipramine], [desipramine], [imipramine], [nortriptyline], [protriptyline] and [trimipramine].[L5977] 

Doxepin was developed by Pfizer and FDA approved in 1969 as an antidepressant.[L5971] However, in 2010 it was approved for the treatment of insomnia. The latter indication was presented by Pernix Therapeutics.[L5974]",small molecule,approved; investigational,"Oral doxepin is approved for the following indications:

- Treatment of depression and/or anxiety.[A177163]
- Treatment of depression and/or anxiety associated with different conditions, including alcoholism, organic disease and manic-depressive disorders.[T249]
- Treatment of psychotic depressive disorders with associated anxiety.[T249]
- Treatment of involutional depression.[T249] 
- Treatment of manic-depressive disorder.[T249]
- Treatment of insomnia characterized by difficulties with sleep maintenance.[A177163]

Topical doxepin is also approved for short-term (up to 8 days) management of moderate pruritus in adult patients with atopic dermatitis, pruritus or lichen simplex chronicus.[T249]

Off-label, doxepin is used topically for the management of neuropathic pain.[A177172]

Depression is a common medical illness that causes feelings of sadness and or loss of interest in prior enjoyable activities. This condition can lead to emotional and physical disturbances that can decrease the ability of a person to function in a regular environment.[L5980]

Anxiety is a normal reaction of the body towards a normal danger. When the anxious state is exacerbated or appears on situations without danger, it is defined as an anxiety disorder. This disorders can appear in different forms such as phobias, panic, obsessive-compulsive disorder and post-traumatic stress disorder.[L5983]

Insomnia is a sleep disorder that directly affects the quality of life of the individual. It is characterized by the complication either to fall asleep or to stay asleep. This condition can be occasional or chronic.[L5986]

Pruritus is defined as an unpleasant skin reaction that provokes the urge to scratch. It can be localized or generalized and it can appear in an acute or chronic manner.[L5989]

Neuropathic pain occurs due to the damage or dysfunction of the peripheral or central nervous system rather than stimulation of the pain receptors.[L5992]","Similar to other tricyclic antidepressants, doxepin was shown, in preclinical trials, to decrease the electrical activity of the brain, prolong the hexobarbital-induced sleep and block avoidance behavior without affecting the conditioned emotional response. At high doses, it also produces symptoms of central nervous system depression.[L5998]

Doxepin is known to cause antidepressant, sedative, and anticholinergic effects. At high doses, its anticholinergic and antiadrenergic properties are the most prevalent which limit its efficacy. These effects are observed at high doses where its affinity for H1 histamine receptor is lost and its binding to other receptors is observed.[A177163]

The maximal antidepressive effects of doxepin are present around two weeks following initiation of therapy.[T388] However, the sedative effects of doxepin, usually used for the treatment of insomnia or anxiety, are observed immediately after administration.[T249]","Doxepin exact mechanism of action is not very clear. However, doxepin is known to be a selective histamine H1 receptor blocker.[A177163] This effect on histamine receptors indicates effectiveness in skin conditions.[T249]

Breaking its function according to the different effect, doxepin's antidepressive action is primarily associated with the inhibition of the central nervous system biogenic amine reuptake; more specifically, norepinephrine and serotonin at synaptic nerve terminals. This effect increases the level of monoamines in the synaptic site which in order increases the activity at the post-synaptic neuron receptor sites.[T388] It has been suggested that doxepin also desensitizes both serotonin 1A receptors and beta-adrenergic receptors.[T249]

It is known that the lack of dopamine transporters in the frontal cortex and the transmission of dopamine in this region is largely inactivated by the effect of norepinephrine reuptake. Hence, doxepin action on the frontal cortex is suggested to increase dopamine neurotransmission in this area.[T249]",HISTAMINE H1 RECEPTOR; HISTAMINE H2 RECEPTOR; SODIUM-DEPENDENT NORADRENALINE TRANSPORTER; SODIUM-DEPENDENT SEROTONIN TRANSPORTER; 5-HYDROXYTRYPTAMINE RECEPTOR 2A; 5-HYDROXYTRYPTAMINE RECEPTOR 2B; 5-HYDROXYTRYPTAMINE RECEPTOR 2C; MUSCARINIC ACETYLCHOLINE RECEPTOR M1; MUSCARINIC ACETYLCHOLINE RECEPTOR M2; MUSCARINIC ACETYLCHOLINE RECEPTOR M3; MUSCARINIC ACETYLCHOLINE RECEPTOR M4; MUSCARINIC ACETYLCHOLINE RECEPTOR M5; ALPHA-1A ADRENERGIC RECEPTOR; ALPHA-1B ADRENERGIC RECEPTOR; ALPHA-1D ADRENERGIC RECEPTOR; 5-HYDROXYTRYPTAMINE RECEPTOR 1A; 5-HYDROXYTRYPTAMINE RECEPTOR 6; HISTAMINE H4 RECEPTOR; VOLTAGE-GATED INWARDLY RECTIFYING POTASSIUM CHANNEL KCNH2,MUSCARINIC ACETYLCHOLINE RECEPTOR M3,CHRM3,CHOLINERGIC RECEPTOR MUSCARINIC 3,INDIRECT,Cytochrome P450 3A4; Cytochrome P450 2D6; Cytochrome P450 2C19; Cytochrome P450 2C9; Cytochrome P450 1A2,ATP-dependent translocase ABCB1,Doxepin H1-Antihistamine Action; Doxepin Metabolism Pathway,N06AA12; D04AX01,CAS: 1668-19-5,C0013085
DB01151,Desipramine,"Desipramine hydrochloride is a dibenzazepine-derivative tricyclic antidepressant (TCA). TCAs are structurally similar to phenothiazines. They contain a tricyclic ring system with an alkyl amine substituent on the central ring. In non-depressed individuals, desipramine does not affect mood or arousal, but may cause sedation. In depressed individuals, desipramine exerts a positive effect on mood. TCAs are potent inhibitors of serotonin and norepinephrine reuptake. Secondary amine TCAs, such as desipramine and nortriptyline, are more potent inhibitors of norepinephrine reuptake than tertiary amine TCAs, such as amitriptyline and doxepine. TCAs also down-regulate cerebral cortical &beta;-adrenergic receptors and sensitize post-synaptic serotonergic receptors with chronic use. The antidepressant effects of TCAs are thought to be due to an overall increase in serotonergic neurotransmission. TCAs also block histamine-H<sub>1</sub> receptors, &alpha;<sub>1</sub>-adrenergic receptors and muscarinic receptors, which accounts for their sedative, hypotensive and anticholinergic effects (e.g. blurred vision, dry mouth, constipation, urinary retention), respectively. See toxicity section below for a complete listing of side effects. Desipramine exerts less anticholinergic and sedative side effects compared to tertiary amine TCAs, such as amitriptyline and clomipramine. Desipramine may be used to treat depression, neuropathic pain (unlabeled use), agitation and insomnia (unlabeled use) and attention-deficit hyperactivity disorder (unlabeled use).",small molecule,approved; investigational,"For relief of symptoms in various depressive syndromes, especially endogenous depression. It has also been used to manage chronic peripheral neuropathic pain, as a second line agent for the management of anxiety disorders (e.g. panic disorder, generalized anxiety disorder), and as a second or third line agent in the ADHD management. ","Desipramine, a secondary amine tricyclic antidepressant, is structurally related to both the skeletal muscle relaxant cyclobenzaprine and the thioxanthene antipsychotics such as thiothixene. It is the active metabolite of imipramine, a tertiary amine TCA. The acute effects of desipramine include inhibition of noradrenaline re-uptake at noradrenergic nerve endings and inhibition of serotonin (5-hydroxy tryptamine, 5HT) re-uptake at the serotoninergic nerve endings in the central nervous system. Desipramine exhibits greater noradrenergic re-uptake inhibition compared to the tertiary amine TCA imipramine. In addition to inhibiting neurotransmitter re-uptake, desipramine down-regulates beta-adrenergic receptors in the cerebral cortex and sensitizes serotonergic receptors with chronic use. The overall effect is increased serotonergic transmission. Antidepressant effects are typically observed 2 - 4 weeks following the onset of therapy though some patients may require up to 8 weeks of therapy prior to symptom improvement. Patients experiencing more severe depressive episodes may respond quicker than those with mild depressive symptoms.","Desipramine is a tricyclic antidepressant (TCA) that selectively blocks reuptake of norepinephrine (noradrenaline) from the neuronal synapse. It also inhibits serotonin reuptake, but to a lesser extent compared to tertiary amine TCAs such as imipramine. Inhibition of neurotransmitter reuptake increases stimulation of the post-synaptic neuron.  Chronic use of desipramine also leads to down-regulation of beta-adrenergic receptors in the cerebral cortex and sensitization of serotonergic receptors. An overall increase in serotonergic transmission likely confers desipramine its antidepressant effects. Desipramine also possesses minor anticholinergic activity, through its affinity for muscarinic receptors. TCAs are believed to act by restoring normal levels of neurotransmitters via synaptic reuptake inhibition and by increasing serotonergic neurotransmission via serotonergic receptor sensitization in the central nervous system.",SODIUM-DEPENDENT NORADRENALINE TRANSPORTER; SODIUM-DEPENDENT SEROTONIN TRANSPORTER; 5-HYDROXYTRYPTAMINE RECEPTOR 2A; BETA-2 ADRENERGIC RECEPTOR; BETA-1 ADRENERGIC RECEPTOR; SPHINGOMYELIN PHOSPHODIESTERASE; HISTAMINE H1 RECEPTOR; ALPHA-1 ADRENERGIC RECEPTORS; MUSCARINIC ACETYLCHOLINE RECEPTOR M1; MUSCARINIC ACETYLCHOLINE RECEPTOR M2; MUSCARINIC ACETYLCHOLINE RECEPTOR M3; MUSCARINIC ACETYLCHOLINE RECEPTOR M4; MUSCARINIC ACETYLCHOLINE RECEPTOR M5; 5-HYDROXYTRYPTAMINE RECEPTOR 1A; 5-HYDROXYTRYPTAMINE RECEPTOR 2C; D(2) DOPAMINE RECEPTOR; ALPHA-2 ADRENERGIC RECEPTORS,MUSCARINIC ACETYLCHOLINE RECEPTOR M3,CHRM3,CHOLINERGIC RECEPTOR MUSCARINIC 3,INDIRECT,Cytochrome P450 2D6; Cytochrome P450 1A2; Cytochrome P450 3A4; Cytochrome P450 2B6; Cytochrome P450 2E1,ATP-dependent translocase ABCB1; Solute carrier family 22 member 1; Solute carrier family 22 member 3; Solute carrier family 22 member 2; Organic cation/carnitine transporter 2; Solute carrier family 22 member 4,Imipramine Action Pathway; Desipramine Action Pathway; Imipramine Metabolism Pathway; Desipramine Metabolism Pathway,N06AA01,CAS: 50-47-5,C0011685
DB01223,Aminophylline,"Aminophylline is a drug combination that contains theophylline and ethylenediamine in a 2:1 ratio. Once in the body, theophylline is released and acts as a phosphodiesterase inhibitor, adenosine receptor blocker, and histone deacetylase activator. Similar to other theophyllines, aminophylline is indicated for the treatment of lung diseases such as asthma, chronic bronchitis, and COPD. The majority of aminophylline medications are discontinued and the remaining medications on the market are in short supply.",small molecule,approved,"For the treatment of bronchospasm due to asthma, emphysema and chronic bronchitis.","Aminophylline is the ethylenediamine salt of theophylline. Theophylline stimulates the CNS, skeletal muscles, and cardiac muscle. It relaxes certain smooth muscles in the bronchi, produces diuresis, and causes an increase in gastric secretion.","Aminophylline is the ethylenediamine salt of theophylline. After ingestion, theophylline is released from aminophylline, and theophylline relaxes the smooth muscle of the bronchial airways and pulmonary blood vessels and reduces airway responsiveness to histamine, methacholine, adenosine, and allergen. Theophylline competitively inhibits type III and type IV phosphodiesterase (PDE), the enzyme responsible for breaking down cyclic AMP in smooth muscle cells, possibly resulting in bronchodilation. Theophylline also binds to the adenosine A2B receptor and blocks adenosine mediated bronchoconstriction. In inflammatory states, theophylline activates histone deacetylase to prevent transcription of inflammatory genes that require the acetylation of histones for transcription to begin.","CGMP-INHIBITED 3',5'-CYCLIC PHOSPHODIESTERASE 3A; ADENOSINE RECEPTOR A1; ADENOSINE RECEPTOR A3; HISTONE DEACETYLASE 2",ADENOSINE RECEPTOR A3,ADORA3,ADENOSINE A3 RECEPTOR,INDIRECT,Cytochrome P450 2E1; Cytochrome P450 3A4; Cytochrome P450 1A2,,,R03DA55; R03DA05; R03DA20; R03DB05,CAS: 317-34-0,C0002575
DB01224,Quetiapine,"Initially approved by the FDA in 1997, quetiapine is a second-generation atypical antipsychotic used in schizophrenia, major depression, and bipolar disorder.[L8546] Quetiapine demonstrates a high level of therapeutic efficacy and low risk of adverse effects during long-term treatment. It is well-tolerated and a suitable option for some patients with high sensitivity to other drugs, such as [clozapine] and [olanzapine].[A2189]",small molecule,approved,"Quetiapine is used in the symptomatic treatment of schizophrenia.  In addition, it may be used for the management of acute manic or mixed episodes in patients with bipolar I disorder, as a monotherapy or combined with other drugs. It may be used to manage depressive episodes in bipolar disorder. In addition to the above indications, quetiapine is used in combination with antidepressant drugs for the treatment of major depression.[L8546]

Some off-label uses for this drug include the management of post-traumatic stress disorder (PTSD), generalized anxiety disorder, and psychosis associated with Parkinson's disease.[A185438,A185447,T685]
","Quetiapine improves the positive and negative symptoms of schizophrenia and major depression by acting on various neurotransmitter receptors, such as the serotonin and dopamine receptors. In bipolar disorder, it improves both depressive and manic symptoms.[A2189,A185441,A185444]

**A note on suicidality in young patients and administration in the elderly**

Quetiapine can cause suicidal thinking or behavior in children and adolescents and should not be given to children under 10 years of age. It is important to monitor for suicidality if this drug is given to younger patients. In addition, this drug is not indicated for the treatment of psychosis related to dementia due to an increased death rate in elderly patients taking this drug.[L8546]","Although the mechanism of action of quetiapine is not fully understood, several proposed mechanisms exist. In schizophrenia, its actions could occur from the antagonism of dopamine type 2 (D2) and serotonin 2A (5HT2A) receptors. In bipolar depression and major depression, quetiapine's actions may be attributed to the binding of this drug or its metabolite to the norepinephrine transporter. Additional effects of quetiapine, including somnolence, orthostatic hypotension, and anticholinergic effects, may result from the antagonism of H1 receptors, adrenergic α1 receptors, and muscarinic M1 receptors, respectively.[A2189,A185438,L8546]",5-HYDROXYTRYPTAMINE RECEPTOR 2A; D(2) DOPAMINE RECEPTOR; 5-HYDROXYTRYPTAMINE RECEPTOR 1A; 5-HYDROXYTRYPTAMINE RECEPTOR 1B; 5-HYDROXYTRYPTAMINE RECEPTOR 1D; 5-HYDROXYTRYPTAMINE RECEPTOR 1E; 5-HYDROXYTRYPTAMINE RECEPTOR 2C; 5-HYDROXYTRYPTAMINE RECEPTOR 3A; 5-HYDROXYTRYPTAMINE RECEPTOR 6; 5-HYDROXYTRYPTAMINE RECEPTOR 7; D(1A) DOPAMINE RECEPTOR; D(1B) DOPAMINE RECEPTOR; D(3) DOPAMINE RECEPTOR; D(4) DOPAMINE RECEPTOR; HISTAMINE H1 RECEPTOR; ALPHA-1 ADRENERGIC RECEPTORS; ALPHA-2A ADRENERGIC RECEPTOR; ALPHA-2B ADRENERGIC RECEPTOR; ALPHA-2C ADRENERGIC RECEPTOR; MUSCARINIC ACETYLCHOLINE RECEPTOR M1; MUSCARINIC ACETYLCHOLINE RECEPTOR M2; MUSCARINIC ACETYLCHOLINE RECEPTOR M3; MUSCARINIC ACETYLCHOLINE RECEPTOR M4; MUSCARINIC ACETYLCHOLINE RECEPTOR M5,MUSCARINIC ACETYLCHOLINE RECEPTOR M3,CHRM3,CHOLINERGIC RECEPTOR MUSCARINIC 3,INDIRECT,Cytochrome P450 2C19; Cytochrome P450 2D6; Cytochrome P450 3A7; Cytochrome P450 3A4; Cytochrome P450 3A5,ATP-dependent translocase ABCB1,Quetiapine H1-Antihistamine Action,N05AH04,CAS: 111974-69-7,C0123091
DB01226,Mivacurium,"Mivacurium is a bisbenzylisoquinolinium based neuromuscular blocker or muscle relaxant. It binds competitively to cholinergic receptors on the motor end-plate to antagonize the action of acetylcholine, resulting in a block of neuromuscular transmission.",small molecule,approved,"For inpatients and outpatients, as an adjunct to general anesthesia, to facilitate tracheal intubation and to provide skeletal muscle relaxation during surgery or mechanical ventilation.","Mivacurium is a short-acting, nondepolarizing skeletal neuromuscular blocking agent which is hydrolyzed by plasma cholinesterase. Mivacurium results in a blockade of neuromuscular transmission by binding competitively with cholinergic receptors on the motor end-plate to antagonize the action of acetylcholine. The neuromuscular block produced by mivacurium is readily antagonized by anticholinesterase agents. The deeper the level of neuromuscular block at reversal, the longer the time required for recovery of neuromuscular function and the greater the dose of anticholinesterase agent required. Because spontaneous recovery after mivacurium is rapid, routine reversal may not always result in a clinical benefit.","Mivacurium binds competitively to cholinergic receptors on the motor end-plate to antagonize the action of acetylcholine, resulting in a block of neuromuscular transmission. This action is antagonized by acetylcholinesterase inhibitors, such as neostigmine.",NEURONAL ACETYLCHOLINE RECEPTOR SUBUNIT ALPHA-2; MUSCARINIC ACETYLCHOLINE RECEPTOR M2; MUSCARINIC ACETYLCHOLINE RECEPTOR M3; CHOLINESTERASE,MUSCARINIC ACETYLCHOLINE RECEPTOR M3,CHRM3,CHOLINERGIC RECEPTOR MUSCARINIC 3,INDIRECT,Cholinesterase,,,M03AC10,CAS: 133814-19-4,C0066621
DB01231,Diphenidol,Diphenidol is an antiemetic agent used in the treatment of vomiting and vertigo. Diphenidol overdose may result in serious toxicity in children.,small molecule,approved; investigational; withdrawn,"For use in the prevention and symptomatic treatment of peripheral (labyrinthine) vertigo and associated nausea and vomiting that occur in such conditions as Meniere's disease and surgery of the middle and inner ear. Also for the control of nausea and vomiting associated with postoperative states, malignant neoplasms, labyrinthine disturbances, antineoplastic agent therapy, radiation sickness, and infectious diseases.","Diphenidol is used for control of nausea and vomiting. It has an antivertigo effect on the vestibular apparatus, inhibiting the chemoreceptor trigger zone to control nausea and vomiting, thus preventing motion sickness.","The mechanism by which diphenidol exerts its antiemetic and antivertigo effects is not precisely known. It is thought to diminish vestibular stimulation and depress labyrinthine function and as an antimuscarinic agent. An action on the medullary chemoreceptive trigger zone may also be involved in the antiemetic effect. Diphenidol has no significant sedative, tranquilizing, or antihistaminic action. It has a weak peripheral anticholinergic effect.",MUSCARINIC ACETYLCHOLINE RECEPTOR M4; MUSCARINIC ACETYLCHOLINE RECEPTOR M2; MUSCARINIC ACETYLCHOLINE RECEPTOR M1; MUSCARINIC ACETYLCHOLINE RECEPTOR M3,MUSCARINIC ACETYLCHOLINE RECEPTOR M3,CHRM3,CHOLINERGIC RECEPTOR MUSCARINIC 3,INDIRECT,,,,,CAS: 972-02-1,C0058371
DB01239,Chlorprothixene,"Chlorprothixene is a typical antipsychotic drug of the thioxanthene (tricyclic) class. Chlorprothixene exerts strong blocking effects by blocking the 5-HT2 D1, D2, D3, histamine H1, muscarinic and alpha1 adrenergic receptors.",small molecule,approved; experimental; investigational; withdrawn,For treatment of psychotic disorders (e.g. schizophrenia) and of acute mania occuring as part of bipolar disorders.,"Chlorprothixene is a typical antipsychotic drug of the thioxanthine class. It has a low antipsychotic potency (half to 2/3 of chlorpromazine). Chlorprothixene has not thoroughly demonstrated an antidepressant or analgesic effect but it has demonstrated antiemetic effects. It is used in the treatment of nervous, mental, and emotional conditions. Improvement in such conditions is thought to result from the effect of the medicine on nerve pathways in specific areas of the brain. Chlorprothixene has a similar side effect profile to chlorpromazine, though allergic side effects and liver damage are less frequent.","Chlorprothixene blocks postsynaptic mesolimbic dopaminergic D1 and D2 receptors in the brain; depresses the release of hypothalamic and hypophyseal hormones and is believed to depress the reticular activating system thus affecting basal metabolism, body temperature, wakefulness, vasomotor tone, and emesis.",D(2) DOPAMINE RECEPTOR; D(1A) DOPAMINE RECEPTOR; D(3) DOPAMINE RECEPTOR; 5-HYDROXYTRYPTAMINE RECEPTOR 2A; HISTAMINE H1 RECEPTOR; SEROTONIN RECEPTORS; MUSCARINIC ACETYLCHOLINE RECEPTOR M1; MUSCARINIC ACETYLCHOLINE RECEPTOR M2; MUSCARINIC ACETYLCHOLINE RECEPTOR M3; MUSCARINIC ACETYLCHOLINE RECEPTOR M4; MUSCARINIC ACETYLCHOLINE RECEPTOR M5,MUSCARINIC ACETYLCHOLINE RECEPTOR M3,CHRM3,CHOLINERGIC RECEPTOR MUSCARINIC 3,INDIRECT,,ATP-dependent translocase ABCB1,,N05AF03,CAS: 113-59-7,C0008290
DB01303,Oxtriphylline,"Oxtriphylline is the choline salt form of [theophylline]. Once in the body, theophylline is released and acts as a phosphodiesterase inhibitor, adenosine receptor blocker, and histone deacetylase activator. Its main physiological reponse is to dilate the bronchioles. As such, oxytriphylline is indicated mainly for asthma, bronchospasm, and COPD (i.e. all the same indications as the other theophyllines). It is marketed under the name Choledyl SA, and several forms of oxytriphylline have been discontinued. In the US, oxtriphylline is no longer available.",small molecule,approved,"Used to treat the symptoms of asthma, bronchitis, COPD, and emphysema.","Oxtriphylline is a bronchodilator. Oxtriphylline works in several ways: it relaxes muscles in your lungs and chest to allow more air in, decreases the sensitivity of your lungs to allergens and other substances that cause inflammation, and increases the contractions of your diaphragm to draw more air into the lungs.","Oxtriphylline is a choline salt of theophylline. After ingestion, theophylline is released from oxytriphylline, and theophylline relaxes the smooth muscle of the bronchial airways and pulmonary blood vessels and reduces airway responsiveness to histamine, methacholine, adenosine, and allergen. Theophylline competitively inhibits type III and type IV phosphodiesterase (PDE), the enzyme responsible for breaking down cyclic AMP in smooth muscle cells, possibly resulting in bronchodilation. Theophylline also binds to the adenosine A2B receptor and blocks adenosine mediated bronchoconstriction. In inflammatory states, theophylline activates histone deacetylase to prevent transcription of inflammatory genes that require the acetylation of histones for transcription to begin.
","CGMP-INHIBITED 3',5'-CYCLIC PHOSPHODIESTERASE 3A; 3',5'-CYCLIC-AMP PHOSPHODIESTERASE 4A; ADENOSINE RECEPTOR A2A; ADENOSINE RECEPTOR A1; HISTONE DEACETYLASE 2",ADENOSINE RECEPTOR A2A,ADORA2A,ADENOSINE A2A RECEPTOR,INDIRECT,Cytochrome P450 1A2,Solute carrier family 22 member 7,,R03DA20; R03DB02; R03DA02,CAS: 4499-40-5,C0055578
DB01337,Pancuronium,A bis-quaternary steroid that is a competitive nicotinic antagonist. As a neuromuscular blocking agent it is more potent than curare but has less effect on the circulatory system and on histamine release.,small molecule,approved,Used as a muscle relaxant during anesthesia and surgical procedures.,"Pancuronium is a non-depolarising muscle relaxant similar to curare. It acts as a competitive acetylcholine antagonist on neuromuscular junctions, displacing acetylcholine (hence competitive) from its post-synaptic nicotinic acetylcholine receptors. It is, unlike suxamethonium, a non-depolarising agent, which means, that it causes no spontaneous depolarisations upon association with the nicotinic receptor in neuromuscular junction, thus producing no muscle fasciculations upon administration. Pancuronium has no hormonal activity. It exerts slight vagolytic activity (i.e. diminishing activity of the vagus nerve) and no ganglioplegic (i.e., blocking ganglions) activity.","Nondepolarizing neuromuscular blocking agents inhibit neuromuscular transmission by competing with acetylcholine for the cholinergic receptors of the motor end plate, thereby reducing the response of the end plate to acetylcholine. This type of neuromuscular block is usually antagonized by anticholinesterase agents.",NEURONAL ACETYLCHOLINE RECEPTOR SUBUNIT ALPHA-2; MUSCARINIC ACETYLCHOLINE RECEPTOR M2; MUSCARINIC ACETYLCHOLINE RECEPTOR M3,MUSCARINIC ACETYLCHOLINE RECEPTOR M3,CHRM3,CHOLINERGIC RECEPTOR MUSCARINIC 3,INDIRECT,Cholinesterase,Solute carrier family 22 member 1; Solute carrier family 22 member 2,,M03AC01,CAS: 16974-53-1,C0030310
DB01338,Pipecuronium,Pipecuronium is a piperazinyl androstane derivative which is a non-depolarizing neuromuscular blocking agent.,small molecule,approved,Used as a muscle relaxant during anesthesia and surgical procedures.,"Pipecuronium is a nondepolarizing neuromuscular blocking agent. Neuromuscular blocking agents produce skeletal muscle paralysis by blocking neural transmission at the myoneural junction. The paralysis is selective initially and usually appears in the following muscles consecutively: levator muscles of eyelids, muscles of mastication, limb muscles, abdominal muscles, muscles of the glottis, and finally, the intercostal muscles and the diaphragm. Neuromuscular blocking agents have no clinically significant effect on consciousness or the pain threshold. ","Nondepolarizing neuromuscular blocking agents inhibit neuromuscular transmission by competing with acetylcholine for the cholinergic receptors of the motor end plate, thereby reducing the response of the end plate to acetylcholine. This type of neuromuscular block is usually antagonized by anticholinesterase agents.",NEURONAL ACETYLCHOLINE RECEPTOR SUBUNIT ALPHA-2; MUSCARINIC ACETYLCHOLINE RECEPTOR M2; MUSCARINIC ACETYLCHOLINE RECEPTOR M3,MUSCARINIC ACETYLCHOLINE RECEPTOR M3,CHRM3,CHOLINERGIC RECEPTOR MUSCARINIC 3,INDIRECT,Cholinesterase,,,M03AC06,CAS: 68399-58-6,C0071102
DB01373,Calcium,"Calcium plays a vital role in the anatomy, physiology and biochemistry of organisms and of the cell, particularly in signal transduction pathways. The skeleton acts as a major mineral storage site for the element and releases Ca2+ ions into the bloodstream under controlled conditions. Circulating calcium is either in the free, ionized form or bound to blood proteins such as serum albumin. Although calcium flow to and from the bone is neutral, about 5 mmol is turned over a day. Bone serves as an important storage point for calcium, as it contains 99% of the total body calcium. Low calcium intake may also be a risk factor in the development of osteoporosis. The best-absorbed form of calcium from a pill is a calcium salt like carbonate or phosphate. Calcium gluconate and calcium lactate are absorbed well by pregnant women. Seniors absorb calcium lactate, gluconate and citrate better unless they take their calcium supplement with a full breakfast.",small molecule,nutraceutical,"Calcium plays a vital role in the anatomy, physiology and biochemistry of organisms and of the cell, particularly in signal transduction pathways. It is vital in cell signaling, muscular contractions, bone health, and signalling cascades.","Calcium (Ca2+) plays a pivotal role in the physiology and biochemistry of organisms and the cell. It plays an important role in signal transduction pathways, where it acts as a second messenger, in neurotransmitter release from neurons, contraction of all muscle cell types, and fertilization. Many enzymes require calcium ions as a cofactor, those of the blood-clotting cascade being notable examples. Extracellular calcium is also important for maintaining the potential difference across excitable cell membranes, as well as proper bone formation.","Calcium plays a vital role in the anatomy, physiology and biochemistry of organisms and of the cell, particularly in signal transduction pathways. More than 500 human proteins are known to bind or transport calcium.   The skeleton acts as a major mineral storage site for the element and releases Ca2+ ions into the bloodstream under controlled conditions. Circulating calcium is either in the free, ionized form or bound to blood proteins such as serum albumin. Parathyroid hormone (secreted from the parathyroid gland) regulates the resorption of Ca2+ from bone. Calcitonin stimulates incorporation of calcium in bone, although this process is largely independent of calcitonin. Although calcium flow to and from the bone is neutral, about 5 mmol is turned over a day. Bone serves as an important storage point for calcium, as it contains 99% of the total body calcium.  Low calcium intake may also be a risk factor in the development of osteoporosis.  The best-absorbed form of calcium from a pill is a calcium salt like carbonate or phosphate. Calcium gluconate and calcium lactate are absorbed well by pregnant women. Seniors absorb calcium lactate, gluconate and citrate better unless they take their calcium supplement with a full breakfast. The currently recommended calcium intake is 1,500 milligrams per day for women not taking estrogen and 800 milligrams per day for women on estrogen. There is close to 300 milligrams of calcium in one cup of fluid milk. Calcium carbonate is currently the best and least expensive form of calcium supplement available.","VOLTAGE-DEPENDENT L-TYPE CALCIUM CHANNEL SUBUNIT ALPHA-1C; CALCIUM-TRANSPORTING ATPASE TYPE 2C MEMBER 1; TROPONIN C, SKELETAL MUSCLE; TROPONIN C, SLOW SKELETAL AND CARDIAC MUSCLES; SPECTRIN BETA CHAIN, NON-ERYTHROCYTIC 1; PROTEIN S100-B; CALPASTATIN; CARTILAGE OLIGOMERIC MATRIX PROTEIN; DIAMINE OXIDASE [COPPER-CONTAINING]; PROTEIN S100-A13; ALKALINE PHOSPHATASE, PLACENTAL TYPE; PROTEIN S100-A8; PROTEIN S100-A9; PROTEIN S100-A2; CERULOPLASMIN; BONE MORPHOGENETIC PROTEIN 4; MATRIX GLA PROTEIN; PROTOCADHERIN-19; PROGRAMMED CELL DEATH PROTEIN 6; CALMODULIN",PROTOCADHERIN-19,PCDH19,PROTOCADHERIN 19,INDIRECT,,,Alpha Linolenic Acid and Linoleic Acid Metabolism; Sphingolipid Metabolism; Folate Metabolism; Androgen and Estrogen Metabolism; Riboflavin Metabolism; Arachidonic Acid Metabolism; Acetylsalicylic Acid Action Pathway; Ketorolac Action Pathway; Bromfenac Action Pathway; Meloxicam Action Pathway; Mefenamic Acid Action Pathway; Oxaprozin Action Pathway; Naproxen Action Pathway; Malate-Aspartate Shuttle; Adenylosuccinate Lyase Deficiency; Phenylketonuria; Xanthine Dehydrogenase Deficiency (Xanthinuria); Phenprocoumon Action Pathway; Heparin Action Pathway; Ardeparin Action Pathway; Bivalirudin Action Pathway; Streptokinase Action Pathway; Reteplase Action Pathway; Tranexamic Acid Action Pathway; Aprotinin Action Pathway; Alprenolol Action Pathway; Procainamide (Antiarrhythmic) Action Pathway; Lidocaine (Antiarrhythmic) Action Pathway; Gaucher Disease; Fc Epsilon Receptor I Signaling in Mast Cells,M05BB01; A11AA02; M05BB08; A11GB01; M05BB02; M05BB04; M05BB05,CAS: 7440-70-2,C0006675
DB01403,Methotrimeprazine,"A phenothiazine with pharmacological activity similar to that of both chlorpromazine and promethazine. It has the histamine-antagonist properties of the antihistamines together with central nervous system effects resembling those of chlorpromazine. (From Martindale, The Extra Pharmacopoeia, 30th ed, p604)",small molecule,approved; investigational,"For the treatment of psychosis, particular those of schizophrenia, and manic phases of bipolar disorder.","Methotrimeprazine is a phenothiazine with pharmacological activity similar to that of both chlorpromazine and promethazine. It has the histamine-antagonist properties of the antihistamines together with central nervous system effects resembling those of chlorpromazine. (From Martindale, The Extra Pharmacopoeia, 30th ed, p604)","Methotrimeprazine's antipsychotic effect is largely due to its antagonism of dopamine receptors in the brain. In addition, its binding to 5HT2 receptors may also play a role. ",D(2) DOPAMINE RECEPTOR; D(1A) DOPAMINE RECEPTOR; D(1B) DOPAMINE RECEPTOR; D(3) DOPAMINE RECEPTOR; D(4) DOPAMINE RECEPTOR; 5-HYDROXYTRYPTAMINE RECEPTOR 2A; 5-HYDROXYTRYPTAMINE RECEPTOR 2C; HISTAMINE H1 RECEPTOR; MUSCARINIC ACETYLCHOLINE RECEPTOR M1; MUSCARINIC ACETYLCHOLINE RECEPTOR M2; MUSCARINIC ACETYLCHOLINE RECEPTOR M3; MUSCARINIC ACETYLCHOLINE RECEPTOR M4; MUSCARINIC ACETYLCHOLINE RECEPTOR M5; ALPHA-1A ADRENERGIC RECEPTOR; ALPHA-1B ADRENERGIC RECEPTOR; ALPHA-1D ADRENERGIC RECEPTOR; ALPHA-2A ADRENERGIC RECEPTOR; ALPHA-2B ADRENERGIC RECEPTOR; ALPHA-2C ADRENERGIC RECEPTOR,MUSCARINIC ACETYLCHOLINE RECEPTOR M3,CHRM3,CHOLINERGIC RECEPTOR MUSCARINIC 3,INDIRECT,Cytochrome P450 2E1; Cytochrome P450 2D6,,,N05AA02,CAS: 60-99-1,C0025678
DB01409,Tiotropium,"Tiotropium is a long-acting, antimuscarinic bronchodilator used in the management of chronic obstructive pulmonary disease (COPD) and asthma.[A180163,L7084,L7087,L7090,L7093] Tiotropium acts mainly on M3 muscarinic receptors located in the airways to produce smooth muscle relaxation and bronchodilation.[A180163,L7084,L7087,L7090,L7093]

Tiotropium is more specific for the subset of muscarinic receptors commonly found in the lungs than [ipratropium].[A180163]

Tiotropium was granted FDA approval on 30 January 2004.[L7084]",small molecule,approved,"Tiotropium powder for inhalation is indicated for the maintenance of bronchospasm in COPD and to prevent exacerbations of COPD.[L7084] A combination tiotropium and [olodaterol] metered inhalation spray is indicated for maintenance of COPD.[L7087] A tiotropium inhalation spray is indicated for the maintenance of bronchospasm in COPD, to prevent exacerbations of COPD, and to treat asthma in patients 12 or more years old.[L7090] A tiotropium metered inhalation spray is indicated for the maintenance of bronchospasm in COPD, to prevent exacerbations of COPD, and to treat asthma in patients 6 or more years old.[L7093]","Tiotropium is a long acting antimuscarinic that causes bronchodilation.[A180163,L7084,L7087,L7090,L7093] The effects of tiotropium last over 24 hours and there is a wide therapeutic index as overdoses are uncommon even at doses well above the recommended maximum.[L7084,L7087,L7090,L7093]","Tiotropium is an antagonist of muscarinic receptors M<sub>1</sub> to M<sub>5</sub>.[A180163,L7084,L7087,L7090,L7093] Inhibition of the M<sub>3</sub> receptor in the smooth muscle of the lungs leads to relaxation of smooth muscle and bronchodilation.[A180163,L7084,L7087,L7090,L7093]",MUSCARINIC ACETYLCHOLINE RECEPTOR M3; MUSCARINIC ACETYLCHOLINE RECEPTOR M1; MUSCARINIC ACETYLCHOLINE RECEPTOR M2; MUSCARINIC ACETYLCHOLINE RECEPTOR M4; MUSCARINIC ACETYLCHOLINE RECEPTOR M5,MUSCARINIC ACETYLCHOLINE RECEPTOR M3,CHRM3,CHOLINERGIC RECEPTOR MUSCARINIC 3,INDIRECT,Cytochrome P450 2D6; Cytochrome P450 3A4,Organic cation/carnitine transporter 2; Solute carrier family 22 member 4,,R03AL06; R03BB04; R03BB54; R03AL10,CAS: 186691-13-4,C0213771
DB01412,Theobromine,"Theobromine (3,7-dimethylxanthine) is the principle alkaloid in Theobroma cacao (the cacao bean) and other plants. A xanthine alkaloid that is used as a bronchodilator and as a vasodilator. It has a weaker diuretic activity than theophylline and is also a less powerful stimulant of smooth muscle. It has practically no stimulant effect on the central nervous system. It was formerly used as a diuretic and in the treatment of angina pectoris and hypertension. (From Martindale, The Extra Pharmacopoeia, 30th ed, pp1318-9)",small molecule,investigational,"theobromine is used as a vasodilator, a diuretic, and heart stimulant. And similar to caffeine, it may be useful in management of fatigue and orthostatic hypotension.","Theobromine, a xanthine derivative like caffeine and the bronchodilator theophylline, is used as a CNS stimulant, mild diuretic, and respiratory stimulant (in neonates with apnea of prematurity). ","Theobromine stimulates medullary, vagal, vasomotor, and respiratory centers, promoting bradycardia, vasoconstriction, and increased respiratory rate. This action was previously believed to be due primarily to increased intracellular cyclic 3&prime;,5&prime;-adenosine monophosphate (cyclic AMP) following inhibition of phosphodiesterase, the enzyme that degrades cyclic AMP. It is now thought that xanthines such as caffeine and theobromine act as antagonist at adenosine-receptors within the plasma membrane of virtually every cell. As adenosine acts as an autocoid, inhibiting the release of neurotransmitters from presynaptic sites but augmenting the actions of norepinephrine or angiotensin, antagonism of adenosine receptors promotes neurotransmitter release. This explains the stimulatory effects of xanthine derivatives such as theobromine and caffeine. Blockade of the adenosine A1 receptor in the heart leads to the accelerated, pronounced ""pounding"" of the heart upon caffeine intake.","ADENOSINE RECEPTOR A1; 5'-NUCLEOTIDASE; ADENOSINE RECEPTOR A2A; 3',5'-CYCLIC-AMP PHOSPHODIESTERASE 4B",ADENOSINE RECEPTOR A2A,ADORA2A,ADENOSINE A2A RECEPTOR,INDIRECT,Cytochrome P450 1A2; Cytochrome P450 2E1,,Caffeine Metabolism,C03BD01; R03DA07; R03DA57,CAS: 83-67-0,C0039763
DB01591,Solifenacin,"Solifenacin is a competitive muscarinic receptor antagonist indicated to treat an overactive bladder with urinary incontinence, urgency, and frequency.[L7511] It has a long duration of action as it is usually taken once daily.[L7511]

Solifenacin was granted FDA approval on 19 November 2004.[L7511]",small molecule,approved,"Solifenacin tablets are indicated to treat an overactive bladder with urinary incontinence, urgency, and frequency.[L7511]","Solifenacin antagonizes the M2 and M3 muscarinic receptors in the bladder to treat an overactive bladder.[L7511,A181262] It has a long duration of action as it is usually taken once daily.[L7511] Patients taking solifenacin should be aware of the risks of angioedema and anaphylaxis.[L7511]","Solifenacin is a competitive muscarinic receptor antagonist.[L7511] It has the highest affinity for M3, M1, and M2 muscarinic receptors.[A181247] 80% of the muscarinic receptors in the bladder are M2, while 20% are M3.[A181262] Solifenacin's antagonism of the M3 receptor prevents contraction of the detrusor muscle, while antagonism of the M2 receptor may prevent contraction of smooth muscle in the bladder.[A181262]",MUSCARINIC ACETYLCHOLINE RECEPTOR M3; MUSCARINIC ACETYLCHOLINE RECEPTOR M2; MUSCARINIC ACETYLCHOLINE RECEPTOR M4; MUSCARINIC ACETYLCHOLINE RECEPTOR M5; MUSCARINIC ACETYLCHOLINE RECEPTOR M1,MUSCARINIC ACETYLCHOLINE RECEPTOR M3,CHRM3,CHOLINERGIC RECEPTOR MUSCARINIC 3,INDIRECT,Cytochrome P450 1A1; Cytochrome P450 2D6; Cytochrome P450 3A4,,,G04BD08; G04CA53,CAS: 242478-37-1,C1099677
DB01625,Isopropamide,Isopropamide iodide is a long-acting quaternary anticholinergic drug. It is used in the treatment of peptic ulcer and other gastrointestinal disorders marked by hyperacidity and hypermotility.,small molecule,approved; vet_approved,"For the treatment of a wide range of gastrointestinal disorders, including such conditions as peptic ulcer, gastritis, hyperchlorhydria, functional diarrhea, irritable or spastic colon, pyloroduodenal irritability, pylorospasm, acute nonspecific gastroenteritis, biliary dyskinesia and chronic cholelithiasis, duodenitis, gastrointestinal spasm; it may also be used to treat genitourinary spasm.",Isopropamide is a long-acting quaternary anticholinergic drug. It is used in the treatment of peptic ulcer and other gastrointestinal disorders marked by hyperacidity and hypermotility.,"Anticholinergics are a class of medications that inhibit parasympathetic nerve impulses by selectively blocking the binding of the neurotransmitter acetylcholine to its receptor in nerve cells. The nerve fibers of the parasympathetic system are responsible for the involuntary movements of smooth muscles present in the gastrointestinal tract. Inhibition here decreases acidity and motility, aiding in the treatment of gastrointestinal disorders.",MUSCARINIC ACETYLCHOLINE RECEPTOR M3; MUSCARINIC ACETYLCHOLINE RECEPTOR M4,MUSCARINIC ACETYLCHOLINE RECEPTOR M3,CHRM3,CHOLINERGIC RECEPTOR MUSCARINIC 3,INDIRECT,,,,A03CA01; A03AB09,CAS: 7492-32-2,C0301373
DB01956,Taurine,"Taurine, whose chemical name is 2-aminoethanesulfonic acid, is one of the most abundant amino acids in several organs. It plays important role in essential biological processes.[A31396] This conditional amino acid can be either be manufactured by the body or obtained in the diet mainly by the consumption of fish and meat.[L1058] The supplements containing taurine were FDA approved by 1984 and they are hypertonic injections composed by cristalline amino acids.[FDA label]",small molecule,approved; nutraceutical,"The use of diet supplements containing taurine is indicated for the nutritional support of infants and young pediatric patients requiring total parenteral nutrition via central or peripheral routes. The usage of diet supplements containing taurine prevents nitrogen and weight loss or to treat negative nitrogen balance in pediatric patients where the alimentary tract cannot be done through oral, gastrostomy or jejunostomy administration, there is impaired gastrointestinal absorption or protein requirements are substantially increased.[FDA label]","The diet supplements containing taurine are formulated as a well-tolerated nitrogen source for nutritional support. Administration of diet supplements regulates the level of plasma amino acid concentration, nitrogen balance, weight and serum protein concentration to reach normal values, thus improving the nutritional status.[FDA label]","The diet supplements containing taurine function by replacing the missing nutriments in the body. Taurine, as a single agent, presents different functions like substrate for formation of bile salts, cell volume regulation, modulation of intracellular calcium, cytoprotection of central nervous system, etc.[A31398]","GLUTAMATE RECEPTOR IONOTROPIC, NMDA 2B; GLYCINE RECEPTOR SUBUNIT BETA; GLYCINE RECEPTOR SUBUNIT ALPHA-2; GLYCINE RECEPTOR SUBUNIT ALPHA-3; GABA(A) RECEPTOR; GAMMA-AMINOBUTYRIC ACID TYPE B RECEPTOR SUBUNIT 1; GLYCINE RECEPTOR SUBUNIT ALPHA-1; ALPHA-KETOGLUTARATE-DEPENDENT TAURINE DIOXYGENASE; CHOLOYLGLYCINE HYDROLASE",GLYCINE RECEPTOR SUBUNIT ALPHA-2,GLRA2,"GLYCINE RECEPTOR, ALPHA 2",INDIRECT,Protein-glutamine gamma-glutamyltransferase 6; Bile acid-CoA:amino acid N-acyltransferase,Proton-coupled amino acid transporter 1; Sodium- and chloride-dependent taurine transporter; Solute carrier family 15 member 1,Zellweger Syndrome; Taurine and Hypotaurine Metabolism; Congenital Bile Acid Synthesis Defect Type II; 27-Hydroxylase Deficiency; Bile Acid Biosynthesis; Cerebrotendinous Xanthomatosis (CTX); Familial Hypercholanemia (FHCA); Congenital Bile Acid Synthesis Defect Type III,,CAS: 107-35-7,C0039350
DB02282,5'-S-methyl-5'-thioadenosine,,small molecule,experimental,,,,ADENOSINE RECEPTOR A3; ADENOSINE RECEPTOR A2A; ADENOSINE RECEPTOR A2B; ADENOSINE RECEPTOR A1; MODIFICATION METHYLASE RSRI; S-METHYL-5'-THIOADENOSINE PHOSPHORYLASE,ADENOSINE RECEPTOR A3,ADORA3,ADENOSINE A3 RECEPTOR,INDIRECT,,,,,CAS: 2457-80-9,
DB03128,Acetylcholine,"A neurotransmitter. Acetylcholine in vertebrates is the major transmitter at neuromuscular junctions, autonomic ganglia, parasympathetic effector junctions, a subset of sympathetic effector junctions, and at many sites in the central nervous system. It is generally not used as an administered drug because it is broken down very rapidly by cholinesterases, but it is useful in some ophthalmological applications.",small molecule,approved; investigational,"Used to obtain miosis of the iris in seconds after delivery of the lens in cataract surgery, in penetrating keratoplasty, iridectomy and other anterior segment surgery where rapid miosis may be required.",,,MUSCARINIC ACETYLCHOLINE RECEPTOR M1; MUSCARINIC ACETYLCHOLINE RECEPTOR M2; MUSCARINIC ACETYLCHOLINE RECEPTOR M3; MUSCARINIC ACETYLCHOLINE RECEPTOR M4; NEURONAL ACETYLCHOLINE RECEPTOR SUBUNIT ALPHA-7,MUSCARINIC ACETYLCHOLINE RECEPTOR M3,CHRM3,CHOLINERGIC RECEPTOR MUSCARINIC 3,INDIRECT,Acetylcholinesterase; Cholinesterase,Organic cation/carnitine transporter 2; Solute carrier family 22 member 1,Cimetidine Action Pathway; Gastric Acid Production; Betazole Action Pathway; Phospholipid Biosynthesis; Nizatidine Action Pathway; Lafutidine H2-Antihistamine Action; Esomeprazole Action Pathway; Omeprazole Action Pathway; Lansoprazole Action Pathway; Pantoprazole Action Pathway; Rabeprazole Action Pathway; Ranitidine Action Pathway; Famotidine Action Pathway; Pirenzepine Action Pathway; Roxatidine Acetate Action Pathway; Metiamide Action Pathway,S01EB09,CAS: 51-84-3,C0001041
DB03309,N-cyclohexyltaurine,,small molecule,experimental,,,,SULFOTRANSFERASE 2B1; NITRITE REDUCTASE; HOMEOBOX PROTEIN ENGRAILED-2; RIBONUCLEASE PH; CYANOVIRIN-N; PHOSPHOPROTEIN,PHOSPHOPROTEIN,CHAMP1,CHROMOSOME ALIGNMENT MAINTAINING PHOSPHOPROTEIN 1,INDIRECT,,,,,CAS: 103-47-9,
DB04365,Arecoline,"An alkaloid obtained from the betel nut (Areca catechu), fruit of a palm tree. It is an agonist at both muscarinic and nicotinic acetylcholine receptors. It is used in the form of various salts as a ganglionic stimulant, a parasympathomimetic, and a vermifuge, especially in veterinary practice. It has been used as a euphoriant in the Pacific Islands.",small molecule,experimental,,,,MUSCARINIC ACETYLCHOLINE RECEPTOR M1; MUSCARINIC ACETYLCHOLINE RECEPTOR M3,MUSCARINIC ACETYLCHOLINE RECEPTOR M3,CHRM3,CHOLINERGIC RECEPTOR MUSCARINIC 3,INDIRECT,,,,,CAS: 63-75-2,C0003753
DB04843,Mepenzolate,"Mepenzolate is a post-ganglionic parasympathetic inhibitor. It decreases gastric acid and pepsin secretion and suppresses spontaneous contractions of the colon. Mepenzolate diminishes gastric acid and pepsin secretion. Mepenzolate also suppresses spontaneous contractions of the colon. Pharmacologically, it is a post-ganglionic parasympathetic inhibitor. It has not been shown to be effective in contributing to the healing of peptic ulcer, decreasing the rate of recurrence, or preventing complications.",small molecule,approved,"For use as adjunctive therapy in the treatment of peptic ulcer. It has not been 
shown to be effective in contributing to the healing of peptic ulcer, decreasing the rate of recurrence, or preventing complications.
","Mepenzolate diminishes gastric acid and pepsin secretion. Mepenzolate also suppresses spontaneous contractions of the colon. Pharmacologically, it is a post-ganglionic parasympathetic inhibitor.
",Mepenzolate is a post-ganglionic parasympathetic inhibitor. It specifically antagonizes muscarinic receptors. This leads to decreases in gastric acid and pepsin secretion and suppression of spontaneous contractions of the colon.,MUSCARINIC ACETYLCHOLINE RECEPTOR M1; MUSCARINIC ACETYLCHOLINE RECEPTOR M5; MUSCARINIC ACETYLCHOLINE RECEPTOR M3,MUSCARINIC ACETYLCHOLINE RECEPTOR M3,CHRM3,CHOLINERGIC RECEPTOR MUSCARINIC 3,INDIRECT,,,,A03AB12,CAS: 25990-43-6,C0360172
DB04853,Binodenoson,"Binodenoson is a pharmacologic stress agent specific to the only adenosine receptor necessary for increased cardiac blood flow, the A<sub>2A</sub> receptor. This specificity allows Binodenoson to deliver - in a single injection - a more effective dose of medication with fewer side effects than current treatments, which typically require a 15-20 minute infusion.",small molecule,investigational,"For cardiac pharmacologic stress SPECT imaging, which is used to diagnose coronary artery disease.","Binodenoson, a novel cardiovascular disease diagnostic, is a adenosine A2A receptor agonist in development for cardiac pharmacologic stress SPECT imaging, which is used to diagnose coronary artery disease.","Binodenoson is a highly selective adenosine A2A receptor agonist. The adenosine A2A receptor is necessary for increased cardiac blood flow, and specificity to this particular receptor allows binodenoson to deliver, in a single injection, a more effective dose of medication with fewer side effects than current treatments, which typically require a 15-20 minute infusion. Cardiac stress tests allow physicians to identify the presence of cardiovascular disease by examining the flow of blood through the heart.",ADENOSINE RECEPTOR A2A,ADENOSINE RECEPTOR A2A,ADORA2A,ADENOSINE A2A RECEPTOR,INDIRECT,,,,,CAS: 144348-08-3,C0530859
DB04932,Defibrotide,"Defibrotide is the sodium salt of a mixture of single-stranded oligodeoxyribonucleotides derived from porcine mucosal DNA. It has been shown to have antithrombotic, anti-inflammatory and anti-ischemic properties (but without associated significant systemic anticoagulant effects). It is marketed under the brand names Dasovas (FM), Noravid, and Prociclide in a variety of countries. In the USA it is was approved in March, 2016 as Defitelio.",biotech,approved; investigational,"Indicated for the treatment of severe hepatic veno-occlusive disease (VOD), also known as sinusoidal obstruction syndrome (SOS), with renal or pulmonary dysfunction following hematopoietic stem-cell transplantation (HSCT).[label]","Defibrotide is a deoxyribonucleic acid derivative extracted from mammalian organs, which has been developed for the treatment of a number of vascular disorders. It appears to increase fibrinolysis and may possess antithrombotic, antiatherosclerotic and anti-ischaemic actions, probably due to its ability to selectively increase prostaglandin I2 and E2 levels and to increase tissue plasminogen activator and decrease plasminogen activator inhibitor function. Defibrotide is available as an intravenous and intramuscular preparation, and also as an oral formulation for long term use.","The drug appears to prevent the formation of blood clots and to help dissolve blood clots by increasing levels of prostaglandin I2, E2, and prostacyclin, altering platelet activity, increasing tissue plasminogen activator function, and decreasing activity of tissue plasminogen activator inhibitor. Prostaglandin I2 relaxes the smooth muscle of blood vessels and prevents platelets from adhering to each other. Prostaglandin E2 at certain concentrations also inhibits platelet aggregation. Moreover, the drug provides additional beneficial anti-inflammatory and antiischemic activities as recent sudies have shown. It is yet unclear, if the latter effects can be utilized clinically (e.g., treatment of ischemic stroke).",ADENOSINE RECEPTOR A1; ADENOSINE RECEPTOR A2A; ADENOSINE RECEPTOR A2B,ADENOSINE RECEPTOR A2A,ADORA2A,ADENOSINE A2A RECEPTOR,INDIRECT,,,,B01AX01,CAS: 83712-60-1,C0057257
DB05009,Apadenoson,Apadenoson is a selective A2a adenosine receptor agonist designed for use as a pharmacologic stress agent in cardiac perfusion imaging studies. It is developed by Bristol-Myers Squibb and is in phase II of clinical trials.,small molecule,investigational,Investigated for use/treatment in cardiovascular disorders and inflammatory disorders (unspecified).,,BMS068645 is designed to selectively stimulate the A2a adenosine receptor responsible for coronary vasodilation. Research to date suggests that this compound could potentially reduce or eliminate side effects associated with currently available pharmacologic stress agents that are not selective for the A2a adenosine receptor.,ADENOSINE RECEPTOR A2A,ADENOSINE RECEPTOR A2A,ADORA2A,ADENOSINE A2A RECEPTOR,INDIRECT,,,,,CAS: 250386-15-3,C2698163
DB05016,Ataluren,"Ataluren is a novel, orally administered drug that targets nonsense mutations. Ataluren is approved for use by the European Medicines Agency to treat Duchenne Muscular Dystrophy in patients aged 5 years and older who are able to walk. More specifically, ataluren is used in the small group of patients whose disease is caused by a specific genetic defect (called a ‘nonsense mutation’) in the dystrophin gene.

This drug does not yet have approval by the US Food and Drug Administration or by Health Canada for any indications.",small molecule,approved; investigational,"Ataluren is approved for use by the European Medicines Agency to treat Duchenne Muscular Dystrophy in patients aged 5 years and older who are able to walk. More specifically, ataluren is used in the small group of patients whose disease is caused by a specific genetic defect (called a ‘nonsense mutation’) in the dystrophin gene.",,"Ataluren enables ribosomal readthrough of mRNA containing premature stop codons that otherwise would result in premature termination of protein chains. Use of ataluren allows cellular machinery to bypass nonsense mutations in genetic material, continue the translation process, and thereby restore the production of a full-length, functional protein.

The research on the effects of Ataluren on the translation and stability of nonsense-containing mRNA in vitor show that Ataluren promoted readthrough at each of the nonsense codons, showing maximal activity with UGA, while having no effect on mRNA levels. Unlike the stable cell line assays, Ataluren did not discriminate significantly between the UAG and UAA mRNAs. Ataluren was a more potent nonsense-suppressing agent than gentamicin, and exhibited 4- to 15-fold stimulation of in vitro readthrough relative to the controls at levels similar to those in the stable cell reporter assays. These results indicate that Ataluren modulates termination efficiency at premature nonsense codons.",DYSTROPHIN,DYSTROPHIN,DMD,"DYSTROPHIN (MUSCULAR DYSTROPHY, DUCHENNE AND BECKER TYPES)",INDIRECT,UDP-glucuronosyltransferase 1A9; Solute carrier family 22 member 6; Organic anion transporter 3; Solute carrier organic anion transporter family member 1B3,,,M09AX03,CAS: 775304-57-9,C2930764
DB05191,Atl146e,ATL146e is an anti-inflammatory compounds which is an agonist of A2A adenosine receptors. ,small molecule,investigational,Investigated for use/treatment in inflammatory disorders (unspecified).,,"ATL146e can inhibit neutrophil, macrophage and T cell activation and thereby reduce inflammation caused autoimmune responses. It also inhibits TNF-α and IL-1/3 production, neutrophil accumulation in gastric injury induced by NSAIDS (such as aspirin) without affecting mucosal prostaglandin E2 (PGE2) concentration. The effects of adenosine A2A agonists can be enhanced by type IV phosphodiesterase inhibitors, such as rolipram.",ADENOSINE RECEPTOR A2A,ADENOSINE RECEPTOR A2A,ADORA2A,ADENOSINE A2A RECEPTOR,INDIRECT,,,,,,C0971713
DB05511,Piclidenoson,"CF 101 (known generically as IB-MECA) is an anti-inflammatory drug for rheumatoid arthritis patients. Its novel mechanism of action relies on antagonism of adenoside A3 receptors. 
CF101 is supplied as an oral drug and has an excellent safety profile. It is also being considered for the treatment of other autoimmune-inflammatory disorders, such as Crohn's disease, psorasis and dry eye syndrome.",small molecule,investigational,"Investigated for use/treatment in cancer/tumors (unspecified), eye disorders/infections, psoriasis and psoriatic disorders, and rheumatoid arthritis.
Can-Fite BioPharma has reported that by targeting the adenosine A3-receptor, CF101 may also be used to treat Crohn's disease, a serious gastrointestinal disorder.","CF-101 is an adenoside A3 agonist for the treatment of a variety of autoimmune-inflammatory disorders, particularly rhematoid arthritis. In clinical trials, it was found to be safe, well tolerated and showed strong evidence of an anti-inflammatory effect in rheumatoid arthritis patients. In this trial, a statistically significant correlation was found between A(3)AR expression level and response to the drug, so A(3)AR expression may serve as a biopredictor of patient response.","CF 101 is an A(3)AR agonist. A(3)AR is highly expressed in inflammatory cells and overexpressed in peripheral blood mononuclear cells, reflecting its role in the remote inflammatory process. In normal tissues, there is low adenoside A3 receptor expression. A(3)AR activation with a specific agonist deregulates the NF-kappaB signaling pathway in inflammatory cells and initiates immunomodulatory effects.",ADENOSINE RECEPTOR A3,ADENOSINE RECEPTOR A3,ADORA3,ADENOSINE A3 RECEPTOR,INDIRECT,,,,,CAS: 152918-18-8,C4489756
DB05752,ALKS 27,"ALKS 27 is an inhaled formulation of trospium chloride for the treatment of chronic obstructive pulmonary disease (COPD). Study showed that ALKS 27 was well-tolerated over a wide dose range, with no dose-limited effects observed.",small molecule,investigational,Investigated for use/treatment in chronic obstructive pulmonary disease (COPD).,,ALKS 27 is a muscarinic receptor antagonist that relaxes smooth muscle tissue and has the potential to improve airflow in patients with chronic obstructive pulmonary disease (COPD).,MUSCARINIC ACETYLCHOLINE RECEPTOR M1; MUSCARINIC ACETYLCHOLINE RECEPTOR M2; MUSCARINIC ACETYLCHOLINE RECEPTOR M3; MUSCARINIC ACETYLCHOLINE RECEPTOR M4; MUSCARINIC ACETYLCHOLINE RECEPTOR M5,MUSCARINIC ACETYLCHOLINE RECEPTOR M3,CHRM3,CHOLINERGIC RECEPTOR MUSCARINIC 3,INDIRECT,,,,,,
DB06153,Pizotifen,"Pizotifen belongs to the class of antamines and is related to [cyproheptadine].[A32532] It is a potent serotonin and tryptamine antagonist that has been used for migraine prevention for many years. It exhibits weak anticholinergic, antihistamine, and antikinin actions in addition to sedative and appetite-stimulating properties [L2292]. Some patients receiving pizotifen treatment developed tolerance with the prolonged use of the drug [L2292]. Numerous studies have revealed the potential antidepressant effects of pizotifen, which are independent of its antimigraine action [A32538]. While it is suggested that pizotifen may act similarly to the classic tricyclic antidepressants [A32538], its full mechanism of antidepressant action is not fully elucidated. Pizotifen hydrochloride is an active ingredient in Sandomigran, which is used for the prophylactic management of migraines. Sandomigran is available in a number of countries but is not approved by the FDA nor EMA.",small molecule,approved,Indicated for the prophylactic management of migraines [L2292]. ,"Various studies have shown pizotifen to be effective in the prophylaxis of migraines in reducing the frequency and severity of vascular headaches [A32536]. Evidence from studies _in vivo_ and _in vitro_ demonstrate antagonistic actions towards serotonin and histamine. Pizotifen blocks the postsynaptic 5-HT2 receptors, as supported by antagonism of several direct agonists of 5-HT receptors [A32538]. It is an antagonist at histamine H1 receptors, and is weakly anticholinergic [A32550]. It also binds to α1- and α2-adrenergic receptors, and dopamine receptors [A32550]. Pizotifen elicits a minimal effect as an epinephrine or bradykinin antagonist [L2292]. Pizotifen exhibits weak sedative properties in mouse and monkey studies, as indicated by inhibition of locomotion and potentiation of barbiturates, without changes in cardiac or respiratory rates [L2292]. In dogs, intravenous administration of pizotifen cause rapid hypotension but was reversed to normal within 30 minutes [L2292]. Pizotifen was shown to inhibit serotonin uptake in the isolated perfused cat spleen and, _in vivo_, inhibits serotonin-induced contractions in rat uterus and cat nictiating membrane [A32533]. In contrast, pizotifen demonstrated a venoconstrictor activity _in vivo_ when orally or intravenously administered to saphenous veins in conscious dogs [A32537]. Pizotifen has the potential to stimulate the appetite and may cause weight gain upon treatment [A32533]. 

In a double-blind clinical study of patients with mild to moderate depression, treatment of pizotifen led to clinical improvement of the depressive symptoms. However, deterioration of the schizophrenic emotional symptoms was also observed in patients with depression and chronic schizophrenia [A32532]. This indicates that pizotifen may potentially improve the symptoms of patients with depressions in conjunction with migraines [A32532]. 

Neuroprotective effect of pizotifen was investigated _in vitro_ in a mouse cell model of Huntington's disease (HD). According to a chemical screen of a mouse HdhQ111/Q111 striatal cell model of HD, treatment of pizotifen was associated with increased ATP levels and decreased activation of caspase-3, leading to enhanced cell viability [A32539]. Transient activation of ERK signalling pathway lasting for less than 3 hours was also observed. In the R6/2 transgenic mouse model of HD, rotarod performance of the mouse treated with pizotifen was seen, accompanied by an increase in DARPP-32 protein expression and restoration of striatal area [A32539]. However these effects being reflected _in vivo_ are not established. ","While the mechanism of action is not fully understood, it is proposed that pizotifen works by inhibiting the peripheral actions of serotonin and histamine in increasing the membrane permeability of cranial vessels and transudation of plasmakinin, while altering pain thresholds in migraines [L2292]. By blocking 5-HT receptors, pizotifen attenuates the signalling of serotonin in causing cranial vasoconstriction, as well as serotonin-enhanced platelet function and aggregation [A32540, A32550]. There is evidence that it also inhibits the peripheral actions of bradykinin [A32533]. Pizotifen may inhibit serotonin reuptake by blood platelets, which affects the tonicity and decreases passive distension of extracranial arteries [L2292]. The effects of pizotifen leading to appetite stimulation may be due to the drug acting at the metabolic level rather than a direct stimulation of the appetite centre [A32536]. ",MUSCARINIC ACETYLCHOLINE RECEPTOR M1; MUSCARINIC ACETYLCHOLINE RECEPTOR M2; MUSCARINIC ACETYLCHOLINE RECEPTOR M3; 5-HYDROXYTRYPTAMINE RECEPTOR 2A; 5-HYDROXYTRYPTAMINE RECEPTOR 2B; 5-HYDROXYTRYPTAMINE RECEPTOR 2C; 5-HYDROXYTRYPTAMINE RECEPTOR 1A; 5-HYDROXYTRYPTAMINE RECEPTOR 1B; HISTAMINE H1 RECEPTOR; ALPHA-1A ADRENERGIC RECEPTOR; ALPHA-1B ADRENERGIC RECEPTOR; ALPHA-1D ADRENERGIC RECEPTOR; ALPHA-2A ADRENERGIC RECEPTOR; ALPHA-2B ADRENERGIC RECEPTOR; ALPHA-2C ADRENERGIC RECEPTOR,MUSCARINIC ACETYLCHOLINE RECEPTOR M3,CHRM3,CHOLINERGIC RECEPTOR MUSCARINIC 3,INDIRECT,UDP-glucuronosyltransferase 2B10,,,N02CX01,CAS: 15574-96-6,C0032036
DB06213,Regadenoson,"Regadenoson is an A2A adenosine receptor agonist that causes coronary vasodilation and used for myocardial perfusion imagining. Manufactured by Astellas and FDA approved April 10, 2008.",small molecule,approved; investigational,Diagnostic agent for radionuclide myocardial perfusion imaging (MPI) ,"Regadenoson rapidly increases coronary blood flow (CBF) which is sustained for a short duration. Mean average peak velocity increased to greater than twice baseline by 30 seconds and decreased to less than twice the baseline level within 10 minutes. Myocardial uptake of the radiopharmaceutical is proportional to (CBF). Regadenoson increases blood flow in normal coronary arteries but not in stenotic (blocked) arteries. The significance of this finding is that stenotic arteries will take up less of the radiopharmaceutical than normal coronary arteries, resulting in a signal that is less intense in these areas. ","Regadenoson is an selective low-affinity (Ki= 1.3 µM) A2A receptor agonist that mimics the effects of adenosine in causing coronary vasodilatation and increasing myocardial blood flow. It is a very weak agonist of the A1 adenosine receptor (Ki > 16.5 µM). Furthermore, it has negligible affinity to A2B and A3 adenosine receptors. Regadenoson is undergoing trials for use in pharmacological stress tests. Adenosine slows conduction time through the A-V node, can interrupt the reentry pathways through the A-V node, and can restore normal sinus rhythm in patients with paroxysmal supraventricular tachycardia (PSVT), including PSVT associated with Wolff-Parkinson-White Syndrome.",ADENOSINE RECEPTOR A2A,ADENOSINE RECEPTOR A2A,ADORA2A,ADENOSINE A2A RECEPTOR,INDIRECT,,,,C01EB21,CAS: 313348-27-5,C1698215
DB06625,Vipadenant,,small molecule,investigational,Investigated for use/treatment in parkinson's disease.,,,ADENOSINE RECEPTOR A2A,ADENOSINE RECEPTOR A2A,ADORA2A,ADENOSINE A2A RECEPTOR,INDIRECT,,,,,CAS: 442908-10-3,C4550340
DB06702,Fesoterodine,Fesoterodine is an antimuscarinic prodrug for the treatment of overactive bladder syndrome.,small molecule,approved,"Fesoterodine is indicated for the treatment of overactive bladder in adult patients with symptoms of urge urinary incontinence, urgency, and frequency.[L37624] It is also indicated in the treatment of neurogenic detrusor overactivity in pediatric patients ≥6 years old weighing >25 kg.[L37624]","In-vivo the fesoteridine prodrug is broken down into its active metabolite, 5-hydroxymethyl tolterodine (5-HMT), by plasma esterases. The 5-hydroxymethyl metabolite, which exhibits an antimuscarinic activity. Both urinary bladder contraction and salivation are mediated via cholinergic muscarinic receptors. Therefore, acting as a competitive muscarinic receptor antagonist, fesoterodine ultimately acts to decrease the detrusor pressure by its muscarinic antagonism, thereby decreasing bladder contraction and consequently, the urge to urinate.","Fesoterodine, once converted to its active metabolite, 5-hydroxymethyltolterodine, acts as a competitive antagonists at muscarinic receptors. This results in the inhibition of bladder contraction, decrease in detrusor pressure, and an incomplete emptying of the bladder.",MUSCARINIC ACETYLCHOLINE RECEPTOR M3; MUSCARINIC ACETYLCHOLINE RECEPTOR M4; MUSCARINIC ACETYLCHOLINE RECEPTOR M1; MUSCARINIC ACETYLCHOLINE RECEPTOR M2; MUSCARINIC ACETYLCHOLINE RECEPTOR M5,MUSCARINIC ACETYLCHOLINE RECEPTOR M3,CHRM3,CHOLINERGIC RECEPTOR MUSCARINIC 3,INDIRECT,Cytochrome P450 2D6; Cytochrome P450 3A4,ATP-dependent translocase ABCB1,,G04BD11,CAS: 286930-02-7,C2343853
DB06709,Methacholine,"Asthma is a complex condition associated with phenomena such as airway hyperresponsiveness (AHR), in which the smooth muscle in the airways (ASM) excessively contracts in response to stimuli, reducing pulmonary function and causing symptoms such as difficulty breathing.[A229598, A229603] Although the underlying pathology of AHR is complex, ASM contraction can be stimulated by cholinergic agonists that activate M<sub>3</sub> muscarinic receptors that stimulate ASM contraction.[A229603, A229618, A229643] Methacholine is a non-specific cholinergic agonist (parasympathomimetic) that acts through muscarinic receptors in the lungs to induce bronchoconstriction.[L31763] In patients with AHR, a lower dose of methacholine is required to induce bronchoconstriction, which forms the basis for the methacholine challenge test to diagnose AHR.[A229648, L31763]

Methacholine was granted FDA approval on October 31, 1986, and is marketed under the trademark PROVOCHOLINE® by Methapharm Inc.[L31763]",small molecule,approved; investigational,Methacholine is indicated in adult and pediatric patients aged five years and older without clinically apparent asthma for the diagnosis of bronchial airway hyperactivity via the methacholine challenge test.[L31763],"Methacholine is a non-specific cholinergic agonist (parasympathomimetic) that acts through muscarinic receptors in the lungs to induce bronchoconstriction, which is more significant in patients with asthma than those without. Therefore, methacholine carries a risk of severe bronchoconstriction, especially in patients with pre-existing reduced pulmonary function (typically baseline FEV<sub>1</sub> < 60% or < 1.5 L, at least in adults), clinically apparent asthma or wheezing, or other health conditions such as uncontrolled hypertension, aortic aneurysm, or history of myocardial infarction or stroke. Use in patients with epilepsy, vagotonia, peptic ulcer disease, thyroid disease, urinary tract obstruction or other conditions that could be adversely affected by a cholinergic agent is not recommended. Also, there is a potential risk to healthcare workers administering the methacholine challenge test; proper precautions and protective equipment should be used as needed.[L31763]","Asthma is a complicated condition associated with airway remodelling, including the proliferation of airway smooth muscle (ASM) and altered extracellular matrix, aberrant pro-inflammatory immune responses, and excessive ASM contraction leading to decreased lung function.[A229598, A229603] Excessive ASM contraction in response to contractile agonists, a phenomenon termed airway hyperresponsiveness (AHR), is a physical manifestation of the altered pulmonary physiology in asthma.[A229603] Although numerous factors, such as increased ASM levels, pro-contractile molecules, pro-inflammatory cytokines, and growth factors, contribute to AHR, one of the key factors in determining ASM tone is regulated by vagal parasympathetic nerve innervation.[A229598, A229603, A229613] The response to acetylcholine and other cholinergic agonists at these neuromuscular junctions is predominantly controlled by inhibitory G<sub>i</sub>-coupled M<sub>2</sub> and excitatory G<sub>q</sub>-coupled M<sub>3</sub> muscarinic acetylcholine receptors (mAChRs). Activation of M<sub>3</sub> receptors results in ASM contraction and resulting bronchoconstriction through downstream calcium-dependent signalling pathways, while M<sub>2</sub> activation inhibits neuronal acetylcholine release.[A229603, A229613, A229618]

Methacholine is a non-specific mAChR agonist, capable of acting on all mAChR subtypes.[A229623, A229628, A229633] However, in the context of AHR, methacholine's ability to induce bronchoconstriction through M<sub>3</sub> receptors is clinically relevant.[A229603, A229618, A229643] In addition, M<sub>3</sub> agonism may increase the release of pro-inflammatory cytokines, further contributing to AHR.[A17070] The inhibitory effect of M<sub>2</sub> agonism by methacholine is likely also important, as shown by animal studies using mice with impaired M<sub>2</sub> function, and by observations that eosinophilic inflammation, such as occurs in asthma, negatively impacts M<sub>2</sub> function.[A229613] Hence, asthmatic patients are more sensitive to inhaled cholinergic agonists such as methacholine; this forms the basis for the methacholine challenge test, which diagnoses AHR through an increased methacholine-induced response.[A229648, L31763]",MUSCARINIC ACETYLCHOLINE RECEPTOR M3; MUSCARINIC ACETYLCHOLINE RECEPTOR M2; MUSCARINIC ACETYLCHOLINE RECEPTOR M1; MUSCARINIC ACETYLCHOLINE RECEPTOR M4; MUSCARINIC ACETYLCHOLINE RECEPTOR M5,MUSCARINIC ACETYLCHOLINE RECEPTOR M3,CHRM3,CHOLINERGIC RECEPTOR MUSCARINIC 3,INDIRECT,,Organic cation/carnitine transporter 2,,V04CX03,CAS: 55-92-5,C0600370
DB06741,Gavestinel,"Highly potent and selective non-competitive antagonist acting at the strychnine-insensitive glycine binding site of the NMDA receptor-channel complex (Kd = 0.8 nM). Gavestinel displays > 1000-fold selectivity over NMDA, AMPA and kainate binding sites and is orally bioavailable and active in vivo.",small molecule,investigational,,,,GLYCINE RECEPTOR SUBUNIT ALPHA-1; GLYCINE RECEPTOR SUBUNIT ALPHA-2; GLYCINE RECEPTOR SUBUNIT ALPHA-3; GLYCINE RECEPTOR SUBUNIT BETA; GLUTAMATE (NMDA) RECEPTOR,GLYCINE RECEPTOR SUBUNIT ALPHA-2,GLRA2,"GLYCINE RECEPTOR, ALPHA 2",INDIRECT,UDP-glucuronosyltransferase 1A1; UDP-glucuronosyltransferase 1A3; UDP-glucuronosyltransferase 1A9; UDP-glucuronosyltransferase 2B4,,,,CAS: 153436-22-7,C0907380
DB06743,Ginkgolide A,Ginkgolide A is a highly active PAF antagonist cage molecule that is isolated from the leaves of the Ginkgo biloba tree. Shows potential in a wide variety of inflammatory and immunological disorders.,small molecule,nutraceutical,,,,GLYCINE RECEPTOR SUBUNIT ALPHA-1; GLYCINE RECEPTOR SUBUNIT ALPHA-2; GLYCINE RECEPTOR SUBUNIT ALPHA-3; GLYCINE RECEPTOR SUBUNIT BETA,GLYCINE RECEPTOR SUBUNIT ALPHA-2,GLRA2,"GLYCINE RECEPTOR, ALPHA 2",INDIRECT,,,,,CAS: 15291-75-5,C0599524
DB06787,Hexocyclium,Hexocyclium is a muscarinic acetylcholine receptor antagonist which was presumably used in the treatment of gastric ulcer or diarrhea. It was once available under the tradename Tral marketed by Abbvie Inc. but has been discontinued. Proton pump inhibitors like [DB00338] and opiate anti-diarrheal agents like [DB00836] have largely replaced the use of anti-muscarinics in the treatment of gastric ulcers and diarrhea due to their more favorable side effect profiles.,small molecule,approved,"The World Health Organization classifies hexocyclium as a drug for functional gastrointestinal disorders [L876]. Like other anti-muscarinic agents, hexocyclium was likely used to treat peptic ulcers or diarrhea.","Hexocyclium reduces gastrointesitinal motility and gastric acid secretion [A19711, A19712].",Hexocyclium binds to and inhibits muscarinic acetylcholine receptors [A19700]. This decreases gastric acid secretion by preventing the activation of M3 receptors on pareital cells and subsequent stimulation of gastric acid secretion [T28]. The antagonism of M3 receptors in the intestine inhibits smooth muscle contraction resulting in a decrease in motility. The binding of hexocyclium to other muscarinic receptor types produces typical anti-muscarinic side effects.,MUSCARINIC ACETYLCHOLINE RECEPTOR M3; MUSCARINIC ACETYLCHOLINE RECEPTOR M1; MUSCARINIC ACETYLCHOLINE RECEPTOR M2; MUSCARINIC ACETYLCHOLINE RECEPTOR M4,MUSCARINIC ACETYLCHOLINE RECEPTOR M3,CHRM3,CHOLINERGIC RECEPTOR MUSCARINIC 3,INDIRECT,,,,A03AB10,CAS: 6004-98-4,C0062674
DB07340,Reversine,,small molecule,experimental,,,,ADENOSINE RECEPTOR A3; DUAL SPECIFICITY MITOGEN-ACTIVATED PROTEIN KINASE KINASE 1; AURORA KINASE B; INNER CENTROMERE PROTEIN,ADENOSINE RECEPTOR A3,ADORA3,ADENOSINE A3 RECEPTOR,INDIRECT,,,,,CAS: 656820-32-5,C1450816
DB07776,Flavone,,small molecule,approved; experimental,,,,AROMATASE; GAMMA-AMINOBUTYRIC ACID RECEPTOR SUBUNIT ALPHA-1; ANDROGEN RECEPTOR; ADENOSINE RECEPTOR A3; ADENOSINE RECEPTOR A2B; ADENOSINE RECEPTOR A1; NEOCARZINOSTATIN; STEROID HORMONE RECEPTOR ERR1; STEROID HORMONE RECEPTOR ERR2; CYTOCHROME P450 1B1,ADENOSINE RECEPTOR A3,ADORA3,ADENOSINE A3 RECEPTOR,INDIRECT,,,,,CAS: 525-82-6,C0016219
DB07954,3-isobutyl-1-methyl-7H-xanthine,,small molecule,experimental,,,,"ADENOSINE RECEPTOR A1; CGMP-INHIBITED 3',5'-CYCLIC PHOSPHODIESTERASE 3A; ADENOSINE RECEPTOR A2A; 3',5'-CYCLIC-AMP PHOSPHODIESTERASE 4B; ADENOSINE RECEPTOR A2B; 3',5'-CYCLIC-AMP PHOSPHODIESTERASE 4A; ADENOSINE RECEPTOR A3; 3',5'-CYCLIC-AMP PHOSPHODIESTERASE 4D; CGMP-SPECIFIC 3',5'-CYCLIC PHOSPHODIESTERASE; CGMP-DEPENDENT 3',5'-CYCLIC PHOSPHODIESTERASE; CGMP-INHIBITED 3',5'-CYCLIC PHOSPHODIESTERASE 3B; HIGH AFFINITY 3',5'-CYCLIC-AMP PHOSPHODIESTERASE 7A; HIGH AFFINITY CGMP-SPECIFIC 3',5'-CYCLIC PHOSPHODIESTERASE 9A; HIGH AFFINITY CAMP-SPECIFIC AND IBMX-INSENSITIVE 3',5'-CYCLIC PHOSPHODIESTERASE 8A; RETINAL ROD RHODOPSIN-SENSITIVE CGMP 3',5'-CYCLIC PHOSPHODIESTERASE SUBUNIT GAMMA",ADENOSINE RECEPTOR A2A,ADORA2A,ADENOSINE A2A RECEPTOR,INDIRECT,,,,,CAS: 28822-58-4,
DB08517,Sakuranetin,,small molecule,experimental,,,,ADENOSINE RECEPTOR A2B; ADENOSINE RECEPTOR A1; ADENOSINE RECEPTOR A3; 3-HYDROXYACYL-[ACYL-CARRIER-PROTEIN] DEHYDRATASE FABZ,ADENOSINE RECEPTOR A3,ADORA3,ADENOSINE A3 RECEPTOR,INDIRECT,,,,,CAS: 2957-21-3,
DB08770,"4-{2-[(7-amino-2-furan-2-yl[1,2,4]triazolo[1,5-a][1,3,5]triazin-5-yl)amino]ethyl}phenol",,small molecule,experimental,,,,ADENOSINE RECEPTOR A1; ADENOSINE RECEPTOR A2B; ADENOSINE RECEPTOR A2A,ADENOSINE RECEPTOR A2A,ADORA2A,ADENOSINE A2A RECEPTOR,INDIRECT,,,,,,
DB08839,Serotonin,"For temporary relief of nervousness, anxiety, mood swings, joint pains, weakness, drowsiness, itching and lethargy. Not evaluated by the FDA, homeopathic product.",small molecule,investigational; nutraceutical,,,,5-HYDROXYTRYPTAMINE RECEPTOR 1B; 5-HYDROXYTRYPTAMINE RECEPTOR 7; 5-HYDROXYTRYPTAMINE RECEPTOR 2B; ADENOSINE RECEPTOR A3; 5-HYDROXYTRYPTAMINE RECEPTOR 1A; 5-HYDROXYTRYPTAMINE RECEPTOR 2C; 5-HYDROXYTRYPTAMINE RECEPTOR 4; 5-HYDROXYTRYPTAMINE RECEPTOR 5A; 5-HYDROXYTRYPTAMINE RECEPTOR 1D; 5-HYDROXYTRYPTAMINE RECEPTOR 6; 5-HYDROXYTRYPTAMINE RECEPTOR 2A; 5-HYDROXYTRYPTAMINE RECEPTOR 3A; 5-HYDROXYTRYPTAMINE RECEPTOR 3B; SODIUM-DEPENDENT SEROTONIN TRANSPORTER; SYNAPTIC VESICULAR AMINE TRANSPORTER,ADENOSINE RECEPTOR A3,ADORA3,ADENOSINE A3 RECEPTOR,INDIRECT,,Solute carrier family 22 member 2,,,CAS: 50-67-9,C0036751
DB08849,Nipecotic acid,,small molecule,experimental,,,,"SODIUM- AND CHLORIDE-DEPENDENT GABA TRANSPORTER 1; SODIUM- AND CHLORIDE-DEPENDENT GABA TRANSPORTER 3; 4-AMINOBUTYRATE AMINOTRANSFERASE, MITOCHONDRIAL; ADENOSINE RECEPTOR A3",ADENOSINE RECEPTOR A3,ADORA3,ADENOSINE A3 RECEPTOR,INDIRECT,,Proton-coupled amino acid transporter 1,,,CAS: 498-95-3,C0068781
DB08897,Aclidinium,"Aclidinium is an anticholinergic for the long-term management of chronic obstructive pulmonary disease (COPD). It has a much higher propensity to bind to muscarinic receptors than nicotinic receptors. FDA approved on July 24, 2012.",small molecule,approved,"Aclidinium bromide inhalation powder is indicated for the long-term, maintenance treatment of bronchospasm associated with chronic obstructive pulmonary disease (COPD), including chronic bronchitis and emphysema.",Aclidinium does not prolong the QTc interval or have significant effects on cardiac rhythm. ,"Aclidinium is a long-acting, competitive, and reversible anticholinergic drug that is specific for the acetylcholine muscarinic receptors. It binds to all 5 muscarinic receptor subtypes to a similar affinity. Aclidinium's effects on the airways are mediated through the M3 receptor at the smooth muscle to cause bronchodilation. Prevention of acetylcholine-induced bronchoconstriction effects was dose-dependent and lasted longer than 24 hours.",MUSCARINIC ACETYLCHOLINE RECEPTOR M1; MUSCARINIC ACETYLCHOLINE RECEPTOR M2; MUSCARINIC ACETYLCHOLINE RECEPTOR M3; MUSCARINIC ACETYLCHOLINE RECEPTOR M4; MUSCARINIC ACETYLCHOLINE RECEPTOR M5,MUSCARINIC ACETYLCHOLINE RECEPTOR M3,CHRM3,CHOLINERGIC RECEPTOR MUSCARINIC 3,INDIRECT,Cholinesterase,,,R03BB05; R03AL05,CAS: 727649-81-2,C2699757
DB09076,Umeclidinium,"Umeclidinium is a long-acting muscarinic antagonist (LAMA) used as a maintenance treatment for symptoms of chronic obstructive pulmonary disease (COPD). COPD is a progressive obstructive lung disease characterized by shortness of breath, cough, sputum production, and chronically poor airflow with a forced expiratory volume in 1 second (FEV1) of less than 80%.[A7715]

Maintenance of the airway is controlled by the parasympathetic nervous system, particularly by the abundance of the muscarinic subtype 3 (M3) in the airway smooth muscle.[A7719] Parasympathetic ganglia are associated with the larger airways while postganglionic fibers innervate the smaller diameter bronchioles contributing to airway resistance.[A7719] By blocking the M3 muscarinic receptor, umeclidinium inhibits the binding of acetylcholine and thereby opens up the airways by preventing bronchoconstriction.[A7719] However, even though umeclidinium monotherapy is well-tolerated for up to 14 days, it is more likely to be used in combination therapy, as the international Gold Initiative for Chronic Obstructive Lung Disease (GOLD) guidelines recommended the use of two long-acting bronchodilators with differing mechanisms of action to maximize efficacy and minimize adverse effects.[A7718,A7714]

Umeclidinium was approved by the FDA in April 2014 under the brand name Incruse Ellipta as a standalone product.[L47042] Later, it was further approved as a combination product with [vilanterol] and [vilanterol]/[fluticasone furoate] under the brand name ANORO ELLIPTA and TRELEGY ELLIPTA respectively.[L44461,L44456]. ANORO ELLIPTA was approved in December 2013 while TRELEGY ELLIPTA was approved in September 2017.[L46881,L46886]",small molecule,approved,"Umeclidinium is approved by the FDA and Health Canada for the maintenance treatment of patients with chronic obstructive pulmonary disease (COPD).[L44466,L46931] Additionally, umeclidinium also exists as combination products with [vilanterol] or [vilanterol] and [fluticasone furoate].[L44461,L44456,L46961,L46966] Both products were indicated for the maintenance treatment of COPD, but only the umeclidinium/[vilanterol]/[fluticasone furoate] product was approved  for the maintenance treatment of asthma in patients aged 18 years and older.[L44461,L44456,L46961,L46966]","QTc interval prolongation was studied in a double-blind, multiple-dose, placebo- and positive-controlled, crossover trial in 86 healthy subjects. Following repeat doses of umeclidinium 500 mcg once daily (8 times the recommended dosage) for 10 days, umeclidinium does not prolong QTc to any clinically relevant extent.[L44466]

In humans, the M3 receptor has been heavily implicated in the pathophysiology of asthma and COPD. Once the M3 receptor is activated, the phospholipase C would phosphorylate downstream targets, forming inositol 1,4,5-trisphosphate and eventually releasing intracellular Ca<sup>2+</sup>.[A260091] Increase in intracellular Ca<sup>2+</sup> results in muscle contraction, thus worsening COPD and asthma-related bronchoconstriction.[A260091] Additionally, M3 receptor activation also regulates pathways involving CD38, cyclic ADP ribose (cADPR), and ryanodine receptor channels, all of which control the intracellular Ca<sup>2+</sup> homeostasis that will lead to muscle contraction.[A260091]","Umeclidinium is a long-acting muscarinic antagonist, which is often referred to as an anticholinergic. It has similar affinity to the subtypes of muscarinic receptors M1 to M5. In the airways, it exhibits pharmacological effects through inhibition of M3 receptors at the smooth muscle leading to bronchodilation. The competitive and reversible nature of antagonism was shown with human and animal origin receptors and isolated organ preparations. In preclinical in vitro as well as in vivo studies, prevention of methacholine- and acetylcholine-induced bronchoconstrictive effects was dose-dependent and lasted longer than 24 hours. The clinical relevance of these findings is unknown. The bronchodilation following inhalation of umeclidinium is predominantly a site-specific effect.[L44466]",MUSCARINIC ACETYLCHOLINE RECEPTOR M3; MUSCARINIC ACETYLCHOLINE RECEPTOR M2; MUSCARINIC ACETYLCHOLINE RECEPTOR M1; MUSCARINIC ACETYLCHOLINE RECEPTOR M4; MUSCARINIC ACETYLCHOLINE RECEPTOR M5,MUSCARINIC ACETYLCHOLINE RECEPTOR M3,CHRM3,CHOLINERGIC RECEPTOR MUSCARINIC 3,INDIRECT,Cytochrome P450 2D6,ATP-dependent translocase ABCB1; Solute carrier family 22 member 1; Solute carrier family 22 member 2,,R03AL08; R03AL03; R03BB07,CAS: 869185-19-3,C3661274
DB09089,Trimebutine,"Trimebutine is a spasmolytic agent that regulates intestinal and colonic motility and relieves abdominal pain with antimuscarinic and weak mu opioid agonist effects. It is marketed for the treatment of irritable bowel syndrome (IBS) and lower gastrointestinal tract motility disorders, with IBS being one of the most common multifactorial GI disorders [A19691]. It is used to restore normal bowel function and is commonly present in pharmaceutical mixtures as trimebutine maleate salt form. Trimebutine is not a FDA-approved drug, but it is available in Canada and several other international countries.",small molecule,approved,Indicated for symptomatic treatment of irritable bowel syndrome (IBS) and treatment of postoperative paralytic ileus following abdominal surgery. ,"Trimebutine is a spasmolytic agent that acts directly on smooth muscle to modulate gastric motility. It shows a ""dual function"" that stimulates or inhibits spontaneous contractions depending on the concentration and prior contractile activity in the preparation. Targeting ion conductance that regulates GI motility, trimebutine inhibits the inward calcium currents and calcium-dependent potassium currents in a concentration-dependent manner [A19691]. At lower concentrations (1-10uM), trimebutine depolarizes the resting membrane potential without affecting the amplitude of contractions, which is thought to be mediated by inhibition of outward potassium currents. It is also shown to activate T-type Ca2+ channel and increase gastric emptying, intestinal and colonic contractility [A19690]. At higher concentrations (100-300uM), reduced amplitude of spontaneous contractions and action potentials is thought to be mediated by inhibition of L-type Ca2+ channels and inward calcium current [A19691]. Trimebutine mediates a local anesthetic action by acting as a weak agonist at mu opioid receptors.","At high concentrations, trimebutine is shown to inhibit the extracellular Ca2+ influx in the smooth muscle cells through voltage dependent L-type Ca2+ channels and further Ca2+ release from intracellular Ca2+ stores [A19691, A19689]. Trimebutine is suggested to bind to the inactivated state of the calcium channel with high affinity. Reduced calcium influx attenuates membrane depolarization and decrease colon peristalsis. It also inhibits outward K+ currents in response to membrane depolarization of the GI smooth muscle cells at resting conditions through inhibition of delayed rectifier K+ channels and Ca2+ dependent K+ channels, which results in induced muscle contractions [A19691, A19695]. Trimebutine binds to mu opioid receptors with more selectivity compared to delta or kappa opioid receptors but with lower affinity than their natural ligands. Its metabolites (N-monodesmethyl-trimebutine or nor-trimebutine), are also shown to bind to opoid receptors on brain membranes and myenteric synaptosomes [A19692]. ",MU-TYPE OPIOID RECEPTOR; VOLTAGE-DEPENDENT L-TYPE CALCIUM CHANNEL; CALCIUM-ACTIVATED POTASSIUM CHANNEL; MUSCARINIC ACETYLCHOLINE RECEPTOR M1; MUSCARINIC ACETYLCHOLINE RECEPTOR M2; MUSCARINIC ACETYLCHOLINE RECEPTOR M3; MUSCARINIC ACETYLCHOLINE RECEPTOR M4; VOLTAGE-DEPENDENT T-TYPE CALCIUM CHANNEL,MUSCARINIC ACETYLCHOLINE RECEPTOR M3,CHRM3,CHOLINERGIC RECEPTOR MUSCARINIC 3,INDIRECT,Cytochrome P450 3A4,,,A03AA05,CAS: 39133-31-8,C0041023
DB09167,Dosulepin,"Dosulepin (INN, BAN) formerly known as dothiepin (USAN), is a tricyclic antidepressant with anxiolytic properties that is used in several European and South Asian countries, as well as Australia, South Africa, and New Zealand. It is not FDA-approved due to low therpeutic index and significant toxicity in overdose. Dosulepin inhibits the reuptake of biogenic amines, increasing available neurotransmitter levels at the synaptic cleft. The use of dosulepsin is only recommended in patients who are intolerant or unresponsive to alternative antidepressant therapies. Dosulepsin is a thio derivative of [DB00321] with a similar efficacy to that of [DB00321], and also exhibits anticholinergic, antihistamine and central sedative properties [L882]. 
Its hydrochloride form is a common active ingredient in different drug formulations.",small molecule,approved,"Indicated in the treatment of symptoms of depressive illness, especially where an anti-anxiety effect is required.",Dosulepin is a tricyclic antidepressant that interacts with various receptors and transporters. It is a monoamine reuptake inhibitor with approximately equal potency for noradrenaline and 5-HT that increases the availability of these neurotransmitters at the central synapses [L882]. The metabolites of dosulepin are shown to inhibit 5HT uptake by the human blood platelet [A19753].,"By binding to noradrenaline transporter (NAT) and serotonin transporter (SERT) in an equipotent manner and inhibiting the reuptake activity, dosulepin increases the free levels of noradrenaline and 5HT at the synaptic cleft. It is shown that the main metabolite northiaden is a more potent inhibitor of noradrenaline uptake than the parent drug [A19758]. 

Dosulepin displays affinity towards α2-adrenoceptors and to a lesser extent, α1-adrenoceptors [A6584]. Inhibition of presynaptic α2-adrenoceptors by dosulepin facilitates noradrenaline release and further potentiates the antidepressant effects [A19758]. It also downregulates central β-adrenoceptors by causing a decline in the number of receptors and reduces noradrenaline-induced cyclic AMP formation [L881, A19758]. 
Dosulepin binds to 5HT1A and 5HT2A receptors in the cerebral cortex and hippocampus as an antagonist. 5HT1A receptors are autoreceptors that inhibit 5HT release and 5HT2A receptors are Gi/Go-coupled receptors that reduces dopamine release upon activation [T28]. Antagonism at 5HT2A receptors may also improve sleep patterns. Dosulepin also binds to muscarinic acetylcholine receptors and causes antimuscarinic side effects such as dry mouth. By acting as an antagonist at histamine type 1 (H1) receptors, dosulepin mediates a sedative effect. 

Main metabolites northiaden, dothiepin sulphoxide and northiaden sulphoxide may also bind to 5HT, α2 and H1 receptors, although with less affinity compared to the parent drug [A19755].",5-HYDROXYTRYPTAMINE RECEPTOR 1A; 5-HYDROXYTRYPTAMINE RECEPTOR 2A; HISTAMINE H1 RECEPTOR; MUSCARINIC ACETYLCHOLINE RECEPTOR M1; MUSCARINIC ACETYLCHOLINE RECEPTOR M2; MUSCARINIC ACETYLCHOLINE RECEPTOR M3; MUSCARINIC ACETYLCHOLINE RECEPTOR M4; MUSCARINIC ACETYLCHOLINE RECEPTOR M5; ALPHA-2 ADRENERGIC RECEPTORS; ALPHA-1 ADRENERGIC RECEPTORS; SODIUM-DEPENDENT NORADRENALINE TRANSPORTER; SODIUM-DEPENDENT SEROTONIN TRANSPORTER,MUSCARINIC ACETYLCHOLINE RECEPTOR M3,CHRM3,CHOLINERGIC RECEPTOR MUSCARINIC 3,INDIRECT,Cytochrome P450 2D6; Cytochrome P450 1A2; Cytochrome P450 3A4; Cytochrome P450 2C9; Cytochrome P450 2C19,,,N06AA16,CAS: 113-53-1,C0013065
DB09185,Viloxazine,"Viloxazine is a selective norepinephrine reuptake inhibitor.[L41685] For decades, an immediate-release formulation of viloxazine has been used in Europe as an antidepressant. It was first approved in the UK in 1974; however, the immediate-release formulation was discontinued due to business reasons unrelated to drug safety and efficacy. In the US, viloxazine was assigned an orphan drug designation in 1984 under the brand name CATATROL: while this product was intended to treat cataplexy and narcolepsy, the drug was never approved for these therapeutic indications. In April 2021, an extended-release formulation of viloxazine under the brand name QELBREE was approved by the FDA for the treatment of attention deficit hyperactivity disorder (ADHD).[A247985]",small molecule,approved; investigational; withdrawn,Viloxazine is a selective norepinephrine reuptake inhibitor indicated for the treatment of Attention Deficit Hyperactivity Disorder (ADHD) in adults and pediatric patients 6 years and older.[L41685],"Viloxazine is a serotonin-norepinephrine modulating agent that has been used as a treatment for depression and Attention Deficit Hyperactivity Disorder (ADHD).[A247985] Although it is not a stimulant agent, viloxazine produces amphetamine-like CNS stimulant effects without a risk for drug abuse or dependence.[A247115] Viloxazine does not produce sedative anticholinergic or adrenergic effects.[A19781,A247115] ","Attention Deficit Hyperactivity Disorder (ADHD) is a common neurodevelopmental disorder in children characterized by inattention and hyperactivity. In current literature, the pathophysiology of ADHD is understood to involve the imbalance of neurotransmitters, especially dopamine (DA) and norepinephrine (NE).[A247115] The mechanism of action of viloxazine has not been fully elucidated; however, viloxazine is believed to work by modulating the monoaminergic neurotransmitter systems. Viloxazine is a selective and moderate norepinephrine reuptake inhibitor that binds to the norepinephrine transporter and inhibits the reuptake of norepinephrine.[A247985,L41685] It thereby increases extracellular norepinephrine levels across several brain regions.[A247985]

Viloxazine potentiates serotonergic effects: it was shown to enhance neuronal sensitivity to serotonin and increase serotonin levels in the brain.[A247645,A247985] _In vitro_, viloxazine is an antagonist at 5-HT<sub>2B</sub> receptors and an agonist 5-HT<sub>2C</sub> receptors.[A247115,A247645] 5-HT<sub>2B</sub> receptors expressed on GABAergic interneurons are involved in tonic inhibitory control of serotonin neurons that innervate the medial prefrontal context; thus, antagonism of 5-HT<sub>2B</sub> receptors may result in disinhibition and enhanced serotonin release in the brain region.[A247985] 

There is conflicting evidence in the literature that viloxazine increases dopamine levels in the brain via direct or indirect effects. For example, the norepinephrine transporter is also involved in the reuptake of dopamine in the prefrontal cortex [A247985] and stimulation of 5-HT<sub>2C</sub> receptors facilitates DA release and enhances dopaminergic transmission in the brain.[A247645] As dopamine dysregulation in the prefrontal cortex and amygdala is implicated in ADHD pathophysiology, the impact of viloxazine on dopamine levels may contribute to its mechanism of action. However, there is insufficient evidence to conclude this. Viloxazine has a negligible impact on dopamine in the nucleus accumbens and is not associated with an abuse risk.[A247985]",SODIUM-DEPENDENT NORADRENALINE TRANSPORTER; 5-HYDROXYTRYPTAMINE RECEPTOR 2B; 5-HYDROXYTRYPTAMINE RECEPTOR 2C; ALPHA-1B ADRENERGIC RECEPTOR; BETA-2 ADRENERGIC RECEPTOR; HISTAMINE H1 RECEPTOR; HISTAMINE H2 RECEPTOR; MUSCARINIC ACETYLCHOLINE RECEPTOR M1; MUSCARINIC ACETYLCHOLINE RECEPTOR M2; MUSCARINIC ACETYLCHOLINE RECEPTOR M3; MUSCARINIC ACETYLCHOLINE RECEPTOR M4; AMINE OXIDASE [FLAVIN-CONTAINING] A; AMINE OXIDASE [FLAVIN-CONTAINING] B,MUSCARINIC ACETYLCHOLINE RECEPTOR M3,CHRM3,CHOLINERGIC RECEPTOR MUSCARINIC 3,INDIRECT,Cytochrome P450 2D6; UDP-glucuronosyltransferase 1A9; UDP-glucuronosyltransferase 2B15; Cytochrome P450 1A2; Cytochrome P450 2B6; Cytochrome P450 3A4; Cytochrome P450 3A5,Multidrug and toxin extrusion protein 1,,N06AX09,CAS: 46817-91-8,C0042665
DB09262,Imidafenacin,Imidafenacin is an antispasmodic agent with anticholinergic effects. It antagonizes muscarinic receptors in the bladder to reduce the frequency of urination in the treatment of overactive bladder. It is marketed in Japan under the tradenames Staybla by Ono Pharmaceutical and Uritos by Kyojin Pharmaceutical.,small molecule,investigational,Used in the treatment of overactive bladder [FDA Label].,Imidafenacin is an antimuscarinic agent which acts to reduce the frequency of urination in patients with overactive bladder [FDA Label].,"Imidafenacin binds to and antagonizes muscarinic M1 and M3 receptors with high affinity [A19794]. It also antagonizes muscarinic M2 receptors but with lower affinity. M3 receptors stimulate contraction of the detrusor muscle in the bladder via release of calcium from the sarcoplasmic reticulum [A19795]. M2 receptors are also present in the detrusor muscle but serve to inhibit adenylate cyclase which reduces the relaxation mediated by β adrenergic receptors. Finally, M1 receptors are present on the parasympathetic neurons which release acetylcholine in the bladder. They act as an autocrine positive feedback loop and further increase release of acetylcholine. Antagonism of these receptors by imidafenacin prevents contraction of the bladder's detrusor muscle, prevents inhibition of the relation produced by sympathetic tone, and reduces acetylcholine release. Together these reduce the frequency of urination.",MUSCARINIC ACETYLCHOLINE RECEPTOR M1; MUSCARINIC ACETYLCHOLINE RECEPTOR M2; MUSCARINIC ACETYLCHOLINE RECEPTOR M3,MUSCARINIC ACETYLCHOLINE RECEPTOR M3,CHRM3,CHOLINERGIC RECEPTOR MUSCARINIC 3,INDIRECT,Cytochrome P450 3A4; UDP-glucuronosyltransferase 1A4,,,G04BD14,CAS: 170105-16-5,C1876226
DB09273,Doxofylline,"Doxofylline is a methylxanthine derivative with the presence of a dioxolane group in position 7. As a drug used in the treatment of asthma, doxofylline has shown similar efficacy to theophylline but with significantly fewer side effects in animal and human studies. In contrast with other xanthine derivatives, doxofylline does not significantly bind to adenosine alpha-1 or alpha-2 receptors and lacks stimulating effects. Decreased affinity for adenosine receptors may account for the better safety profile of doxofylline compared to theophylline [L1169]. Unlike theophylline, doxofylline does not affect calcium influx and does not antagonize the actions of calcium channel blockers which could explain reduced cardiac adverse reactions associated with the drug [A7885]. The anti-asthmatic effects of doxophylline are mediated by other mechanisms, primarily through inhibiting the activities of the phosphodiesterase (PDE) enzyme.",small molecule,experimental,"Indicated for the treatment of chronic obstructive pulmonary disease (COPD), bronchial asthma and pulmonary disease with spastic bronchial component.","Doxofylline is a methylxanthine bronchodilator with potent bronchodilator activity comparable to that of theophylline. In animal studies, doxofylline demonstrated to attenuate bronchoconstriction, inflammatory actions and the release of thromboxane A2 (TXA2) when challenged with platelet-activating factor [L1169]. 

Doxofylline does not demonstrate direct inhibition of any histone deacetylase (HDAC) enzymes or known PDE enzyme isoforms and did not act as an antagonist at A2 or A2 receptors. The affinity for adenosine A1, A2A and A2B receptors are reported to be all higher than 100 µM [A31643]. It only displays an inhibitory action against PDE2A1 and antagonism at adenosine A(2A) at high concentrations [A31642]. A study demonstrated that doxofylline interacts with β2-adrenoceptors to induce blood vessel relaxation and airway smooth muscle relaxation. In dog studies, doxofylline decreased airway responsiveness at a dose that did not affect heart rate and respiratory rate [A31643].","The main mechanism of action of doxofylline is unclear. One of the mechanisms of action of is thought to arise from the inhibition of phosphodiesterase activity thus increasing the levels of cAMP and promoting smooth muscle relaxation. 

The interaction of doxofylline with beta-2 adrenoceptors was demonstrated by a study using nonlinear chromatography, frontal analysis and molecular docking [A31646]. Serine 169 and serine 173 residues in the receptor are thought to be critical binding sites for doxofylline where hydrogen bonds are formed [A31646]. Via mediating the actions of beta-2 adrenoceptors, doxofylline induces blood vessel relaxation and airway smooth muscle relaxation. 

There is also evidence that doxofylline may exert anti-inflammatory actions by reducing the pleurisy induced by the inflammatory mediator platelet activating factor (PAF) according to a rat study [A31646]. It is suggested that doxofylline may play an important role in attenuating leukocyte diapedesis, supported by mouse preclinical studies where doxofylline administration was associated with inhibited leukocyte migration across vascular endothelial cells in vivo and in vitro [A31643].Unlike theophylline, doxofylline does not inhibit tumor necrosis factor-induced interleukin (IL)-8 secretion in ASM cells.","BETA-2 ADRENERGIC RECEPTOR; CGMP-DEPENDENT 3',5'-CYCLIC PHOSPHODIESTERASE; ADENOSINE RECEPTOR A2A",ADENOSINE RECEPTOR A2A,ADORA2A,ADENOSINE A2A RECEPTOR,INDIRECT,Cytochrome P450 1A2,,,R03DA11,CAS: 69975-86-6,
DB09300,Butylscopolamine,"Butylscopolamine is a peripherally acting antimuscarinic, anticholinergic agent. It is used to treat pain and discomfort caused by abdominal cramps, menstrual cramps, or other spasmodic activity in the digestive system. It is also effective at preventing bladder spasms. It is not a pain medication in the normal sense, since it does not directly affect pain, but rather works to prevent painful cramps and spasms from occurring. It is on the WHO Model List of Essential Medicines, the most important medications needed in a basic health system.",small molecule,approved; investigational; vet_approved,Used to treat abdmoninal cramping and pain [FDA Label].,Scopolamine butylbromide is a muscarinic antagonist which acts to prevent acetylcholine-stimulated contraction of smooth muscle in the gastrointestinal tract [A7905].,Scopolamine butylbromide binds to muscarinic M3 receptors in the gastrointestinal tract [A7905]. This prevents acetycholine from binding to and activating the receptors which would result in contraction of the smooth muscle. The inhibition of contraction reduces spasms and their related pain during abdominal cramping.,MUSCARINIC ACETYLCHOLINE RECEPTOR M3; MUSCARINIC ACETYLCHOLINE RECEPTOR M5; MUSCARINIC ACETYLCHOLINE RECEPTOR M2,MUSCARINIC ACETYLCHOLINE RECEPTOR M3,CHRM3,CHOLINERGIC RECEPTOR MUSCARINIC 3,INDIRECT,,,,A03DB04; A03BB01,CAS: 7182-53-8,C2827093
DB11181,Homatropine,"Homatropine is an anticholinergic drug that acts as an antagonist at muscarinic acetylcholine receptors. It is present in antitussives, under the trade name Hycodan, in combination with hydrocodone (dihydrocodeinone) bitartrate indicated for the symptomatic relief of cough as oral tablets or solutions. Homatropine is included in subtherapeutic amounts as homatropine methylbromide to discourage deliberate overdosage. Homatropine hydrobromide has been administered as ophthalmic solutions as a cycloplegic to temporarily paralyze accomodation, and to induce mydriasis (the dilation of the pupil); however such therapeutic use has not been approved by the FDA to be safe and effective.",small molecule,approved,"Indicated as an overdose-rescuing agent in combination with hydrocodone antitussive [FDA Label].

Indicated for the induction of mydriasis in ophthalmic solutions. ","Homatropine is an anticholinergic drug that produces typical anticholinergic effects inducing mydriasis and cycloplegia. Other effects of structurally-related atropine that could also apply to homatropine include inhibition of secretions, tachycardia, relaxation of smooth muscle and central nervous effects including excitation [T28].","Homatropine is a competitive muscarinic receptor antagonist with a bulky aromatic group in place of the acetyl group of acetylcholine. It is expected to act in similar manner as atropine, producing similar parasympatholytic effects. By blocking muscarinic receptors and cholinergic signalling pathways, homatropine blocks the response of the iris sphincter muscle and cause the pupil to become unresponsive to light upon dilation or mydriasis. It also blocks the accommodative muscle of the ciliary body to cholinergic stimulation [T28].",MUSCARINIC ACETYLCHOLINE RECEPTOR M1; MUSCARINIC ACETYLCHOLINE RECEPTOR M2; MUSCARINIC ACETYLCHOLINE RECEPTOR M3; MUSCARINIC ACETYLCHOLINE RECEPTOR M4; MUSCARINIC ACETYLCHOLINE RECEPTOR M5,MUSCARINIC ACETYLCHOLINE RECEPTOR M3,CHRM3,CHOLINERGIC RECEPTOR MUSCARINIC 3,INDIRECT,Liver carboxylesterase 1,,,S01FA05,CAS: 87-00-3,C0062922
DB11235,Thonzylamine,"Thonzylamine is an antihistamine and anticholinergic drug. It is available as combination products with [DB04837] or [DB00388] for temporary relief of symptoms of common cold, hay fever (allergic rhinitis) or other upper respiratory allergies.",small molecule,approved,Thozylamine is indicated for use in the symptomatic control of allergic rhinitis or other upper respiratory allergic symptoms [FDA Label]. It is typically a part of combination over the counter products.,"Thonzylamine is a first-generation antihistamine. It antagonizes the action of histamine to relief allergic symptoms like nasal congestion, runny nose,  itchy eyes, itchy nose and throat, and sneezing [FDA Label,A32772]","Thonzylamine competes with histamine for binding to the H1 histamine receptor [A32772]. Binding of histamine to this receptor stimulates vasodilation and increased vascular permeability leading to nasal congestion and runny nose [T116]. Histamine also produces itchiness by stimulating nerve endings which can result in sneezing. By blocking these effects, thonzylamine can reduce or eliminate symptoms of allergic rhinitis.",HISTAMINE H1 RECEPTOR; MUSCARINIC ACETYLCHOLINE RECEPTOR M1; MUSCARINIC ACETYLCHOLINE RECEPTOR M2; MUSCARINIC ACETYLCHOLINE RECEPTOR M3; MUSCARINIC ACETYLCHOLINE RECEPTOR M4; MUSCARINIC ACETYLCHOLINE RECEPTOR M5,MUSCARINIC ACETYLCHOLINE RECEPTOR M3,CHRM3,CHOLINERGIC RECEPTOR MUSCARINIC 3,INDIRECT,,,Thonzylamine H1-Antihistamine Action,D04AA01; R06AC06; R01AC06,CAS: 91-85-0,
DB11315,Methscopolamine,Methscopolamine is a quaternary ammonium derivative of scopolamine and antagonist at muscarininc (mACh) receptors. Methscopolamine bromide is the most common form of the active ingredient in oral pharmaceutical products. The oral tablets are used as an adjunct therapy for the treatment of peptic ulcer and is shown to be effective in decreasing the rate of recurrence of peptic ulcers as well as preventing complications.,small molecule,approved,,"Methscopolamine bromide is an anticholinergic agent which possesses most of the pharmacologic actions of that drug class. These include reduction in volume and total acid content of gastric secretion, inhibition of gastrointestinal motility, inhibition of salivary excretion, dilation of the pupil and inhibition of accommodation with resulting blurring of vision. Large doses may result in tachycardia [Dailymed].",,MUSCARINIC ACETYLCHOLINE RECEPTOR M3; MUSCARINIC ACETYLCHOLINE RECEPTOR M2,MUSCARINIC ACETYLCHOLINE RECEPTOR M3,CHRM3,CHOLINERGIC RECEPTOR MUSCARINIC 3,INDIRECT,,,,A03CB01; S01FA03; A03BB03,CAS: 13265-10-6,C0301374
DB11582,Thiocolchicoside,"Thiocolchicoside is a semi-synthetic derivative of the colchicine, a natural anti-inflammatory glycoside which originates from the flower seeds of _Superba gloriosa_.  It is a muscle relaxant with anti-inflammatory and analgesic effects.  It has potent convulsant activity and should not be administered to individuals prone to seizures.[L1663]",small molecule,experimental,"
Thiocolchicoside is a  skeletal muscle-relaxant drug used in the treatment of orthopedic, traumatic and rheumatologic disorders [L1661]. It is indicated as an adjuvant drug in the treatment of painful muscle contractures and is indicated in acute spinal pathology, for adults and adolescents 16 years of age and older [L1658]. Recent studies have examined its effect on muscle tone, stiffness, contractures, and soreness experienced by athletes during sporting competitions [L1664].","Thiocholchicoside is a muscle relaxing agent that works through selective binding to the GABA-A receptor. It prevents muscle contractions by activating the GABA inhibitory motor pathway [L1661].

This medication acts as a competitive GABA receptor antagonist and inhibits glycine receptors with similar potency as nicotinic acetylcholine receptors. It has powerful convulsant activity and should not be used in individuals at risk for seizures [L1661, L1669].

Used in combination with glafenine and meprobamate to tranquilize patients undergoing hysterosalpingography. In the treatment of painful muscle spasms. Thiocolchicoside acts both in contractures with a central cause and in contractures of reflex type, rheumatic and traumatic. It also alleviates symptoms of spastic sequelae of hemiparesis, Parkinson's disease and iatrogenic Parkinson symptoms, particularly neurodyslectic syndrome.  Some other conditions that may benefit from this medication are acute and chronic lumbar and sciatic pain, cervico-brachial neuralgia, persistent torticollis, post-traumatic and post-operative pain [L1661].","Thiocolchicoside, is a synthetic sulfur derivative of colchicoside, a naturally occurring glucoside contained in the Colchicum autumnale plant. Thiocolchicoside has a selective and potent afﬁnity for g-aminobutyric acid A (GABA-A) receptors and acts on muscular contractures by activating the GABA inhibitory pathways thereby behaving as a potent muscle relaxant [L1661].  Gamma-aminobutyric acid (GABA) is the main inhibitory neurotransmitter in the human cortex [A18424].  GABAergic neurons are involved in myorelaxation, anxiolytic treatment, sedation, and anesthetics. GABA can also modulate heart rate and blood pressure.

It also has an affinity for the inhibitory glycine receptors (i.e., have glycomimetic and GABA mimetic activity), therefore acts as a muscle relaxant. Glycine is an inhibitory neurotransmitter and acts as an allosteric regulator of NMDA (N-methyl-D-aspartate) receptors. It is involved in the processing of motor and sensory data, thereby regulating movement, vision, and audition. Inhibitory neurotransmitter in spinal cord, allosteric regulator of NMDA receptors [L1663, A32122].

In one study, thiocolchicoside inhibited the function of recombinant human strychnine-sensitive glycine receptors composed of the alpha1 subunit with a potency (median inhibitory concentration of 47 microM) lower than that apparent with recombinant GABA(A) receptors. The drug also inhibited the function of human nicotinic acetylcholine receptors made of the alpha4 and beta2 subunits, however, this effect was partial and moreover only apparent at high concentrations. Thiocolchicoside demonstrated no effect on the function of 5-HT(3A) serotonin receptors [A18424].",GAMMA-AMINOBUTYRIC ACID RECEPTOR SUBUNIT ALPHA-1; GAMMA-AMINOBUTYRIC ACID RECEPTOR SUBUNIT BETA-2; GLYCINE RECEPTOR SUBUNIT ALPHA-2; GLYCINE RECEPTOR SUBUNIT ALPHA-3; GLYCINE RECEPTOR SUBUNIT BETA; GAMMA-AMINOBUTYRIC ACID RECEPTOR SUBUNIT GAMMA-2; GABA(A) RECEPTOR; GLYCINE RECEPTOR SUBUNIT ALPHA-1; TUMOR NECROSIS FACTOR LIGAND SUPERFAMILY MEMBER 11,GLYCINE RECEPTOR SUBUNIT ALPHA-2,GLRA2,"GLYCINE RECEPTOR, ALPHA 2",INDIRECT,,,,M03BX05; M03BX55,CAS: 602-41-5,C0076456
DB11757,Istradefylline,"Istradefylline, or KW6002, was developed by Kyowa Hakko Kirin in Japan for the treatment of Parkinson's disease as an adjunct to standard therapy.[A184067] Unlike standard dopaminergic therapies for Parkinson's, Istradefylline targets adenosine A<sub>2A</sub> receptors in the basal ganglia.[A184067] This region of the brain is highly involved in motor control.[A184067]

Istradefylline is indicated as an adjunct treatment to [levodopa] and [carbidopa] for Parkinson's disease.[L8237]

This drug was first approved in Japan on 25 March 2013.[A184067] Istradefylline was granted FDA approval on 27 August 2019.[L8213]",small molecule,approved; investigational,Istradefylline is indicated in adjunct to levodopa and carbidopa in the treatment of Parkinson's disease.[L8237],"Istradefylline is a selective adenosine A<sub>2A</sub> receptor inhibitor.[A184064,A184067] It has a long duration of action as it is given once daily and has a half life of 64-69 hours.[A184064,A184067,L8237] Patients taking this medication should be monitored for dyskinesia, hallucinations, and lack of impulse control.[L8237] Consider dose reductions for these patients.[L8237]","Istradefylline is a selective adenosine A<sub>2A</sub> receptor inhibitor.[A184064,A184067] These receptors are found in the basal ganglia, a region of the brain that suffers degeneration in Parkinson's disease, and is also significantly involved in motor control.[A184067] A<sub>2A</sub> receptors are also expressed on GABAergic medium spiny neurons within the indirect striato-pallidal pathway.[L8225] The GABAergic action of this pathway is thereby reduced.[L8225] Istradefylline has 56 times the affinity for A<sub>2A</sub> receptors than A<sub>1</sub> receptors.[A184067]",ADENOSINE RECEPTOR A2A; ADENOSINE RECEPTOR A1,ADENOSINE RECEPTOR A2A,ADORA2A,ADENOSINE A2A RECEPTOR,INDIRECT,Cytochrome P450 1A1; Cytochrome P450 3A4; Cytochrome P450 3A5; Cytochrome P450 3A Subfamily; Cytochrome P450 1A2; Cytochrome P450 2B6; Cytochrome P450 2C8; Cytochrome P450 2C9; Cytochrome P450 2C18; Cytochrome P450 2D6,"ATP-dependent translocase ABCB1; Broad substrate specificity ATP-binding cassette transporter ABCG2; Solute carrier organic anion transporter family member 1B1; Solute carrier organic anion transporter family member 1B3; Solute carrier family 22 member 6; POU domain, class 2, transcription factor 2; Multidrug and toxin extrusion protein 1; Multidrug and toxin extrusion protein 2",,N04CX01,CAS: 155270-99-8,
DB11864,Preladenant,"Preladenant has been used in trials studying the treatment of Brain Diseases, Parkinson Disease, Movement Disorders, Antipsychotic Agents, and Parkinsonian Disorders, among others.",small molecule,investigational,,,,ADENOSINE RECEPTOR A2A,ADENOSINE RECEPTOR A2A,ADORA2A,ADENOSINE A2A RECEPTOR,INDIRECT,,,,,CAS: 377727-87-2,C2698875
DB12010,Fostamatinib,"Fostamatinib has been investigated for the treatment and basic science of Rheumatoid Arthritis and Immune Thrombocytopenic Purpura (ITP). It was approved on April 17, 2018, under the trade name Tavalisse for use in ITP [L2644, FDA Label]. Fostamatinib has also been granted orphan drug status by the FDA [L2644].

Recently, fostamatinib has been identified as a potential therapeutic for controlling acute respiratory distress syndrome (ARDS) in patients with severe COVID-19 through its ability to modulate the SYK kinase.[A235008, A235013, A235018]",small molecule,approved; investigational,Fostamatinib is indicated for use in the treatment of chronic immune thrombocytopenia (ITP) in patients who have had insufficient response to previous therapy [FDA Label].,"The active metabolite of fostamatinib, R406, inhibits signal transduction by Fcγ receptors involved in the antibody-mediated destruction of platelets by immune cells in chronic ITP [A32898,A32899,FDA Label]. This results in increased platelet counts in this population.

R406 produces inhibition of T and B lymphocyte activation by T-cell receptors (TCRs) and B-cell receptors (BCRs) respectively [A32898,A32899]. It can also inhibit signalling via Fcε receptors which could have applications in treating allergic symptoms through prevention of mast cell degranulation [A32899,A32903]. Inhibition of Fc receptor signalling system also affected by R406 suppresses both dendritic cell maturation and antigen presentation and may contribute to the effects of fostamatinib [A32904]. As a knock-on effect of disabling signal transduction from Fc receptors, TCRs, and BCRs, the production of inflammatory mediators and cytokines like tumour necrosis factor α, leukotriene C4, interleukin-8, and granulocyte-macrophage colony-stimulating factor.

Fostamatinib can produce hypertension through off-target effects [A32906,FDA Label]
","The active metabolite of fostamatinib, R406, is an inhibitor of spleen tyrosine kinase (Syk) [A32899]. It binds reversibly to the ATP binding pocket with high affinity (Ki = 30nM), inhibiting the kinase activity with an IC50 of 41nM.

Syk is a cytosolic protein kinase and part of the signalling cascade which occurs with Fc receptors, TCRs, and BCRs [A32898]. It contains two src homology 2 (SH2) domains separated by a linker domain. These SH2 domains bind to tyrosine residues on the immunoreceptor tyrosine-based activating motif phosphorylated by Lyn, another kinase in the cascade. This motif is located on the cytoplasmic regions of several immune receptors including Fc receptors, TCRs, BCRs, and natural killer cell receptors. The flexibility provided by the linker enables the protein to bind to many receptor types. Inhibition of Syk suppresses downstream signal transduction [A32899].

While Syk plays a role in some pathways involved in the generation of the oxidative burst by neutrophils or phagocytosis by macrophages, R406 does not have a significant effect on these processes [A32899]. This is likely due to redundant pathways which do not involve Syk. Similarly Syk does not produce significant effects on platelet activation despite its involvement in glycoprotein IV and integrin based signalling. Activation of antibody-dependent cell-mediated toxicity by natural killer cells is also unaffected despite the involvement of Syk in Fc receptor signalling [A32898].

R406 binds to the adenosine A3 receptor as an antagonist as well as the adenosine and monoamine uptake transporters as an inhibitor [A32899,A32906]. It has also been found to be an inhibitor of UDP glucuronosyltransferase UGT1A1, phosphodiesterase PDE5, fatty acid amide hydrolase, 5-lipoxygenase, cathepsin L, and cathepsin S [A32906]. R406 appears to inhibit a wide range of kinases at higher concentrations [A32906]. It is thought that inhibition of some of these targets may be responsible for the increase in blood pressure seen with fostamatinib.

","TYROSINE-PROTEIN KINASE SYK; ADENOSINE RECEPTOR A3; SYNAPTIC VESICULAR AMINE TRANSPORTER; FATTY-ACID AMIDE HYDROLASE 1; EQUILIBRATIVE NUCLEOSIDE TRANSPORTER 1; UDP-GLUCURONOSYLTRANSFERASE 1A1; CGMP-SPECIFIC 3',5'-CYCLIC PHOSPHODIESTERASE; POLYUNSATURATED FATTY ACID 5-LIPOXYGENASE; CATHEPSIN S; PROCATHEPSIN L; TYROSINE-PROTEIN KINASE ABL1; CALCIUM-DEPENDENT PROTEIN KINASE 1; SERINE/THREONINE-PROTEIN KINASE PKNB; RIBOSOMAL PROTEIN S6 KINASE ALPHA-6; NON-RECEPTOR TYROSINE-PROTEIN KINASE TYK2; ATYPICAL KINASE COQ8A, MITOCHONDRIAL; TYROSINE-PROTEIN KINASE JAK1; HEPATOCYTE GROWTH FACTOR RECEPTOR; SERINE/THREONINE-PROTEIN KINASE NIM1; SERINE/THREONINE-PROTEIN KINASE 26; CAMP-DEPENDENT PROTEIN KINASE CATALYTIC SUBUNIT ALPHA; SERINE/THREONINE-PROTEIN KINASE 24; SERINE/THREONINE-PROTEIN KINASE 3; TYROSINE-PROTEIN KINASE TEC; SERINE/THREONINE-PROTEIN KINASE 33; SERINE/THREONINE-PROTEIN KINASE 35; SERINE/THREONINE-PROTEIN KINASE 36; SERINE/THREONINE-PROTEIN KINASE 38; SERINE/THREONINE-PROTEIN KINASE 38-LIKE; STE20/SPS1-RELATED PROLINE-ALANINE-RICH PROTEIN KINASE; SERINE/THREONINE-PROTEIN KINASE TAO1; SERINE/THREONINE-PROTEIN KINASE TAO2; SERINE/THREONINE-PROTEIN KINASE TAO3; SERINE/THREONINE-PROTEIN KINASE TBK1; ANGIOPOIETIN-1 RECEPTOR; DUAL SPECIFICITY TESTIS-SPECIFIC PROTEIN KINASE 1; TGF-BETA RECEPTOR TYPE-1; TGF-BETA RECEPTOR TYPE-2; TYROSINE-PROTEIN KINASE RECEPTOR TIE-1; SERINE/THREONINE-PROTEIN KINASE TOUSLED-LIKE 1; SERINE/THREONINE-PROTEIN KINASE TOUSLED-LIKE 2; TRAF2 AND NCK-INTERACTING PROTEIN KINASE; NON-RECEPTOR TYROSINE-PROTEIN KINASE TNK1; ACTIVATED CDC42 KINASE 1; SERINE/THREONINE-PROTEIN KINASE TNNI3K; TESTIS-SPECIFIC SERINE/THREONINE-PROTEIN KINASE 1; DUAL SPECIFICITY PROTEIN KINASE TTK; TYROSINE-PROTEIN KINASE TXK; TYROSINE-PROTEIN KINASE RECEPTOR TYRO3; SERINE/THREONINE-PROTEIN KINASE ULK1; SERINE/THREONINE-PROTEIN KINASE ULK2; SERINE/THREONINE-PROTEIN KINASE ULK3; WEE1-LIKE PROTEIN KINASE; TYROSINE-PROTEIN KINASE YES; MITOGEN-ACTIVATED PROTEIN KINASE KINASE KINASE 19; MITOGEN-ACTIVATED PROTEIN KINASE KINASE KINASE 20; TYROSINE-PROTEIN KINASE ZAP-70; AP2-ASSOCIATED PROTEIN KINASE 1; TYROSINE-PROTEIN KINASE ABL2; ACTIVIN RECEPTOR TYPE-1; ACTIVIN RECEPTOR TYPE-1B; ATYPICAL KINASE COQ8B, MITOCHONDRIAL; ALK TYROSINE KINASE RECEPTOR; ANKYRIN REPEAT AND PROTEIN KINASE DOMAIN-CONTAINING PROTEIN 1; AURORA KINASE A; AURORA KINASE B; AURORA KINASE C; TYROSINE-PROTEIN KINASE RECEPTOR UFO; TYROSINE-PROTEIN KINASE BLK; BMP-2-INDUCIBLE PROTEIN KINASE; BONE MORPHOGENETIC PROTEIN RECEPTOR TYPE-1B; BONE MORPHOGENETIC PROTEIN RECEPTOR TYPE-2; CYTOPLASMIC TYROSINE-PROTEIN KINASE BMX; SERINE/THREONINE-PROTEIN KINASE B-RAF; TYROSINE-PROTEIN KINASE BTK; CALCIUM/CALMODULIN-DEPENDENT PROTEIN KINASE TYPE 1; CALCIUM/CALMODULIN-DEPENDENT PROTEIN KINASE TYPE 1D; CALCIUM/CALMODULIN-DEPENDENT PROTEIN KINASE TYPE 1G; CALCIUM/CALMODULIN-DEPENDENT PROTEIN KINASE TYPE II SUBUNIT ALPHA; CALCIUM/CALMODULIN-DEPENDENT PROTEIN KINASE TYPE II SUBUNIT BETA; CALCIUM/CALMODULIN-DEPENDENT PROTEIN KINASE TYPE II SUBUNIT DELTA; CALCIUM/CALMODULIN-DEPENDENT PROTEIN KINASE TYPE II SUBUNIT GAMMA; CALCIUM/CALMODULIN-DEPENDENT PROTEIN KINASE KINASE 1; CALCIUM/CALMODULIN-DEPENDENT PROTEIN KINASE KINASE 2; PERIPHERAL PLASMA MEMBRANE PROTEIN CASK; KAPPA-CASEIN; CYCLIN-DEPENDENT KINASE 1; SERINE/THREONINE-PROTEIN KINASE MRCK GAMMA; CYCLIN-DEPENDENT KINASE 4; CYCLIN-DEPENDENT KINASE-LIKE 1; CYCLIN-DEPENDENT KINASE-LIKE 2; SERINE/THREONINE-PROTEIN KINASE CHK1; SERINE/THREONINE-PROTEIN KINASE CHK2; CITRON RHO-INTERACTING KINASE; DUAL SPECIFICITY PROTEIN KINASE CLK1; DUAL SPECIFICITY PROTEIN KINASE CLK2; DUAL SPECIFICITY PROTEIN KINASE CLK3; DUAL SPECIFICITY PROTEIN KINASE CLK4; MACROPHAGE COLONY-STIMULATING FACTOR 1 RECEPTOR; TYROSINE-PROTEIN KINASE CSK; CASEIN KINASE I ISOFORM ALPHA; CASEIN KINASE II SUBUNIT ALPHA; CASEIN KINASE II SUBUNIT ALPHA'; DEATH-ASSOCIATED PROTEIN KINASE 1; DEATH-ASSOCIATED PROTEIN KINASE 2; DEATH-ASSOCIATED PROTEIN KINASE 3; SERINE/THREONINE-PROTEIN KINASE DCLK1; SERINE/THREONINE-PROTEIN KINASE DCLK2; SERINE/THREONINE-PROTEIN KINASE DCLK3; EPITHELIAL DISCOIDIN DOMAIN-CONTAINING RECEPTOR 1; DISCOIDIN DOMAIN-CONTAINING RECEPTOR 2; DUAL SPECIFICITY TYROSINE-PHOSPHORYLATION-REGULATED KINASE 1A; DUAL SPECIFICITY TYROSINE-PHOSPHORYLATION-REGULATED KINASE 1B; EPIDERMAL GROWTH FACTOR RECEPTOR; EUKARYOTIC TRANSLATION INITIATION FACTOR 2-ALPHA KINASE 1; INTERFERON-INDUCED, DOUBLE-STRANDED RNA-ACTIVATED PROTEIN KINASE; EIF-2-ALPHA KINASE GCN2; EPHRIN TYPE-A RECEPTOR 1; EPHRIN TYPE-A RECEPTOR 2; EPHRIN TYPE-A RECEPTOR 3; EPHRIN TYPE-A RECEPTOR 4; EPHRIN TYPE-A RECEPTOR 5; EPHRIN TYPE-A RECEPTOR 6; EPHRIN TYPE-A RECEPTOR 7; EPHRIN TYPE-A RECEPTOR 8; EPHRIN TYPE-B RECEPTOR 1; EPHRIN TYPE-B RECEPTOR 2; EPHRIN TYPE-B RECEPTOR 4; EPHRIN TYPE-B RECEPTOR 6; RECEPTOR TYROSINE-PROTEIN KINASE ERBB-2; RECEPTOR TYROSINE-PROTEIN KINASE ERBB-4; SERINE/THREONINE-PROTEIN KINASE/ENDORIBONUCLEASE IRE1; TYROSINE-PROTEIN KINASE FER; TYROSINE-PROTEIN KINASE FES/FPS; FIBROBLAST GROWTH FACTOR RECEPTOR 1; FIBROBLAST GROWTH FACTOR RECEPTOR 2; FIBROBLAST GROWTH FACTOR RECEPTOR 3; TYROSINE-PROTEIN KINASE FGR; VASCULAR ENDOTHELIAL GROWTH FACTOR RECEPTOR 1; RECEPTOR-TYPE TYROSINE-PROTEIN KINASE FLT3; VASCULAR ENDOTHELIAL GROWTH FACTOR RECEPTOR 3; SERINE/THREONINE-PROTEIN KINASE MTOR; TYROSINE-PROTEIN KINASE FRK; TYROSINE-PROTEIN KINASE FYN; CYCLIN-G-ASSOCIATED KINASE; GLYCOGEN SYNTHASE KINASE-3 ALPHA; GLYCOGEN SYNTHASE KINASE-3 BETA; TYROSINE-PROTEIN KINASE HCK; HOMEODOMAIN-INTERACTING PROTEIN KINASE 2; HOMEODOMAIN-INTERACTING PROTEIN KINASE 3; SERINE/THREONINE-PROTEIN KINASE ICK; INHIBITOR OF NUCLEAR FACTOR KAPPA-B KINASE SUBUNIT BETA; INHIBITOR OF NUCLEAR FACTOR KAPPA-B KINASE SUBUNIT EPSILON; INSULIN RECEPTOR; INSULIN RECEPTOR-RELATED PROTEIN; INTERLEUKIN-1 RECEPTOR-ASSOCIATED KINASE 1; INTERLEUKIN-1 RECEPTOR-ASSOCIATED KINASE 3; INTERLEUKIN-1 RECEPTOR-ASSOCIATED KINASE 4; TYROSINE-PROTEIN KINASE ITK/TSK; TYROSINE-PROTEIN KINASE JAK2; TYROSINE-PROTEIN KINASE JAK3; VASCULAR ENDOTHELIAL GROWTH FACTOR RECEPTOR 2; SERINE/THREONINE-PROTEIN KINASE SIK3; MAST/STEM CELL GROWTH FACTOR RECEPTOR KIT; SERINE/THREONINE-PROTEIN KINASE LATS1; TYROSINE-PROTEIN KINASE LCK; LIM DOMAIN KINASE 1; LIM DOMAIN KINASE 2; LEUCINE-RICH REPEAT SERINE/THREONINE-PROTEIN KINASE 2; LEUKOCYTE TYROSINE KINASE RECEPTOR; TYROSINE-PROTEIN KINASE LYN; DUAL SPECIFICITY MITOGEN-ACTIVATED PROTEIN KINASE KINASE 2; DUAL SPECIFICITY MITOGEN-ACTIVATED PROTEIN KINASE KINASE 3; DUAL SPECIFICITY MITOGEN-ACTIVATED PROTEIN KINASE KINASE 5; DUAL SPECIFICITY MITOGEN-ACTIVATED PROTEIN KINASE KINASE 6; MITOGEN-ACTIVATED PROTEIN KINASE KINASE KINASE 1; MITOGEN-ACTIVATED PROTEIN KINASE KINASE KINASE 10; MITOGEN-ACTIVATED PROTEIN KINASE KINASE KINASE 11; MITOGEN-ACTIVATED PROTEIN KINASE KINASE KINASE 12; MITOGEN-ACTIVATED PROTEIN KINASE KINASE KINASE 13; MITOGEN-ACTIVATED PROTEIN KINASE KINASE KINASE 15; MITOGEN-ACTIVATED PROTEIN KINASE KINASE KINASE 2; MITOGEN-ACTIVATED PROTEIN KINASE KINASE KINASE 3; MITOGEN-ACTIVATED PROTEIN KINASE KINASE KINASE 4; MITOGEN-ACTIVATED PROTEIN KINASE KINASE KINASE 6; MITOGEN-ACTIVATED PROTEIN KINASE KINASE KINASE 9; MITOGEN-ACTIVATED PROTEIN KINASE KINASE KINASE KINASE 1; MITOGEN-ACTIVATED PROTEIN KINASE KINASE KINASE KINASE 2; MITOGEN-ACTIVATED PROTEIN KINASE KINASE KINASE KINASE 3; MITOGEN-ACTIVATED PROTEIN KINASE KINASE KINASE KINASE 4; MITOGEN-ACTIVATED PROTEIN KINASE KINASE KINASE KINASE 5; MITOGEN-ACTIVATED PROTEIN KINASE 10; MITOGEN-ACTIVATED PROTEIN KINASE 13; MITOGEN-ACTIVATED PROTEIN KINASE 14; MITOGEN-ACTIVATED PROTEIN KINASE 15; MITOGEN-ACTIVATED PROTEIN KINASE 4; MITOGEN-ACTIVATED PROTEIN KINASE 7; MITOGEN-ACTIVATED PROTEIN KINASE 9; MAP KINASE-ACTIVATED PROTEIN KINASE 5; SERINE/THREONINE-PROTEIN KINASE MARK1; SERINE/THREONINE-PROTEIN KINASE MARK2; MAP/MICROTUBULE AFFINITY-REGULATING KINASE 3; MAP/MICROTUBULE AFFINITY-REGULATING KINASE 4; CLIP-ASSOCIATING PROTEIN 1; MICROTUBULE-ASSOCIATED SERINE/THREONINE-PROTEIN KINASE 1; MEGAKARYOCYTE-ASSOCIATED TYROSINE-PROTEIN KINASE; MATERNAL EMBRYONIC LEUCINE ZIPPER KINASE; TYROSINE-PROTEIN KINASE MER; MISSHAPEN-LIKE KINASE 1; MAP KINASE-INTERACTING SERINE/THREONINE-PROTEIN KINASE 1; MAP KINASE-INTERACTING SERINE/THREONINE-PROTEIN KINASE 2; MACROPHAGE-STIMULATING PROTEIN RECEPTOR; MUSCLE, SKELETAL RECEPTOR TYROSINE-PROTEIN KINASE; MYOSIN LIGHT CHAIN KINASE, SMOOTH MUSCLE; MYOSIN LIGHT CHAIN KINASE 2, SKELETAL/CARDIAC MUSCLE; MYOSIN LIGHT CHAIN KINASE 3; MYOSIN LIGHT CHAIN KINASE FAMILY MEMBER 4; MYOSIN-IIIA; SERINE/THREONINE-PROTEIN KINASE NEK1; SERINE/THREONINE-PROTEIN KINASE NEK11; SERINE/THREONINE-PROTEIN KINASE NEK2; SERINE/THREONINE-PROTEIN KINASE NEK3; SERINE/THREONINE-PROTEIN KINASE NEK4; SERINE/THREONINE-PROTEIN KINASE NEK5; SERINE/THREONINE-PROTEIN KINASE NEK9; HIGH AFFINITY NERVE GROWTH FACTOR RECEPTOR; BDNF/NT-3 GROWTH FACTORS RECEPTOR; NT-3 GROWTH FACTOR RECEPTOR; NUAK FAMILY SNF1-LIKE KINASE 1; NUAK FAMILY SNF1-LIKE KINASE 2; SERINE/THREONINE-PROTEIN KINASE OSR1; SERINE/THREONINE-PROTEIN KINASE PAK 1; SERINE/THREONINE-PROTEIN KINASE PAK 2; SERINE/THREONINE-PROTEIN KINASE PAK 3; SERINE/THREONINE-PROTEIN KINASE PAK 4; SERINE/THREONINE-PROTEIN KINASE PAK 6; SERINE/THREONINE-PROTEIN KINASE PAK 5; CYCLIN-DEPENDENT KINASE 16; CYCLIN-DEPENDENT KINASE 17; PLATELET-DERIVED GROWTH FACTOR RECEPTOR ALPHA; PLATELET-DERIVED GROWTH FACTOR RECEPTOR BETA; 3-PHOSPHOINOSITIDE-DEPENDENT PROTEIN KINASE 1; CYCLIN-DEPENDENT KINASE 15; PHOSPHORYLASE B KINASE GAMMA CATALYTIC CHAIN, SKELETAL MUSCLE/HEART ISOFORM; PHOSPHATIDYLINOSITOL 4-KINASE BETA; PHOSPHATIDYLINOSITOL 4-PHOSPHATE 3-KINASE C2 DOMAIN-CONTAINING SUBUNIT BETA; PHOSPHATIDYLINOSITOL 3-KINASE C2 DOMAIN-CONTAINING SUBUNIT GAMMA; PHOSPHATIDYLINOSITOL 4,5-BISPHOSPHATE 3-KINASE CATALYTIC SUBUNIT DELTA ISOFORM; PHOSPHATIDYLINOSITOL 4,5-BISPHOSPHATE 3-KINASE CATALYTIC SUBUNIT GAMMA ISOFORM; SERINE/THREONINE-PROTEIN KINASE PIM-1; SERINE/THREONINE-PROTEIN KINASE PIM-3; PHOSPHATIDYLINOSITOL 5-PHOSPHATE 4-KINASE TYPE-2 BETA; PHOSPHATIDYLINOSITOL 5-PHOSPHATE 4-KINASE TYPE-2 GAMMA; MEMBRANE-ASSOCIATED TYROSINE- AND THREONINE-SPECIFIC CDC2-INHIBITORY KINASE; SERINE/THREONINE-PROTEIN KINASE N1; SERINE/THREONINE-PROTEIN KINASE N2; SERINE/THREONINE-PROTEIN KINASE PLK1; SERINE/THREONINE-PROTEIN KINASE PLK2; SERINE/THREONINE-PROTEIN KINASE PLK3; SERINE/THREONINE-PROTEIN KINASE PLK4; 5'-AMP-ACTIVATED PROTEIN KINASE CATALYTIC SUBUNIT ALPHA-1; 5'-AMP-ACTIVATED PROTEIN KINASE; CAMP-DEPENDENT PROTEIN KINASE CATALYTIC SUBUNIT BETA; PROTEIN KINASE C DELTA TYPE; PROTEIN KINASE C EPSILON TYPE; PROTEIN KINASE C GAMMA TYPE; PROTEIN KINASE C IOTA TYPE; PROTEIN KINASE C THETA TYPE; SERINE/THREONINE-PROTEIN KINASE D1; CGMP-DEPENDENT PROTEIN KINASE 2; SERINE/THREONINE-PROTEIN KINASE PRP4 HOMOLOG; FOCAL ADHESION KINASE 1; PROTEIN-TYROSINE KINASE 2-BETA; PROTEIN-TYROSINE KINASE 6; RAF PROTO-ONCOGENE SERINE/THREONINE-PROTEIN KINASE; PROTO-ONCOGENE TYROSINE-PROTEIN KINASE RECEPTOR RET; SERINE/THREONINE-PROTEIN KINASE RIO1; SERINE/THREONINE-PROTEIN KINASE RIO2; SERINE/THREONINE-PROTEIN KINASE RIO3; RECEPTOR-INTERACTING SERINE/THREONINE-PROTEIN KINASE 1; RECEPTOR-INTERACTING SERINE/THREONINE-PROTEIN KINASE 2; RECEPTOR-INTERACTING SERINE/THREONINE-PROTEIN KINASE 4; RHO-ASSOCIATED PROTEIN KINASE 2; PROTO-ONCOGENE TYROSINE-PROTEIN KINASE ROS; RIBOSOMAL PROTEIN S6 KINASE ALPHA-1; RIBOSOMAL PROTEIN S6 KINASE ALPHA-3; SERINE/THREONINE-PROTEIN KINASE SBK1; UNCHARACTERIZED SERINE/THREONINE-PROTEIN KINASE SBK3; SERINE/THREONINE-PROTEIN KINASE SGK3; SERINE/THREONINE-PROTEIN KINASE SIK1; SERINE/THREONINE-PROTEIN KINASE SIK2; STE20-LIKE SERINE/THREONINE-PROTEIN KINASE; SNF-RELATED SERINE/THREONINE-PROTEIN KINASE; PROTO-ONCOGENE TYROSINE-PROTEIN KINASE SRC; TYROSINE-PROTEIN KINASE SRMS; SERINE/THREONINE-PROTEIN KINASE 10; SERINE/THREONINE-PROTEIN KINASE 16; SERINE/THREONINE-PROTEIN KINASE 17A; SERINE/THREONINE-PROTEIN KINASE 17B; SERINE/THREONINE-PROTEIN KINASE 32A",ADENOSINE RECEPTOR A3,ADORA3,ADENOSINE A3 RECEPTOR,INDIRECT,Cytochrome P450 3A4; UDP-glucuronosyltransferase 1A9,Broad substrate specificity ATP-binding cassette transporter ABCG2; ATP-binding cassette sub-family B member 5,,B02BX09,CAS: 901119-35-5,C2713632
DB12203,Tozadenant,Tozadenant has been investigated for the basic science of Cocaine Dependence.,small molecule,investigational,,,,ADENOSINE RECEPTOR A2A,ADENOSINE RECEPTOR A2A,ADORA2A,ADENOSINE A2A RECEPTOR,INDIRECT,,,,,CAS: 870070-55-6,
DB12278,Propiverine,"Propiverine is a widely used antimuscarinic drug with a mixed mode of action in the treatment of symptoms associated with overactive bladder (OAB) [A32576].

Overactive bladder (OAB) is a chronic condition of the lower urinary tract characterized by urinary urgency, increased frequency of urination, and nocturia (frequent waking during the night to urinate). OAB has a negative impact on quality of life and may lead to leakage and inconvenient urinary accidents [L2327], [L2328]. Overactive bladder syndrome affects millions of elderly individuals in the United States and shows equal prevalence in men and women. The impact of OAB on quality of life is sometimes devastating, especially to elderly patients with other medical conditions [L2328].

Propiverine hydrochloride is a bladder detrusor muscle relaxant drug with dual antimuscarinic and calcium-modulating properties for the treatment of OAB [L2317].",small molecule,approved; investigational,Indicated for symptomatic treatment of urinary incontinence and/or increased urinary frequency and urgency in patients with overactive bladder (OAB) [L2315].  Propiverine may also be used in patients with neurogenic bladder as a result of spinal cord injury [A32581].,"
Propiverine hydrochloride inhibits abnormal contractions of bladder smooth muscle in vivo through not only its anticholinergic activity but also its concurrent calcium antagonistic activity [L2319].  Through the above-mentioned mechanism, propiverine is able to relieve the symptoms of overactive bladder.

In animal models, this administration of this drug leads to a dose-dependent decrease in intravesical pressure of the bladder and an increase in bladder capacity [L2315]. In patients with symptoms of OAB resulting from idiopathic detrusor muscle overactivity (IDO) or neurogenic detrusor overactivity (NDO), propiverine showed dose-dependent efficacy and tolerability [A32576].","Propiverine demonstrates both anticholinergic and calcium-modulating properties. The efferent connection of the pelvic nerve is inhibited due to the anticholinergic action exerted by this drug, leading to relaxation of bladder smooth muscle. Propiverine blocks calcium ion influx and modulates the intracellular calcium in urinary bladder smooth muscle cells, resulting in the inhibition of muscle spasm [L2315].  The bladder contains several muscarinic receptors. Acetylcholine is the main contractile neurotransmitter in the human bladder detrusor muscle, and antimuscarinics such as propiverine exert their effects by competitively inhibiting the binding of acetylcholine at muscarinic receptors on detrusor smooth muscle cells and other structures within the bladder wall [L2332]. In one study, After oral treatment with propiverine, the bladder showed the highest concentration of M-2, indicating a targeted distribution of this metabolite into the bladder. Therefore, muscarinic receptor-2 may highly contribute to the relatively selective and long-lasting occupation of bladder muscarinic receptors after oral ingestion of propiverine [L2334].",MUSCARINIC ACETYLCHOLINE RECEPTOR M1; MUSCARINIC ACETYLCHOLINE RECEPTOR M2; MUSCARINIC ACETYLCHOLINE RECEPTOR M3; MUSCARINIC ACETYLCHOLINE RECEPTOR M5; VOLTAGE-DEPENDENT L-TYPE CALCIUM CHANNEL SUBUNIT ALPHA-1C; ALPHA-1A ADRENERGIC RECEPTOR; MUSCARINIC ACETYLCHOLINE RECEPTOR M4,MUSCARINIC ACETYLCHOLINE RECEPTOR M3,CHRM3,CHOLINERGIC RECEPTOR MUSCARINIC 3,INDIRECT,Cytochrome P450 3A4; Flavin-containing monooxygenase 1; Flavin-containing monooxygenase 3,,,G04BD06,CAS: 60569-19-9,C0138666
DB12295,Evodenoson,Evodenoson has been used in trials studying the treatment of Open-angle Glaucoma and Ocular Hypertension.,small molecule,investigational,,,,ADENOSINE RECEPTOR A2A,ADENOSINE RECEPTOR A2A,ADORA2A,ADENOSINE A2A RECEPTOR,INDIRECT,,,,,CAS: 844873-47-8,C4519104
DB12306,Cipargamin,"Cipargamin has been used in trials studying the treatment of Malaria, Cure Rate, and Plasmodium Falciparum Malaria.",small molecule,investigational,,,,ADENOSINE RECEPTOR A3; VOLTAGE-GATED INWARDLY RECTIFYING POTASSIUM CHANNEL KCNH2,ADENOSINE RECEPTOR A3,ADORA3,ADENOSINE A3 RECEPTOR,INDIRECT,,,,,CAS: 1193314-23-6,C3852695
DB12443,Sonedenoson,"Sonedenoson has been used in trials studying the treatment of Foot Ulcer, Diabetic and Diabetes Complications.",small molecule,investigational,,,,ADENOSINE RECEPTOR A2A,ADENOSINE RECEPTOR A2A,ADORA2A,ADENOSINE A2A RECEPTOR,INDIRECT,,,,,CAS: 131865-88-8,C1260028
DB12569,Tonapofylline,"Tonapofylline has been used in trials studying the treatment of Heart Failure, Renal Insufficiency, and Congestive Heart Failure.",small molecule,investigational,,,Stimulation of A1 adenosine receptors in the kidney reduces glomerular filtration rate (GFR) via tubuloglomerular feedback and increases sodium reabsorption. Blocking A1 adenosine receptors would therefore maintain GFR and cause natriuresis. Tonapofylline is a xanthine derivative that binds with high affinity to A1 adenosine receptors from several species including human and acts as a competitive antagonist at these receptors.,ADENOSINE RECEPTOR A1; ADENOSINE RECEPTOR A2A; ADENOSINE RECEPTOR A3; ADENOSINE RECEPTOR A2B,ADENOSINE RECEPTOR A2A,ADORA2A,ADENOSINE A2A RECEPTOR,INDIRECT,,,,,CAS: 340021-17-2,
DB12691,UK-432097,"UK-432,097 has been used in trials studying the treatment of Pulmonary Disease, Chronic Obstructive.",small molecule,investigational,,,,ADENOSINE RECEPTOR A2A,ADENOSINE RECEPTOR A2A,ADORA2A,ADENOSINE A2A RECEPTOR,INDIRECT,,,,,CAS: 380221-63-6,C3180872
DB12885,Namodenoson,Namodenoson has been used in trials studying the treatment of Chronic Hepatitis C and Hepatocellular Carcinoma.,small molecule,investigational,,,,ADENOSINE RECEPTOR A3,ADENOSINE RECEPTOR A3,ADORA3,ADENOSINE A3 RECEPTOR,INDIRECT,,,,,CAS: 163042-96-4,C0289969
DB12919,T-62,T-62 has been used in trials studying the treatment of Postherpetic Neuralgia.,small molecule,investigational,,,,ADENOSINE RECEPTOR A2A,ADENOSINE RECEPTOR A2A,ADORA2A,ADENOSINE A2A RECEPTOR,INDIRECT,,,,,CAS: 40312-34-3,
DB12946,DPCPX,CPX has been used in trials studying the treatment of Cystic Fibrosis.,small molecule,investigational,,,,ADENOSINE RECEPTOR A3; ADENOSINE RECEPTOR A1; ADENOSINE RECEPTOR A2A; ADENOSINE RECEPTOR A2B; 5'-NUCLEOTIDASE,ADENOSINE RECEPTOR A3,ADORA3,ADENOSINE A3 RECEPTOR,INDIRECT,,,,,CAS: 102146-07-6,C0088321
DB13262,Aceclidine,Aceclidine has been marketed in Europe but has not been used clinically in the United States. It is used in the treatment of open-angle glaucoma and is a parasympathomimetic agent.,small molecule,approved,,,,MUSCARINIC ACETYLCHOLINE RECEPTOR M5; MUSCARINIC ACETYLCHOLINE RECEPTOR M4; MUSCARINIC ACETYLCHOLINE RECEPTOR M3; MUSCARINIC ACETYLCHOLINE RECEPTOR M1; MUSCARINIC ACETYLCHOLINE RECEPTOR M2,MUSCARINIC ACETYLCHOLINE RECEPTOR M3,CHRM3,CHOLINERGIC RECEPTOR MUSCARINIC 3,INDIRECT,,,,S01EB58; S01EB08,CAS: 827-61-2,C0000948
DB13581,Rociverine,,small molecule,experimental,,,,MUSCARINIC ACETYLCHOLINE RECEPTOR M1; MUSCARINIC ACETYLCHOLINE RECEPTOR M2; MUSCARINIC ACETYLCHOLINE RECEPTOR M3; MUSCARINIC ACETYLCHOLINE RECEPTOR M4; MUSCARINIC ACETYLCHOLINE RECEPTOR M5,MUSCARINIC ACETYLCHOLINE RECEPTOR M3,CHRM3,CHOLINERGIC RECEPTOR MUSCARINIC 3,INDIRECT,,,,A03AA06,CAS: 53716-44-2,
DB13688,Drisapersen,,small molecule,experimental; investigational; withdrawn,,,,DYSTROPHIN,DYSTROPHIN,DMD,"DYSTROPHIN (MUSCULAR DYSTROPHY, DUCHENNE AND BECKER TYPES)",INDIRECT,,,,M09AX04,CAS: 1251830-50-8,C3886496
DB13720,Diphemanil,,small molecule,approved; vet_approved; withdrawn,"Used in the treatment of peptic ulcer, gastric hyperacidity, and hypermotility in gastritis and pylorospasm, and in the treatment of hyperhidrosis (excessive perspiration).",Diphemanil Methylsulfate is a quaternary ammonium anticholinergic. It binds muscarinic acetycholine receptors and thereby decreases secretory excretion of stomach acids as well as saliva and sweat.,"Diphemanil Methylsulfate exerts its action by primarily binding the muscarinic M3 receptor. M3 receptors are located in the smooth muscles of the blood vessels, as well as in the lungs. This means they cause vasodilation and bronchoconstriction. They are also in the smooth muscles of the gastrointestinal tract (GIT), which help in increasing intestinal motility and dilating sphincters. The M3 receptors are also located in many glands which help to stimulate secretion in salivary glands and other glands of the body.",MUSCARINIC ACETYLCHOLINE RECEPTOR M3; MUSCARINIC ACETYLCHOLINE RECEPTOR M1,MUSCARINIC ACETYLCHOLINE RECEPTOR M3,CHRM3,CHOLINERGIC RECEPTOR MUSCARINIC 3,INDIRECT,,,,A03CA08; A03AB15,CAS: 15394-62-4,C0301371
DB13793,Vinburnine,,small molecule,experimental,,,,MUSCARINIC ACETYLCHOLINE RECEPTOR M3,MUSCARINIC ACETYLCHOLINE RECEPTOR M3,CHRM3,CHOLINERGIC RECEPTOR MUSCARINIC 3,INDIRECT,,,,C04AX17,CAS: 4880-88-0,C0148398
DB14132,8-chlorotheophylline,"8-Chlorotheophylline is a stimulant drug of the xanthine chemical class, with physiological effects similar to caffeine. Its main use is in combination with [Diphenhydramine] as the antiemetic drug [Dimenhydrinate]. The stimulant properties of 8-chlorotheophylline are thought to ward off the drowsiness caused by diphenhydramine's anti-histamine activity in the central nervous system. 

8-chlorotheophylline produces a number of effects including nervousness, restlessness, insomnia, headache, and nausea, which are primarily attributed to its ability to block the adenosine receptor [A33889, A1539]. Because adenosine causes a decrease in neuronal firing, blockade of the adenosine receptor causes the reverse effect resulting in excitation.",small molecule,experimental,"When used in combination with [DB01075] as the antiemetic [DB00985], 8-chlorotheophylline  is indicated for the prevention and treatment of nausea, vomiting, or vertigo of motion sickness.",,"8-chlorotheophylline produces a number of effects including nervousness, restlessness, insomnia, headache, and nausea, which are primarily attributed to its ability to block the adenosine receptor [A33889, A1539]. Because adenosine causes a decrease in neuronal firing, blockade of the adenosine receptor causes the reverse effect resulting in excitation.",ADENOSINE RECEPTOR A2A,ADENOSINE RECEPTOR A2A,ADORA2A,ADENOSINE A2A RECEPTOR,INDIRECT,Cytochrome P450 1A2,,,,CAS: 85-18-7,C0772197
DB14185,Aripiprazole lauroxil,"Aripiprazole lauroxil is a long-acting injectable atypical antipsychotic drug used in the treatment of schizophrenia in adult patients. It is a prodrug of [aripiprazole], which acts as a partial agonist at the D2 and 5-HT1A receptors, and as an antagonist at the 5-HT2A receptors [A34289]. 

Affecting about 1% of the adult population in the United States and approximately 26 million people worldwide, schizophrenia is a chronic neurological disorder that may result in impairments in cognition and executive functions [A34289]. The quality of life in patients is greatly reduced due to negative health outcomes, and oftentimes the patients are faced with social stigma and discriminations. Schizophrenia is characterized by positive symptoms such as delusions, hallucinations, thought disorders, and catanoia, and negative symptoms that include social withdrawal, anhedonia, and flattening of emotional responses [T28]. D2 receptors have been the most common target for antipsychotic agents used in the treatment of schizophrenia: the positive symptoms are thought to arise from overactivity in the mesolimbic dopaminergic pathway activating D2 receptors, whereas  negative symptoms may result from a decreased activity in the mesocortical dopaminergic pathway with D1 receptors predominating [T28]. In a randomized, double-blind clinical trial, treatment of aripiprazole lauroxil in adult patients with schizophrenia resulted in improvement of positive and negative symptoms scores at day 85 of treatment [A34289, A34301]. 

Aripiprazole lauroxil was initially approved by the FDA in October 2015 under the market name Aristada for the treatment of schizophrenia. It is administered via intramuscular injection, and requires the establishment of tolerability prior to dosing in treatment-naïve patients [FDA Label]. On July 2nd, a different formulation of aripiprazole lauroxil marketed as Aristada Initio was FDA-approved for immediate initiation of Aristada at any dose. The patients may receive Aristada Initio in combination with a single 30 mg oral dose of aripiprazole to achieve appropriate levels of aripiprazole more rapidly. Long-acting injectable aripiprazole lauroxil displayed comparable efficacy and safety to aripiprazole [A34301], and reduced dosing frequency improves patient adherence.",small molecule,approved; investigational,Aripiprazole lauroxil is indicated for the treatment of schizophrenia and related psychotic disorders.,"Aripiprazole, which is a major pharmacological metabolite of aripiprazole lauroxil, serves to improve the positive and negative symptoms of schizophrenia by modulating dopaminergic signalling pathways. Aripiprazole lauroxil is reported to have minimal effects on sexual function or prolactin levels [T28]. ","The pharmacological activity of aripiprazole lauroxil is thought to be mainly mediated by its metabolite aripiprazole, and to a lesser extent, dehydro-aripiprazole. Aripiprazole functions as a partial agonist at the dopamine D2 and the serotonin 5-HT1A receptors, and as an antagonist at the serotonin 5-HT2A receptor [FDA Label]. The desired outcome of antipsuchotic agents in schizophrenia is to inhibit dopaminergic transmission in the limbic system and enhance dopaminergic transmission in the prefrontal cortex. As a partial agonist at D2 receptors in the mesolimbic dopaminergic pathway, aripiprazole acts as a functional antagonist in the mesolimbic dopamine pathway and reduces the extent of dopaminergic pathway activity. This results in reduced positive symptoms in schizophrenia and extrapyramidal motor side effects [A34403]. In contrast, aripiprazole is thought to act as a functional agonist in the mesocortical pathway, where reduced dopamine activity is seen in association with negative symptoms and cognitive impairment [A34403]. Antagonism at 5-HT2A receptors by aripiprazole alleviates the negative symptoms and cognitive impairment of schizophrenia [T28]. 5-HT2A receptors are Gi/Go-coupled that upon activation, produce neuronal inhibition via decreased neuronal excitability and decreased transmitter release at the nerve terminals. In the nigrostriatal pathway, 5-HT2A regulates the release of dopamine. Through antagonism of 5-HT2A receptors, aripiprazole disinhibits the release of dopamine in the striatum and enhance the levels of the transmitters at the nerve terminals [T28]. The combined effects of D2 and 5-HT2A antagonism are thought to counteract the increased dopamine function causing increased extrapyramidal side effects [T28]. Blocking 5-HT2A receptors may also lead to the modulation of glutamate release in the mesocortical circuit, which is a transmitter that plays a role in schizophrenia [A34403]. 5-HT1A receptors are autoreceptors that inhibit 5-HT release upon activation. Aripiprazole is a partial agonist at theses receptors and reduces 5-HT release; this results in potentiated dopamine release in the striatum and prefrontal cortex [T28]. It is reported that therapeutic doses of aripiprazole occupies up to 90% of brain D2 receptors in a dose-dependent manner [A4965]. 

Apripiprazole targets different receptors that lead to drug-related adverse reactions; for example, the antagonist activity at the alpha-1 adrenergic receptors results in orthostatic hypotension [A34289]. Aripiprazole's antagonism of histamine H1 receptors may explain the somnolence observed with this drug [A34289].",D(2) DOPAMINE RECEPTOR; 5-HYDROXYTRYPTAMINE RECEPTOR 1A; 5-HYDROXYTRYPTAMINE RECEPTOR 2A; 5-HYDROXYTRYPTAMINE RECEPTOR 1B; 5-HYDROXYTRYPTAMINE RECEPTOR 1D; 5-HYDROXYTRYPTAMINE RECEPTOR 1E; D(1A) DOPAMINE RECEPTOR; D(1B) DOPAMINE RECEPTOR; D(3) DOPAMINE RECEPTOR; D(4) DOPAMINE RECEPTOR; 5-HYDROXYTRYPTAMINE RECEPTOR 2C; 5-HYDROXYTRYPTAMINE RECEPTOR 3A; 5-HYDROXYTRYPTAMINE RECEPTOR 6; 5-HYDROXYTRYPTAMINE RECEPTOR 7; HISTAMINE H1 RECEPTOR; ALPHA-1A ADRENERGIC RECEPTOR; ALPHA-1B ADRENERGIC RECEPTOR; ALPHA-2A ADRENERGIC RECEPTOR; ALPHA-2B ADRENERGIC RECEPTOR; ALPHA-2C ADRENERGIC RECEPTOR; MUSCARINIC ACETYLCHOLINE RECEPTOR M1; MUSCARINIC ACETYLCHOLINE RECEPTOR M2; MUSCARINIC ACETYLCHOLINE RECEPTOR M3; MUSCARINIC ACETYLCHOLINE RECEPTOR M4; MUSCARINIC ACETYLCHOLINE RECEPTOR M5,MUSCARINIC ACETYLCHOLINE RECEPTOR M3,CHRM3,CHOLINERGIC RECEPTOR MUSCARINIC 3,INDIRECT,Cytochrome P450 3A4; Cytochrome P450 2D6; Cytochrome P450 3A5; Cytochrome P450 3A7,,,,CAS: 1259305-29-7,C0299792
DB15357,Xanomeline,"Schizophrenia is a complex disease involving a number of different neurotransmitters, including serotonin, dopamine, and acetylcholine.[A264509] Positive symptoms (e.g. hallucinations, delusions) have traditionally been attributed to increased dopaminergic activity in mesolimbic pathways, whereas negative symptoms (e.g. apathy, anhedonia) and cognitive impairment have been attributed to decreased dopaminergic activity in mesocortical pathways.[A264509] Positive symptoms of schizophrenia are more amenable to drug therapy, whereas negative symptoms and cognitive impairment have proven more difficult to treat.[A264509] Advances in pre-clinical research and findings in clinical trials have led to a resurgence of interest in the cognition-enhancing potential of muscarinic agonists in schizophrenia, as it was discovered that M1 and M4 muscarinic acetylcholine receptors are highly expressed in brain regions that are implicated in cognition.[A264514]

Xanomeline is a muscarinic agonist that was approved for the treatment of schizophrenia by the FDA in September 2024, becoming the first approved treatment for schizophrenia to target muscarinic receptors as opposed to dopamine receptors.[L51713] It is approved as part of a combination product alongside [trospium], a muscarinic antagonist that acts primarily on peripheral muscarinic receptors in order to mitigate the risk and severity of peripheral cholinergic adverse effects.[L51629]",small molecule,approved; investigational,Xanomeline is indicated in combination with [trospium] for the treatment of schizophrenia in adults.[L51629],,The efficacy of xanomeline in the treatment of schizophrenia is thought to be due to its agonist activity at muscarinic acetylcholine receptors M1 and M4 in the central nervous system.[L51629] It binds to muscarinic receptors M1 to M5 with comparable affinity and exhibits relatively higher agonist activity at the M1 and M4 receptors.[L51629],MUSCARINIC ACETYLCHOLINE RECEPTOR M1; MUSCARINIC ACETYLCHOLINE RECEPTOR M4; MUSCARINIC ACETYLCHOLINE RECEPTOR M2; MUSCARINIC ACETYLCHOLINE RECEPTOR M3; MUSCARINIC ACETYLCHOLINE RECEPTOR M5,MUSCARINIC ACETYLCHOLINE RECEPTOR M3,CHRM3,CHOLINERGIC RECEPTOR MUSCARINIC 3,INDIRECT,Cytochrome P450 2D6; Cytochrome P450 2B6; Cytochrome P450 1A2; Cytochrome P450 2C9; Cytochrome P450 2C19; Flavin-containing monooxygenase 1; Flavin-containing monooxygenase 3; Cytochrome P450 3A4,ATP-dependent translocase ABCB1,,,CAS: 131986-45-3,C0246836
DB15495,Rocaglamide,"Rocaglamide, also referred to as rocaglamide-A, is the eponymous member of a class of anti-cancer phytochemicals known as rocaglamides.[A186760] Rocaglamides are secondary metabolites of the plant genus _Aglaia_, and extracts of the plant have traditionally been used as a form of insect repellant due to its natural insecticidal properties.[A186796] Reports of _Aglaia_ anti-tumor activity date back as far as 1973, and rocaglamide-A was first isolated in 1982 from the species _A. elliptifolia_.[A186760] Rocaglamide and a number of its derivatives (e.g. [didesmethylrocaglamide]) are currently being studied for use as chemotherapeutic agents in the treatment of various leukemias, lymphomas, and carcinomas, as well as adjuvant therapy in the treatment of certain chemotherapy-resistant cancers.[A186781,A186784,A186799,A186766]",small molecule,experimental,,,"Rocaglamide’s anti-tumor activity is driven primarily via inhibition of protein synthesis in tumor cells.[A186760] Inhibition of protein synthesis is accomplished via inhibition of prohibitin 1 (PHB1) and prohibitin 2 (PHB2)[A186763] - these proteins are necessary in the proliferation of cancer cells and are implicated in the Ras-mediated CRaf-MEK-ERK signaling pathway responsible for phosphorylating eIF4E, a key factor in the initiation of protein synthesis.[A186763,A186760] The rocaglamide derivative silvestrol has also been observed to act directly on eIF4A, another translation initiation factor of the eIF4F complex ultimately responsible for initiation of protein synthesis.[A186766]

Inhibition of protein synthesis has a number of downstream effects. Many of the proteins that are down-regulated in response to protein synthesis inhibition in tumor cells are short-lived proteins responsible for regulation of the cell cycle, such as Cdc25A.[A186760] Cdc25A is an oncogene that can become overexpressed in certain cancers and lead to unchecked cell growth.[A186772] In addition to inhibiting its synthesis via the mechanism described above, rocaglamide promotes degradation of Cdc25A via activation of the ATM/ATR-Chk1/Chk2 checkpoint pathway[A186775]. This pathway is normally activated in response to DNA damage and serves to reduce the expression of proteins responsible for cell cycle progression, thereby inhibiting proliferation of damaged (i.e. tumour) cells. Rocaglamide’s inhibition of protein synthesis also appears to prevent the actions of the transcription factor heat shock factor 1 (HSF1), leading to an increased expression of thioredoxin-interacting protein (TXNIP) which is negatively regulated by HSF1.[A186778] TXNIP is a negative regulator of cell glucose uptake, and its increased expression blocks glucose uptake and consequently impairs the proliferation of malignant cells.[A186778]

Rocaglamide also appears to induce apoptosis in tumor cells via activation of the pro-apoptotic proteins p38 and JNK and inhibition of the anti-apoptotic Mcl-1 protein.[A186760] Similarly, it has been studied as an adjuvant in TRAIL-resistant cancers due to its ability to inhibit the synthesis of c-FLIP and IAP/XIAP - these anti-apoptotic proteins can become elevated in certain cancers, preventing the induction of apoptosis and resulting in resistance to TRAIL-based therapies.[A186781,A186784]",PROHIBITIN 1; TRANSCRIPTION FACTOR RELB; NUCLEAR FACTOR NF-KAPPA-B P100 SUBUNIT; TRANSCRIPTION FACTOR P65; PROTO-ONCOGENE C-REL; NUCLEAR FACTOR NF-KAPPA-B P105 SUBUNIT; PROHIBITIN-2,PROHIBITIN 1,PHB1,PROHIBITIN 1,INDIRECT,,,,,CAS: 84573-16-0,C0664962
DB15496,Didesmethylrocaglamide,"Didesmethylrocaglamide is a naturally-occurring derivative of [rocaglamide] and belongs to a class of anti-cancer phytochemicals referred to as ""rocaglamides"" derived from plants of the genus _Aglaia_.[A186760] While traditionally used for their insecticidal benefits,[A186796] this class of compounds is now being studied for use as chemotherapeutic agents in the treatment of various leukemias, lymphomas, and carcinomas.[A186802,A186763,A186781,A186784] Of the known derivatives of rocaglamide, didesmethylrocaglamide appears to carry the most potent anti-tumour activity.[A186802,A186805]",small molecule,experimental,,,"Little research has been conducted specifically regarding didesmethylrocaglamide, but its mechanism of action is likely to be congruent with the rest of the rocaglamide class.

Didesmethylrocaglamide’s anti-tumor activity, similar to other rocaglamide derivatives, is driven primarily via inhibition of protein synthesis in tumor cells.[A186760] Inhibition of protein synthesis is accomplished via inhibition of prohibitin 1 (PHB1) and prohibitin 2 (PHB2)[A186763] - these proteins are necessary in the proliferation of cancer cells and are implicated in the Ras-mediated CRaf-MEK-ERK signaling pathway responsible for phosphorylating eIF4E, a key factor in the initiation of protein synthesis.[A186763,A186760] There is also some evidence that rocaglamides can act directly on eIF4A, another translation initiation factor of the eIF4F complex ultimately responsible for initiation of protein synthesis.[A186766]

Inhibition of protein synthesis has a number of downstream effects. Many of the proteins that are down-regulated in response to protein synthesis inhibition in tumor cells are short-lived proteins responsible for regulation of the cell cycle, such as Cdc25A.[A186760] Cdc25A is an oncogene that can become overexpressed in certain cancers and lead to unchecked cell growth.[A186772] In addition to inhibiting its synthesis via the mechanism described above, rocaglamides promote degradation of Cdc25A via activation of the ATM/ATR-Chk1/Chk2 checkpoint pathway[A186775]. This pathway is normally activated in response to DNA damage and serves to reduce the expression of proteins responsible for cell cycle progression, thereby inhibiting proliferation of damaged (i.e. tumour) cells. Inhibition of protein synthesis also appears to prevent the actions of the transcription factor heat shock factor 1 (HSF1), leading to an increased expression of thioredoxin-interacting protein (TXNIP) which is negatively regulated by HSF1.[A186778] TXNIP is a negative regulator of cell glucose uptake, and its increased expression blocks glucose uptake and consequently impairs the proliferation of malignant cells.[A186778]

Rocaglamides also appear to induce apoptosis in tumor cells via activation of the pro-apoptotic proteins p38 and JNK and inhibition of the anti-apoptotic Mcl-1 protein.[A186760] Similarly, they have been studied as an adjuvant in TRAIL-resistant cancers due to their ability to inhibit the synthesis of c-FLIP and IAP/XIAP - these anti-apoptotic proteins can become elevated in certain cancers, preventing the induction of apoptosis and resulting in resistance to TRAIL-based therapies.[A186781,A186784]",PROHIBITIN 1; PROHIBITIN-2,PROHIBITIN 1,PHB1,PROHIBITIN 1,INDIRECT,,,,,,
DB15593,Golodirsen,"Golodirsen is a morpholino antisense oligomer designed to treat about 8% of patients with Duchenne Muscular Dystrophy (DMD). This is an X-linked condition leading to progressive muscle degeneration that begins in early childhood, rendering many patients wheelchair-bound by age 12. Often, patients succumb to this condition by age 30 or younger due to cardiac and respiratory complications.[A188580,T756] A similar drug used in the treatment of other types of DMD is [eteplirsen], which targets a different genetic mutation.[L10773]

Golodirsen was developed by Sarepta Therapeutics and granted accelerated FDA approval on December 12, 2019 due to the urgent need for this drug in patients suffering from a certain form of DMD. Continued approval of this drug will depend on the results of clinical trials that confirm its clinical benefit.[L10755,L10758] Golodirsen was initially rejected for FDA approval over concerns about its potential renal toxicity, however, clinical trials did not show significant toxicity.[L10755]",biotech,approved,"Golodirsen is indicated to treat Duchenne muscular dystrophy (DMD) in patients with a confirmed mutation of the DMD gene that would benefit from exon 53 skipping. Continued FDA approval of this drug is contingent upon the results of clinical trials to confirm its benefit.[L10755,L10758]","Golodirsen masks genetic mutations that result in a cascade of events which treat Duchenne Muscular Dystrophy in about 8% of patients. Golodirsen indirectly induces the production of dystrophin, an important protein for muscle function.[A188577,L10755,L10764] It is not yet confirmed whether motor function is improved by golodirsen, however, clinical trials are underway to examine its clinical benefits.[L10755]  

**A note on nephrotoxicity**

Though clinical trials have not yet confirmed that golodirsen is nephrotoxic, other morpholino antisense oligonucleotides have been known to cause nephrotoxicity. Ensure to monitor renal function during golodirsen therapy.[L10755]","The hallmark of Duchenne Muscular Dystrophy is the absence of the important muscle stabilizing protein, dystrophin, that is caused by a deletion mutation on the DMD (dystrophin) gene.[T756] This results in the production of a non-functional protein.[L10764] Lack of dystrophin protein leads to progressive muscle weakness and degeneration.[A179449] 

Golodirsen binds to exon 53 of dystrophin pre-mRNA on the DMD gene, excluding this protein coding unit during mRNA processing.[L10758,L10764] The exclusion (or skipping) of exon 53 by golodirsen has the end result of changing out-of-frame mRNA to in-frame mRNA, inducing the production of dystrophin. The production of an imperfect dystrophin protein induced by golodirsen likely leads to a less severe condition, Becker Muscular Dystrophy (BMD), characterized by the production of a truncated dystrophin protein.[A188730,L10758] Patients with BMD generally can expect a longer lifespan and improved quality of life.[A188727,L10758]
",DYSTROPHIN,DYSTROPHIN,DMD,"DYSTROPHIN (MUSCULAR DYSTROPHY, DUCHENNE AND BECKER TYPES)",INDIRECT,,,,M09AX08,CAS: 1422959-91-8,C5222004
DB15954,Strychnine,,small molecule,experimental,,,,GLYCINE RECEPTOR SUBUNIT ALPHA-1; GLYCINE RECEPTOR SUBUNIT ALPHA-2; GLYCINE RECEPTOR SUBUNIT ALPHA-3; GLYCINE RECEPTOR SUBUNIT BETA,GLYCINE RECEPTOR SUBUNIT ALPHA-2,GLRA2,"GLYCINE RECEPTOR, ALPHA 2",INDIRECT,,,,,CAS: 57-24-9,C0202474
DB16125,Ciforadenant,"Ciforadenant is under investigation in clinical trial NCT02253745 (Safety, Tolerability, PK & Efficacy of V81444 in Volunteers With Attention Deficit/ Hyperactivity Disorder (ADHD)).",small molecule,investigational,,,,ADENOSINE RECEPTOR A2A,ADENOSINE RECEPTOR A2A,ADORA2A,ADENOSINE A2A RECEPTOR,INDIRECT,,,,,CAS: 1202402-40-1,C4724815
DB16192,Imaradenant,Imaradenant is under investigation in clinical trial NCT03381274 (Oleclumab (MEDI9447) Egfrm NSCLC Novel Combination Study).,small molecule,investigational,,,,ADENOSINE RECEPTOR A2A,ADENOSINE RECEPTOR A2A,ADORA2A,ADENOSINE A2A RECEPTOR,INDIRECT,,,,,CAS: 1321514-06-0,C5418239
DB17080,KW-6356,KW-6356 is a selective antagonist of adenosine A2A receptors developed by Kyowa Kirin.[L43822],small molecule,experimental,,,,ADENOSINE RECEPTOR A2A,ADENOSINE RECEPTOR A2A,ADORA2A,ADENOSINE A2A RECEPTOR,INDIRECT,,,,,,
DB17506,Etrumadenant,,small molecule,investigational,,,,ADENOSINE RECEPTOR A2A; ADENOSINE RECEPTOR A2B,ADENOSINE RECEPTOR A2A,ADORA2A,ADENOSINE A2A RECEPTOR,INDIRECT,,,,,CAS: 2239273-34-6,C5446344
DB18810,Tarafenacin,,small molecule,investigational,,,,MUSCARINIC ACETYLCHOLINE RECEPTOR M3,MUSCARINIC ACETYLCHOLINE RECEPTOR M3,CHRM3,CHOLINERGIC RECEPTOR MUSCARINIC 3,INDIRECT,,,,,CAS: 385367-47-5,C2981315
DB18811,Taminadenant,,small molecule,investigational,,,,ADENOSINE RECEPTOR A2A,ADENOSINE RECEPTOR A2A,ADORA2A,ADENOSINE A2A RECEPTOR,INDIRECT,,,,,CAS: 1337962-47-6,C5235379
DB19129,Inupadenant,Inupadenant is under investigation in clinical trial NCT05060432 (Study of EOS-448 With Standard of Care And/or Investigational Therapies in Participants With Advanced Solid Tumors).,small molecule,investigational,,,,ADENOSINE RECEPTOR A2A,ADENOSINE RECEPTOR A2A,ADORA2A,ADENOSINE A2A RECEPTOR,INDIRECT,,,,,CAS: 2246607-08-7,C5557477
DB19325,Sofpironium,"Sofpironium is a ""soft"" anticholinergic analog of [glycopyrronium] that has been modified with a readily hydrolyzable ester moiety.[L51109] Soft drugs are designed to reduce systemic toxicity while enhancing local efficacy by employing retrometabolic drug design, in which a molecule contains a metabolically sensitive moiety that promotes rapid metabolism to inactive metabolites after exerting activity at its target site.[A264153] Sofpironium is rapidly converted to a less active metabolite, BBI-4010, after exerting its activity, thereby limiting the incidence and/or severity of systemic anticholinergic effects.[L51108,L51109]

Sofpironium bromide (Sofdra) was approved by the FDA in June 2024 for the topical treatment of primary axillary hyperhidrosis.[L51103,L51108] It has also been available in Japan since 2020 under the brand name Ecclock.[L51103]",small molecule,approved; investigational,Sofpironium bromide is indicated for the treatment of primary axillary hyperhidrosis in patients ≥9 years of age.[L51108],"Binding studies at human muscarinic receptors (M1–M4) and guinea-pig ileum assays have found sofpironium bromide to have potency close to [glycopyrronium] with a shorter duration of action.[L51109] 

Despite its topical application, sofpironium bromide exhibits some degree of systemic absorption that can result in anticholinergic adverse effects like urinary retention and heat illness.[L51108] Patients with conditions that may be exacerbated by anticholinergic agents (e.g. myasthenia gravis, Sjögren’s syndrome) should not use sofpironium bromide, nor should it be used in patients already undergoing treatment with a systemic anticholinergic medication.[L51108]","Sofpironium is a competitive inhibitor of muscarinic acetylcholine receptors are located on certain peripheral tissues, including eccrine sweat glands.[L51108] By inhibiting the activity of these receptors, sofpironium indirectly reduces the rate of sweating in patients with axillary hyperhidrosis.",MUSCARINIC ACETYLCHOLINE RECEPTOR M3; MUSCARINIC ACETYLCHOLINE RECEPTOR,MUSCARINIC ACETYLCHOLINE RECEPTOR M3,CHRM3,CHOLINERGIC RECEPTOR MUSCARINIC 3,INDIRECT,Cytochrome P450 2D6; Cytochrome P450 3A4,Solute carrier family 22 member 1; Solute carrier family 22 member 2; Multidrug and toxin extrusion protein 1,,,CAS: 1628251-49-9,
